backbone,dataset,condition,run_index,ndcg_hm,ndcg_hmt,voi,cap,cap_sq,collision_rate,log_mean_leaf,level_util,log_history_chars,log_review_count,metadata_richness,sid_top1_margin,sid_score_std,candidate_sid_diversity,separation,mean_prefix_overlap,frac_exact_collision,candidate_spread,log_target_leaf_size
7b,amazon,classic,0,0.5,1.0,0.5,7.0,49.0,0.08906334240666958,0.7408754332716758,0.7864583333333334,8.679141958402255,1.9459101490553132,0.65,0.5094872752825419,0.18256684041620377,1.0,2.0,0.10526315789473684,0.0,1.0,1.3862943611198906
7b,amazon,classic,1,0.0,1.0,1.0,7.0,49.0,0.08906334240666958,0.7408754332716758,0.7864583333333334,8.679141958402255,1.9459101490553132,0.6375,0.5146994868914285,0.17616270285214194,1.0,3.0,0.0,0.0,1.0,0.6931471805599453
7b,amazon,classic,2,1.0,1.0,0.0,7.0,49.0,0.08906334240666958,0.7408754332716758,0.7864583333333334,8.679141958402255,1.9459101490553132,0.6375,0.5192127863566081,0.17252620141917685,1.0,3.0,0.0,0.0,1.0,0.6931471805599453
7b,amazon,classic,3,1.0,1.0,0.0,7.0,49.0,0.08906334240666958,0.7408754332716758,0.7864583333333334,9.240384493324559,3.044522437723423,0.6375,0.5084003369013469,0.1925000929880512,1.0,3.0,0.0,0.0,1.0,0.6931471805599453
7b,amazon,classic,4,1.0,1.0,0.0,7.0,49.0,0.08906334240666958,0.7408754332716758,0.7864583333333334,9.240384493324559,3.044522437723423,0.6416666666666666,0.5084054867426555,0.18908132549488768,1.0,3.0,0.0,0.0,1.0,0.6931471805599453
7b,amazon,classic,5,1.0,1.0,0.0,7.0,49.0,0.08906334240666958,0.7408754332716758,0.7864583333333334,9.240384493324559,3.044522437723423,0.6416666666666666,0.49919016758600865,0.19211425960424652,1.0,3.0,0.0,0.0,1.0,1.3862943611198906
7b,amazon,classic,6,1.0,1.0,0.0,7.0,49.0,0.08906334240666958,0.7408754332716758,0.7864583333333334,8.287276755814599,1.9459101490553132,0.6333333333333333,0.5153621892134349,0.17991919712048127,1.0,2.0,0.05263157894736842,0.0,1.0,0.6931471805599453
7b,amazon,classic,7,1.0,1.0,0.0,7.0,49.0,0.08906334240666958,0.7408754332716758,0.7864583333333334,8.287276755814599,1.9459101490553132,0.6083333333333333,0.7458598554134369,0.16959821963337776,1.0,3.0,0.0,0.0,1.0,1.6094379124341003
7b,amazon,classic,8,1.0,1.0,0.0,7.0,49.0,0.08906334240666958,0.7408754332716758,0.7864583333333334,8.287276755814599,1.9459101490553132,0.6458333333333333,0.5047686616579692,0.17581617086582751,1.0,3.0,0.0,0.0,1.0,1.0986122886681096
7b,amazon,classic,9,1.0,1.0,0.0,7.0,49.0,0.08906334240666958,0.7408754332716758,0.7864583333333334,7.951911381854188,1.791759469228055,0.6375,0.49222314755121865,0.1834112726186614,1.0,3.0,0.0,0.0,1.0,1.0986122886681096
7b,amazon,classic,10,1.0,1.0,0.0,7.0,49.0,0.08906334240666958,0.7408754332716758,0.7864583333333334,7.951911381854188,1.791759469228055,0.6291666666666667,0.5240938703219096,0.18062696991384114,1.0,3.0,0.0,0.0,1.0,0.6931471805599453
7b,amazon,classic,11,0.0,1.0,1.0,7.0,49.0,0.08906334240666958,0.7408754332716758,0.7864583333333334,7.951911381854188,1.791759469228055,0.6291666666666667,0.4980902115503947,0.17997249386097589,1.0,3.0,0.0,0.0,1.0,0.6931471805599453
7b,amazon,classic,12,1.0,1.0,0.0,7.0,49.0,0.08906334240666958,0.7408754332716758,0.7864583333333334,8.731981938347694,2.302585092994046,0.6375,0.5246746937433878,0.17629541443955438,1.0,3.0,0.0,0.0,1.0,0.6931471805599453
7b,amazon,classic,13,0.0,0.43067655807339306,0.43067655807339306,7.0,49.0,0.08906334240666958,0.7408754332716758,0.7864583333333334,8.731981938347694,2.302585092994046,0.6291666666666667,0.5190967003504435,0.17299541003065455,1.0,3.0,0.0,0.0,1.0,0.6931471805599453
7b,amazon,classic,14,1.0,1.0,0.0,7.0,49.0,0.08906334240666958,0.7408754332716758,0.7864583333333334,8.731981938347694,2.302585092994046,0.6458333333333333,0.5415567318598429,0.18461030373902768,1.0,3.0,0.0,0.0,1.0,0.6931471805599453
7b,amazon,classic,15,0.6309297535714575,1.0,0.36907024642854247,7.0,49.0,0.08906334240666958,0.7408754332716758,0.7864583333333334,9.841133310789152,3.2188758248682006,0.6291666666666667,0.5074421087900797,0.18288845510974702,1.0,3.0,0.0,0.0,1.0,0.6931471805599453
7b,amazon,classic,16,1.0,1.0,0.0,7.0,49.0,0.08906334240666958,0.7408754332716758,0.7864583333333334,9.841133310789152,3.2188758248682006,0.625,0.004246437549590976,0.11597259603047141,1.0,3.0,0.0,0.0,1.0,0.6931471805599453
7b,amazon,classic,17,0.0,1.0,1.0,7.0,49.0,0.08906334240666958,0.7408754332716758,0.7864583333333334,9.841133310789152,3.2188758248682006,0.6416666666666666,0.5067291955153148,0.18547195045020862,1.0,3.0,0.0,0.0,1.0,0.6931471805599453
7b,amazon,classic,18,1.0,1.0,0.0,7.0,49.0,0.08906334240666958,0.7408754332716758,0.7864583333333334,9.246672301223573,3.332204510175204,0.6416666666666666,0.5062653521696726,0.17446056766585574,1.0,3.0,0.0,0.0,1.0,0.6931471805599453
7b,amazon,classic,19,0.5,0.6309297535714575,0.13092975357145753,7.0,49.0,0.08906334240666958,0.7408754332716758,0.7864583333333334,9.246672301223573,3.332204510175204,0.6375,0.5109919408957164,0.18601234897287056,1.0,2.0,0.05263157894736842,0.0,1.0,0.6931471805599453
7b,amazon,classic,20,1.0,1.0,0.0,7.0,49.0,0.08906334240666958,0.7408754332716758,0.7864583333333334,9.246672301223573,3.332204510175204,0.6541666666666666,0.5088607827822368,0.18489746075366922,1.0,3.0,0.0,0.0,1.0,0.6931471805599453
7b,amazon,classic,21,1.0,1.0,0.0,7.0,49.0,0.08906334240666958,0.7408754332716758,0.7864583333333334,7.43955930913332,1.791759469228055,0.6416666666666666,0.5068132559458415,0.1839061049995265,1.0,3.0,0.0,0.0,1.0,0.6931471805599453
7b,amazon,classic,22,0.6309297535714575,1.0,0.36907024642854247,7.0,49.0,0.08906334240666958,0.7408754332716758,0.7864583333333334,7.43955930913332,1.791759469228055,0.6375,0.5325864235560099,0.1745743702855915,1.0,3.0,0.0,0.0,1.0,0.6931471805599453
7b,amazon,classic,23,0.6309297535714575,1.0,0.36907024642854247,7.0,49.0,0.08906334240666958,0.7408754332716758,0.7864583333333334,7.43955930913332,1.791759469228055,0.6375,0.5111904780069987,0.1832508394533258,1.0,3.0,0.0,0.0,1.0,0.6931471805599453
7b,amazon,classic,24,1.0,1.0,0.0,7.0,49.0,0.08906334240666958,0.7408754332716758,0.7864583333333334,9.309914176872276,2.639057329615259,0.65,0.5075944046179452,0.1861572603969558,1.0,3.0,0.0,0.0,1.0,0.6931471805599453
7b,amazon,classic,25,1.0,1.0,0.0,7.0,49.0,0.08906334240666958,0.7408754332716758,0.7864583333333334,9.309914176872276,2.639057329615259,0.6375,0.49631324807802835,0.1831536108642087,1.0,3.0,0.0,0.0,1.0,0.6931471805599453
7b,amazon,classic,26,1.0,1.0,0.0,7.0,49.0,0.08906334240666958,0.7408754332716758,0.7864583333333334,9.309914176872276,2.639057329615259,0.6291666666666667,0.49959432284037264,0.18420667082691478,1.0,2.0,0.05263157894736842,0.0,1.0,0.6931471805599453
7b,amazon,classic,27,1.0,1.0,0.0,7.0,49.0,0.08906334240666958,0.7408754332716758,0.7864583333333334,8.037543185118697,1.9459101490553132,0.6291666666666667,0.5235679606596628,0.1735144495328687,1.0,3.0,0.0,0.0,1.0,0.6931471805599453
7b,amazon,classic,28,1.0,1.0,0.0,7.0,49.0,0.08906334240666958,0.7408754332716758,0.7864583333333334,8.037543185118697,1.9459101490553132,0.6458333333333333,0.5202277521292368,0.1806514086616443,1.0,2.0,0.05263157894736842,0.0,1.0,1.0986122886681096
7b,amazon,classic,29,1.0,1.0,0.0,7.0,49.0,0.08906334240666958,0.7408754332716758,0.7864583333333334,8.037543185118697,1.9459101490553132,0.65,0.5037229398886363,0.1749418565107579,1.0,3.0,0.0,0.0,1.0,0.6931471805599453
7b,amazon,classic,30,1.0,1.0,0.0,7.0,49.0,0.08906334240666958,0.7408754332716758,0.7864583333333334,7.788211557847076,1.9459101490553132,0.6291666666666667,0.5173856298128763,0.18025676948595218,1.0,3.0,0.0,0.0,1.0,0.6931471805599453
7b,amazon,classic,31,1.0,1.0,0.0,7.0,49.0,0.08906334240666958,0.7408754332716758,0.7864583333333334,7.788211557847076,1.9459101490553132,0.6458333333333333,0.5173988978068033,0.1783287517190922,1.0,3.0,0.0,0.0,1.0,0.6931471805599453
7b,amazon,classic,32,1.0,1.0,0.0,7.0,49.0,0.08906334240666958,0.7408754332716758,0.7864583333333334,7.788211557847076,1.9459101490553132,0.6416666666666666,0.5078015069166819,0.184333633151709,1.0,3.0,0.0,0.0,1.0,0.6931471805599453
7b,amazon,classic,33,1.0,1.0,0.0,7.0,49.0,0.08906334240666958,0.7408754332716758,0.7864583333333334,7.963807953231451,2.1972245773362196,0.6166666666666667,0.5050729850927987,0.17971549174604526,1.0,3.0,0.0,0.0,1.0,0.6931471805599453
7b,amazon,classic,34,1.0,1.0,0.0,7.0,49.0,0.08906334240666958,0.7408754332716758,0.7864583333333334,7.963807953231451,2.1972245773362196,0.6416666666666666,0.5190968076388041,0.1730986606488549,1.0,3.0,0.0,0.0,1.0,0.6931471805599453
7b,amazon,classic,35,1.0,1.0,0.0,7.0,49.0,0.08906334240666958,0.7408754332716758,0.7864583333333334,7.963807953231451,2.1972245773362196,0.65,0.5038093427817025,0.18052828745778732,1.0,3.0,0.0,0.0,1.0,1.0986122886681096
7b,amazon,classic,36,1.0,1.0,0.0,7.0,49.0,0.08906334240666958,0.7408754332716758,0.7864583333333334,7.820840879907344,1.9459101490553132,0.6291666666666667,0.512127963701884,0.17602416264328793,1.0,3.0,0.0,0.0,1.0,1.0986122886681096
7b,amazon,classic,37,1.0,1.0,0.0,7.0,49.0,0.08906334240666958,0.7408754332716758,0.7864583333333334,7.820840879907344,1.9459101490553132,0.6375,0.5089671055475871,0.17389707343328797,1.0,3.0,0.0,0.0,1.0,0.6931471805599453
7b,amazon,classic,38,0.0,0.0,0.0,7.0,49.0,0.08906334240666958,0.7408754332716758,0.7864583333333334,7.820840879907344,1.9459101490553132,0.6458333333333333,0.7437767267227173,0.16765808542414165,1.0,3.0,0.0,0.0,1.0,0.6931471805599453
7b,amazon,classic,39,0.6309297535714575,1.0,0.36907024642854247,7.0,49.0,0.08906334240666958,0.7408754332716758,0.7864583333333334,8.206037762778815,1.9459101490553132,0.6208333333333333,0.5174182454744976,0.18736621946562182,1.0,2.0,0.05263157894736842,0.0,1.0,0.6931471805599453
7b,amazon,classic,40,1.0,0.6309297535714575,-0.36907024642854247,7.0,49.0,0.08906334240666958,0.7408754332716758,0.7864583333333334,8.206037762778815,1.9459101490553132,0.625,0.5190037171045939,0.1797177979283992,1.0,3.0,0.0,0.0,1.0,0.6931471805599453
7b,amazon,classic,41,1.0,1.0,0.0,7.0,49.0,0.08906334240666958,0.7408754332716758,0.7864583333333334,8.206037762778815,1.9459101490553132,0.6375,0.5248906830946605,0.18312345840923622,1.0,2.0,0.05263157894736842,0.0,1.0,0.6931471805599453
7b,amazon,classic,42,1.0,1.0,0.0,7.0,49.0,0.08906334240666958,0.7408754332716758,0.7864583333333334,8.855092980028635,1.9459101490553132,0.6333333333333333,0.733706033229828,0.1652077706180399,1.0,3.0,0.0,0.0,1.0,0.6931471805599453
7b,amazon,classic,43,1.0,1.0,0.0,7.0,49.0,0.08906334240666958,0.7408754332716758,0.7864583333333334,8.855092980028635,1.9459101490553132,0.625,0.5059503356615701,0.17541265954264945,1.0,3.0,0.0,0.0,1.0,0.6931471805599453
7b,amazon,classic,44,0.0,0.0,0.0,7.0,49.0,0.08906334240666958,0.7408754332716758,0.7864583333333334,8.855092980028635,1.9459101490553132,0.6208333333333333,0.5283486227194468,0.18039321977694622,1.0,3.0,0.0,0.0,1.0,0.6931471805599453
7b,amazon,classic,45,1.0,1.0,0.0,7.0,49.0,0.08906334240666958,0.7408754332716758,0.7864583333333334,7.820037989458753,1.791759469228055,0.6416666666666666,0.5424372653166454,0.17146487971532356,1.0,3.0,0.0,0.0,1.0,0.6931471805599453
7b,amazon,classic,46,0.0,1.0,1.0,7.0,49.0,0.08906334240666958,0.7408754332716758,0.7864583333333334,7.820037989458753,1.791759469228055,0.6375,0.5127606610457103,0.1734401923745942,1.0,3.0,0.0,0.0,1.0,0.6931471805599453
7b,amazon,classic,47,0.6309297535714575,1.0,0.36907024642854247,7.0,49.0,0.08906334240666958,0.7408754332716758,0.7864583333333334,7.820037989458753,1.791759469228055,0.6416666666666666,0.7373067378997802,0.16884680271492153,1.0,3.0,0.0,0.0,1.0,1.0986122886681096
7b,amazon,classic,48,1.0,1.0,0.0,7.0,49.0,0.08906334240666958,0.7408754332716758,0.7864583333333334,8.977398978181862,2.302585092994046,0.6416666666666666,0.528617916504542,0.17549040739007007,1.0,3.0,0.0,0.0,1.0,0.6931471805599453
7b,amazon,classic,49,1.0,1.0,0.0,7.0,49.0,0.08906334240666958,0.7408754332716758,0.7864583333333334,8.977398978181862,2.302585092994046,0.6583333333333333,0.5017666618029276,0.1790624009574163,1.0,3.0,0.0,0.0,1.0,0.6931471805599453
7b,amazon,classic,50,1.0,1.0,0.0,7.0,49.0,0.08906334240666958,0.7408754332716758,0.7864583333333334,8.977398978181862,2.302585092994046,0.625,0.5367980281511942,0.17836833499935045,1.0,3.0,0.0,0.0,1.0,0.6931471805599453
7b,amazon,classic,51,0.0,1.0,1.0,7.0,49.0,0.08906334240666958,0.7408754332716758,0.7864583333333334,8.298290634359283,1.791759469228055,0.625,0.53438627521197,0.18804195741888843,1.0,2.0,0.05263157894736842,0.0,1.0,0.6931471805599453
7b,amazon,classic,52,0.6309297535714575,1.0,0.36907024642854247,7.0,49.0,0.08906334240666958,0.7408754332716758,0.7864583333333334,8.298290634359283,1.791759469228055,0.6166666666666667,0.5436237672964732,0.18372747118130947,1.0,3.0,0.0,0.0,1.0,0.6931471805599453
7b,amazon,classic,53,1.0,1.0,0.0,7.0,49.0,0.08906334240666958,0.7408754332716758,0.7864583333333334,8.298290634359283,1.791759469228055,0.6416666666666666,0.5195498327414195,0.18989134649437742,1.0,3.0,0.0,0.0,1.0,0.6931471805599453
7b,amazon,classic,54,1.0,1.0,0.0,7.0,49.0,0.08906334240666958,0.7408754332716758,0.7864583333333334,8.683724062303869,1.9459101490553132,0.6333333333333333,0.5121110479036965,0.18310430135923964,1.0,3.0,0.0,0.0,1.0,0.6931471805599453
7b,amazon,classic,55,1.0,1.0,0.0,7.0,49.0,0.08906334240666958,0.7408754332716758,0.7864583333333334,8.683724062303869,1.9459101490553132,0.6458333333333333,0.5175429860750833,0.17886133478159938,1.0,3.0,0.0,0.0,1.0,0.6931471805599453
7b,amazon,classic,56,1.0,1.0,0.0,7.0,49.0,0.08906334240666958,0.7408754332716758,0.7864583333333334,8.683724062303869,1.9459101490553132,0.6291666666666667,0.5187720278898875,0.18569268446414375,1.0,3.0,0.0,0.0,1.0,0.6931471805599453
7b,amazon,classic,57,0.6309297535714575,0.6309297535714575,0.0,7.0,49.0,0.08906334240666958,0.7408754332716758,0.7864583333333334,7.597396320212795,1.791759469228055,0.6333333333333333,0.5134009758631387,0.17645863786916682,1.0,3.0,0.0,0.0,1.0,0.6931471805599453
7b,amazon,classic,58,0.6309297535714575,1.0,0.36907024642854247,7.0,49.0,0.08906334240666958,0.7408754332716758,0.7864583333333334,7.597396320212795,1.791759469228055,0.6291666666666667,0.7461762309074402,0.17554665217185156,1.0,3.0,0.0,0.0,1.0,0.6931471805599453
7b,amazon,classic,59,1.0,1.0,0.0,7.0,49.0,0.08906334240666958,0.7408754332716758,0.7864583333333334,7.597396320212795,1.791759469228055,0.6375,0.7450835883617402,0.16937997809658015,1.0,3.0,0.0,0.0,1.0,0.6931471805599453
7b,amazon,classic,60,1.0,1.0,0.0,7.0,49.0,0.08906334240666958,0.7408754332716758,0.7864583333333334,8.696510239189893,2.0794415416798357,0.6333333333333333,0.505098251501719,0.17564690422808082,1.0,3.0,0.0,0.0,1.0,1.0986122886681096
7b,amazon,classic,61,0.38685280723454163,1.0,0.6131471927654584,7.0,49.0,0.08906334240666958,0.7408754332716758,0.7864583333333334,8.696510239189893,2.0794415416798357,0.625,0.739516806602478,0.16763290668794165,1.0,3.0,0.0,0.0,1.0,0.6931471805599453
7b,amazon,classic,62,0.6309297535714575,1.0,0.36907024642854247,7.0,49.0,0.08906334240666958,0.7408754332716758,0.7864583333333334,8.696510239189893,2.0794415416798357,0.6458333333333333,0.503331838051478,0.17991842627338175,1.0,2.0,0.10526315789473684,0.0,1.0,0.6931471805599453
7b,amazon,classic,63,1.0,1.0,0.0,7.0,49.0,0.08906334240666958,0.7408754332716758,0.7864583333333334,8.857657449306988,2.3978952727983707,0.6333333333333333,0.5069001952807108,0.178993062870263,1.0,3.0,0.0,0.0,1.0,0.6931471805599453
7b,amazon,classic,64,0.38685280723454163,0.6309297535714575,0.2440769463369159,7.0,49.0,0.08906334240666958,0.7408754332716758,0.7864583333333334,8.857657449306988,2.3978952727983707,0.6416666666666666,0.5048406879107157,0.18598500794685993,1.0,2.0,0.05263157894736842,0.0,1.0,0.6931471805599453
7b,amazon,classic,65,1.0,1.0,0.0,7.0,49.0,0.08906334240666958,0.7408754332716758,0.7864583333333334,8.857657449306988,2.3978952727983707,0.6416666666666666,0.5146226505438487,0.1765233548333021,1.0,3.0,0.0,0.0,1.0,0.6931471805599453
7b,amazon,classic,66,0.6309297535714575,0.0,-0.6309297535714575,7.0,49.0,0.08906334240666958,0.7408754332716758,0.7864583333333334,8.423321975806166,1.9459101490553132,0.6416666666666666,0.7475379347801209,0.16660004923574265,1.0,3.0,0.0,0.0,1.0,0.6931471805599453
7b,amazon,classic,67,0.43067655807339306,0.6309297535714575,0.20025319549806447,7.0,49.0,0.08906334240666958,0.7408754332716758,0.7864583333333334,8.423321975806166,1.9459101490553132,0.6416666666666666,0.5227151075998943,0.17137961182686287,1.0,3.0,0.0,0.0,1.0,0.6931471805599453
7b,amazon,classic,68,1.0,1.0,0.0,7.0,49.0,0.08906334240666958,0.7408754332716758,0.7864583333333334,8.423321975806166,1.9459101490553132,0.6416666666666666,0.7312205016613007,0.16729440845177107,1.0,3.0,0.0,0.0,1.0,0.6931471805599453
7b,amazon,classic,69,1.0,1.0,0.0,7.0,49.0,0.08906334240666958,0.7408754332716758,0.7864583333333334,8.402231172946555,2.5649493574615367,0.6416666666666666,0.5173134426275889,0.18295711953063956,1.0,3.0,0.0,0.0,1.0,0.6931471805599453
7b,amazon,classic,70,0.6309297535714575,1.0,0.36907024642854247,7.0,49.0,0.08906334240666958,0.7408754332716758,0.7864583333333334,8.402231172946555,2.5649493574615367,0.6375,0.5192858139673868,0.17289642219650544,1.0,3.0,0.0,0.0,1.0,0.6931471805599453
7b,amazon,classic,71,1.0,1.0,0.0,7.0,49.0,0.08906334240666958,0.7408754332716758,0.7864583333333334,8.402231172946555,2.5649493574615367,0.6375,0.516929171482722,0.18039319252458974,1.0,2.0,0.05263157894736842,0.0,1.0,0.6931471805599453
7b,amazon,classic,72,1.0,1.0,0.0,7.0,49.0,0.08906334240666958,0.7408754332716758,0.7864583333333334,8.22121009392507,1.791759469228055,0.6333333333333333,0.5153888324896494,0.18035457543082725,1.0,3.0,0.0,0.0,1.0,0.6931471805599453
7b,amazon,classic,73,1.0,1.0,0.0,7.0,49.0,0.08906334240666958,0.7408754332716758,0.7864583333333334,8.22121009392507,1.791759469228055,0.6416666666666666,0.2840608616669972,0.20494891126532108,1.0,3.0,0.0,0.0,1.0,0.6931471805599453
7b,amazon,classic,74,1.0,1.0,0.0,7.0,49.0,0.08906334240666958,0.7408754332716758,0.7864583333333334,8.22121009392507,1.791759469228055,0.6458333333333333,0.5221613923708598,0.18231719283237235,1.0,3.0,0.0,0.0,1.0,0.6931471805599453
7b,amazon,classic,75,0.0,0.5,0.5,7.0,49.0,0.08906334240666958,0.7408754332716758,0.7864583333333334,7.612336837167746,1.9459101490553132,0.6333333333333333,0.74978067278862,0.16955629148445758,1.0,3.0,0.0,0.0,1.0,1.0986122886681096
7b,amazon,classic,76,1.0,1.0,0.0,7.0,49.0,0.08906334240666958,0.7408754332716758,0.7864583333333334,7.612336837167746,1.9459101490553132,0.625,0.5086028973261514,0.1824862298383166,1.0,2.0,0.05263157894736842,0.0,1.0,0.6931471805599453
7b,amazon,classic,77,1.0,1.0,0.0,7.0,49.0,0.08906334240666958,0.7408754332716758,0.7864583333333334,7.612336837167746,1.9459101490553132,0.6416666666666666,0.5091971854368846,0.17617108013578664,1.0,3.0,0.0,0.0,1.0,0.6931471805599453
7b,amazon,classic,78,1.0,1.0,0.0,7.0,49.0,0.08906334240666958,0.7408754332716758,0.7864583333333334,8.554488976159934,2.3978952727983707,0.6416666666666666,0.5054781953493753,0.17634409378168653,1.0,3.0,0.0,0.0,1.0,0.6931471805599453
7b,amazon,classic,79,1.0,1.0,0.0,7.0,49.0,0.08906334240666958,0.7408754332716758,0.7864583333333334,8.554488976159934,2.3978952727983707,0.6458333333333333,0.5027724186579386,0.18271795642874816,1.0,3.0,0.0,0.0,1.0,0.6931471805599453
7b,amazon,classic,80,0.0,0.5,0.5,7.0,49.0,0.08906334240666958,0.7408754332716758,0.7864583333333334,8.554488976159934,2.3978952727983707,0.6416666666666666,0.4996949950853983,0.18385800867906896,1.0,3.0,0.0,0.0,1.0,0.6931471805599453
7b,amazon,classic,81,1.0,1.0,0.0,7.0,49.0,0.08906334240666958,0.7408754332716758,0.7864583333333334,9.101083386039234,2.833213344056216,0.625,0.5064530173937479,0.18192764963531113,1.0,3.0,0.0,0.0,1.0,0.6931471805599453
7b,amazon,classic,82,1.0,1.0,0.0,7.0,49.0,0.08906334240666958,0.7408754332716758,0.7864583333333334,9.101083386039234,2.833213344056216,0.65,0.512469498316447,0.18566757493149016,1.0,3.0,0.0,0.0,1.0,0.6931471805599453
7b,amazon,classic,83,1.0,1.0,0.0,7.0,49.0,0.08906334240666958,0.7408754332716758,0.7864583333333334,9.101083386039234,2.833213344056216,0.6416666666666666,0.5050010124842326,0.18263885476271183,1.0,3.0,0.0,0.0,1.0,1.0986122886681096
7b,amazon,classic,84,1.0,1.0,0.0,7.0,49.0,0.08906334240666958,0.7408754332716758,0.7864583333333334,8.241966560231802,2.4849066497880004,0.6333333333333333,0.4930173675219217,0.18169221327457963,1.0,3.0,0.0,0.0,1.0,0.6931471805599453
7b,amazon,classic,85,0.0,1.0,1.0,7.0,49.0,0.08906334240666958,0.7408754332716758,0.7864583333333334,8.241966560231802,2.4849066497880004,0.625,0.5149630943934123,0.18006409777957014,1.0,2.0,0.05263157894736842,0.0,1.0,0.6931471805599453
7b,amazon,classic,86,0.0,1.0,1.0,7.0,49.0,0.08906334240666958,0.7408754332716758,0.7864583333333334,8.241966560231802,2.4849066497880004,0.6416666666666666,0.5093400756518046,0.18481968067806182,1.0,3.0,0.0,0.0,1.0,1.0986122886681096
7b,amazon,classic,87,1.0,1.0,0.0,7.0,49.0,0.08906334240666958,0.7408754332716758,0.7864583333333334,8.885440911707585,2.302585092994046,0.6416666666666666,0.5609604756037394,0.17022783170477798,1.0,3.0,0.0,0.0,1.0,0.6931471805599453
7b,amazon,classic,88,1.0,1.0,0.0,7.0,49.0,0.08906334240666958,0.7408754332716758,0.7864583333333334,8.885440911707585,2.302585092994046,0.625,0.4947118262449899,0.18079608558249374,1.0,3.0,0.0,0.0,1.0,0.6931471805599453
7b,amazon,classic,89,1.0,1.0,0.0,7.0,49.0,0.08906334240666958,0.7408754332716758,0.7864583333333334,8.885440911707585,2.302585092994046,0.65,0.5116535703341165,0.18016404486906276,1.0,2.0,0.05263157894736842,0.0,1.0,0.6931471805599453
7b,amazon,classic,90,0.6309297535714575,1.0,0.36907024642854247,7.0,49.0,0.08906334240666958,0.7408754332716758,0.7864583333333334,8.171599480345463,2.1972245773362196,0.6416666666666666,0.5095701018969219,0.18857450768873374,1.0,3.0,0.0,0.0,1.0,0.6931471805599453
7b,amazon,classic,91,1.0,1.0,0.0,7.0,49.0,0.08906334240666958,0.7408754332716758,0.7864583333333334,8.171599480345463,2.1972245773362196,0.625,0.5120998005072276,0.18596194091166052,1.0,3.0,0.0,0.0,1.0,0.6931471805599453
7b,amazon,classic,92,0.0,1.0,1.0,7.0,49.0,0.08906334240666958,0.7408754332716758,0.7864583333333334,8.171599480345463,2.1972245773362196,0.6375,0.5143343309561411,0.17714954053301507,1.0,3.0,0.0,0.0,1.0,0.6931471805599453
7b,amazon,classic,93,1.0,1.0,0.0,7.0,49.0,0.08906334240666958,0.7408754332716758,0.7864583333333334,9.1235835080499,2.4849066497880004,0.6416666666666666,0.5237124601999918,0.17777525223443177,1.0,3.0,0.0,0.0,1.0,0.6931471805599453
7b,amazon,classic,94,1.0,1.0,0.0,7.0,49.0,0.08906334240666958,0.7408754332716758,0.7864583333333334,9.1235835080499,2.4849066497880004,0.6458333333333333,0.5189975480238596,0.17108498020158266,1.0,3.0,0.0,0.0,1.0,0.6931471805599453
7b,amazon,classic,95,0.0,0.0,0.0,7.0,49.0,0.08906334240666958,0.7408754332716758,0.7864583333333334,9.1235835080499,2.4849066497880004,0.6541666666666666,0.515652851263682,0.18425665406958547,1.0,2.0,0.05263157894736842,0.0,1.0,0.6931471805599453
7b,amazon,classic,96,1.0,1.0,0.0,7.0,49.0,0.08906334240666958,0.7408754332716758,0.7864583333333334,7.455876687491824,1.791759469228055,0.65,0.5167930404345193,0.1883224040314118,1.0,3.0,0.0,0.0,1.0,1.0986122886681096
7b,amazon,classic,97,0.6309297535714575,1.0,0.36907024642854247,7.0,49.0,0.08906334240666958,0.7408754332716758,0.7864583333333334,7.455876687491824,1.791759469228055,0.6416666666666666,0.5280311385790507,0.1901471225814503,1.0,2.0,0.10526315789473684,0.0,1.0,0.6931471805599453
7b,amazon,classic,98,0.5,1.0,0.5,7.0,49.0,0.08906334240666958,0.7408754332716758,0.7864583333333334,7.455876687491824,1.791759469228055,0.6458333333333333,0.5154903630415599,0.18518079179093622,1.0,3.0,0.0,0.0,1.0,0.6931471805599453
7b,amazon,classic,99,0.0,0.43067655807339306,0.43067655807339306,7.0,49.0,0.08906334240666958,0.7408754332716758,0.7864583333333334,8.621733370690162,1.9459101490553132,0.625,0.519359181324641,0.17619602949734017,1.0,3.0,0.0,0.0,1.0,0.6931471805599453
7b,amazon,classic,100,0.6309297535714575,1.0,0.36907024642854247,7.0,49.0,0.08906334240666958,0.7408754332716758,0.7864583333333334,8.621733370690162,1.9459101490553132,0.6416666666666666,0.5208045879999796,0.18005551362529604,1.0,3.0,0.0,0.0,1.0,0.6931471805599453
7b,amazon,classic,101,1.0,1.0,0.0,7.0,49.0,0.08906334240666958,0.7408754332716758,0.7864583333333334,8.621733370690162,1.9459101490553132,0.625,0.517056934038798,0.1838353901977127,1.0,3.0,0.0,0.0,1.0,0.6931471805599453
7b,amazon,classic,102,0.0,1.0,1.0,7.0,49.0,0.08906334240666958,0.7408754332716758,0.7864583333333334,7.932721027481948,1.9459101490553132,0.6458333333333333,0.5062537292639414,0.18907597669398996,1.0,3.0,0.0,0.0,1.0,1.0986122886681096
7b,amazon,classic,103,0.5,0.5,0.0,7.0,49.0,0.08906334240666958,0.7408754332716758,0.7864583333333334,7.932721027481948,1.9459101490553132,0.6375,0.5113950232664745,0.18791117719151218,1.0,3.0,0.0,0.0,1.0,0.6931471805599453
7b,amazon,classic,104,0.6309297535714575,1.0,0.36907024642854247,7.0,49.0,0.08906334240666958,0.7408754332716758,0.7864583333333334,7.932721027481948,1.9459101490553132,0.6416666666666666,0.2907612522443135,0.2009790761933628,1.0,3.0,0.0,0.0,1.0,1.791759469228055
7b,amazon,classic,105,1.0,1.0,0.0,7.0,49.0,0.08906334240666958,0.7408754332716758,0.7864583333333334,8.837681215593197,1.791759469228055,0.6375,0.7377835810184479,0.16873934563512094,1.0,3.0,0.0,0.0,1.0,0.6931471805599453
7b,amazon,classic,106,0.5,1.0,0.5,7.0,49.0,0.08906334240666958,0.7408754332716758,0.7864583333333334,8.837681215593197,1.791759469228055,0.6416666666666666,0.5337984601656595,0.182762235775507,1.0,3.0,0.0,0.0,1.0,0.6931471805599453
7b,amazon,classic,107,1.0,1.0,0.0,7.0,49.0,0.08906334240666958,0.7408754332716758,0.7864583333333334,8.837681215593197,1.791759469228055,0.6333333333333333,0.5498718837896982,0.17595748781020465,1.0,3.0,0.0,0.0,1.0,0.6931471805599453
7b,amazon,classic,108,1.0,1.0,0.0,7.0,49.0,0.08906334240666958,0.7408754332716758,0.7864583333333334,8.56216655705897,1.791759469228055,0.6375,0.5066283623377482,0.1818185462719594,1.0,3.0,0.0,0.0,1.0,0.6931471805599453
7b,amazon,classic,109,0.43067655807339306,1.0,0.5693234419266069,7.0,49.0,0.08906334240666958,0.7408754332716758,0.7864583333333334,8.56216655705897,1.791759469228055,0.625,0.512365965048472,0.1822895483705227,1.0,3.0,0.0,0.0,1.0,1.0986122886681096
7b,amazon,classic,110,1.0,1.0,0.0,7.0,49.0,0.08906334240666958,0.7408754332716758,0.7864583333333334,8.56216655705897,1.791759469228055,0.6291666666666667,0.5406083206335703,0.17107572308507135,1.0,3.0,0.0,0.0,1.0,0.6931471805599453
7b,amazon,classic,111,1.0,1.0,0.0,7.0,49.0,0.08906334240666958,0.7408754332716758,0.7864583333333334,9.328567753340833,1.791759469228055,0.6541666666666666,0.5121282140413921,0.17489706337073602,1.0,3.0,0.0,0.0,1.0,0.6931471805599453
7b,amazon,classic,112,0.0,0.0,0.0,7.0,49.0,0.08906334240666958,0.7408754332716758,0.7864583333333334,9.328567753340833,1.791759469228055,0.625,0.5590929249922434,0.1749374912875673,1.0,3.0,0.0,0.0,1.0,0.6931471805599453
7b,amazon,classic,113,0.0,1.0,1.0,7.0,49.0,0.08906334240666958,0.7408754332716758,0.7864583333333334,9.328567753340833,1.791759469228055,0.6416666666666666,0.4965143422285716,0.18826603520457943,1.0,3.0,0.0,0.0,1.0,0.6931471805599453
7b,amazon,classic,114,0.6309297535714575,0.6309297535714575,0.0,7.0,49.0,0.08906334240666958,0.7408754332716758,0.7864583333333334,9.445412494155667,2.3978952727983707,0.6541666666666666,0.4976743618647258,0.18429019492997567,1.0,3.0,0.0,0.0,1.0,0.6931471805599453
7b,amazon,classic,115,0.6309297535714575,0.6309297535714575,0.0,7.0,49.0,0.08906334240666958,0.7408754332716758,0.7864583333333334,9.445412494155667,2.3978952727983707,0.6458333333333333,0.2714832146962485,0.20099370029152724,1.0,2.0,0.05263157894736842,0.0,1.0,0.6931471805599453
7b,amazon,classic,116,1.0,1.0,0.0,7.0,49.0,0.08906334240666958,0.7408754332716758,0.7864583333333334,9.445412494155667,2.3978952727983707,0.6333333333333333,0.506086109081904,0.17753502859008732,1.0,2.0,0.05263157894736842,0.0,1.0,0.6931471805599453
7b,amazon,classic,117,0.6309297535714575,1.0,0.36907024642854247,7.0,49.0,0.08906334240666958,0.7408754332716758,0.7864583333333334,7.627544390488503,1.791759469228055,0.6416666666666666,0.5227858106295267,0.1791399420591297,1.0,3.0,0.0,0.0,1.0,0.6931471805599453
7b,amazon,classic,118,1.0,1.0,0.0,7.0,49.0,0.08906334240666958,0.7408754332716758,0.7864583333333334,7.627544390488503,1.791759469228055,0.6416666666666666,0.2790762623151143,0.1972551683767278,1.0,3.0,0.0,0.0,1.0,0.6931471805599453
7b,amazon,classic,119,1.0,1.0,0.0,7.0,49.0,0.08906334240666958,0.7408754332716758,0.7864583333333334,7.627544390488503,1.791759469228055,0.6458333333333333,0.7402794480323791,0.16748449526201112,1.0,3.0,0.0,0.0,1.0,0.6931471805599453
7b,amazon,classic,120,1.0,1.0,0.0,7.0,49.0,0.08906334240666958,0.7408754332716758,0.7864583333333334,7.564757012905729,1.791759469228055,0.6291666666666667,0.554642782608668,0.1745534595081744,1.0,3.0,0.0,0.0,1.0,0.6931471805599453
7b,amazon,classic,121,1.0,1.0,0.0,7.0,49.0,0.08906334240666958,0.7408754332716758,0.7864583333333334,7.564757012905729,1.791759469228055,0.6416666666666666,0.5284621159235635,0.17261229024642205,1.0,3.0,0.0,0.0,1.0,0.6931471805599453
7b,amazon,classic,122,0.5,0.6309297535714575,0.13092975357145753,7.0,49.0,0.08906334240666958,0.7408754332716758,0.7864583333333334,7.564757012905729,1.791759469228055,0.6458333333333333,0.5364921311537425,0.17306792152257414,1.0,2.0,0.05263157894736842,0.0,1.0,0.6931471805599453
7b,amazon,classic,123,0.0,1.0,1.0,7.0,49.0,0.08906334240666958,0.7408754332716758,0.7864583333333334,9.02977726819709,2.1972245773362196,0.6291666666666667,0.5137803653875985,0.180847889577837,1.0,3.0,0.0,0.0,1.0,0.6931471805599453
7b,amazon,classic,124,1.0,1.0,0.0,7.0,49.0,0.08906334240666958,0.7408754332716758,0.7864583333333334,9.02977726819709,2.1972245773362196,0.6375,0.5791934887568155,0.16908977630744473,1.0,3.0,0.0,0.0,1.0,1.0986122886681096
7b,amazon,classic,125,0.5,1.0,0.5,7.0,49.0,0.08906334240666958,0.7408754332716758,0.7864583333333334,9.02977726819709,2.1972245773362196,0.6333333333333333,0.54336625734965,0.1703274309790069,1.0,3.0,0.0,0.0,1.0,1.3862943611198906
7b,amazon,classic,126,1.0,1.0,0.0,7.0,49.0,0.08906334240666958,0.7408754332716758,0.7864583333333334,8.143226750367443,2.302585092994046,0.6375,0.509550432364146,0.19131128318941384,1.0,3.0,0.0,0.0,1.0,0.6931471805599453
7b,amazon,classic,127,0.0,0.6309297535714575,0.6309297535714575,7.0,49.0,0.08906334240666958,0.7408754332716758,0.7864583333333334,8.143226750367443,2.302585092994046,0.6458333333333333,0.5229543964068094,0.1779905770016674,1.0,3.0,0.0,0.0,1.0,0.6931471805599453
7b,amazon,classic,128,1.0,1.0,0.0,7.0,49.0,0.08906334240666958,0.7408754332716758,0.7864583333333334,8.143226750367443,2.302585092994046,0.6375,0.2987748523553213,0.1996658188988627,1.0,2.0,0.05263157894736842,0.0,1.0,1.0986122886681096
7b,amazon,classic,129,1.0,1.0,0.0,7.0,49.0,0.08906334240666958,0.7408754332716758,0.7864583333333334,8.0323601479245,2.1972245773362196,0.65,0.5091846863428752,0.17790370920577275,1.0,3.0,0.0,0.0,1.0,1.0986122886681096
7b,amazon,classic,130,1.0,1.0,0.0,7.0,49.0,0.08906334240666958,0.7408754332716758,0.7864583333333334,8.0323601479245,2.1972245773362196,0.6583333333333333,0.7408645451068877,0.16607037824167603,1.0,3.0,0.0,0.0,1.0,0.6931471805599453
7b,amazon,classic,131,1.0,1.0,0.0,7.0,49.0,0.08906334240666958,0.7408754332716758,0.7864583333333334,8.0323601479245,2.1972245773362196,0.6375,0.5256504992643991,0.17371666242127534,1.0,3.0,0.0,0.0,1.0,0.6931471805599453
7b,amazon,classic,132,1.0,1.0,0.0,7.0,49.0,0.08906334240666958,0.7408754332716758,0.7864583333333334,7.494430215031565,1.791759469228055,0.6333333333333333,0.5318552891413371,0.17394829227243977,1.0,3.0,0.0,0.0,1.0,0.6931471805599453
7b,amazon,classic,133,0.6309297535714575,0.6309297535714575,0.0,7.0,49.0,0.08906334240666958,0.7408754332716758,0.7864583333333334,7.494430215031565,1.791759469228055,0.6416666666666666,0.49327886501948026,0.18979734177571064,1.0,3.0,0.0,0.0,1.0,0.6931471805599453
7b,amazon,classic,134,1.0,1.0,0.0,7.0,49.0,0.08906334240666958,0.7408754332716758,0.7864583333333334,7.494430215031565,1.791759469228055,0.65,0.5016477326552072,0.1804831515314456,1.0,2.0,0.05263157894736842,0.0,1.0,0.6931471805599453
7b,amazon,classic,135,1.0,1.0,0.0,7.0,49.0,0.08906334240666958,0.7408754332716758,0.7864583333333334,8.021912778985708,1.791759469228055,0.6375,0.7490947246551513,0.17050628626160538,1.0,3.0,0.0,0.0,1.0,0.6931471805599453
7b,amazon,classic,136,1.0,1.0,0.0,7.0,49.0,0.08906334240666958,0.7408754332716758,0.7864583333333334,8.021912778985708,1.791759469228055,0.65,0.5095207492510477,0.18883513123987114,1.0,3.0,0.0,0.0,1.0,1.0986122886681096
7b,amazon,classic,137,0.6309297535714575,1.0,0.36907024642854247,7.0,49.0,0.08906334240666958,0.7408754332716758,0.7864583333333334,8.021912778985708,1.791759469228055,0.6583333333333333,0.7403412818908691,0.16765696601432528,1.0,3.0,0.0,0.0,1.0,0.6931471805599453
7b,amazon,classic,138,1.0,1.0,0.0,7.0,49.0,0.08906334240666958,0.7408754332716758,0.7864583333333334,8.45531778769815,2.5649493574615367,0.6208333333333333,0.4986762742201487,0.1810145810257245,1.0,3.0,0.0,0.0,1.0,0.6931471805599453
7b,amazon,classic,139,1.0,1.0,0.0,7.0,49.0,0.08906334240666958,0.7408754332716758,0.7864583333333334,8.45531778769815,2.5649493574615367,0.625,0.5135242859522502,0.17249363527477043,1.0,3.0,0.0,0.0,1.0,0.6931471805599453
7b,amazon,classic,140,1.0,1.0,0.0,7.0,49.0,0.08906334240666958,0.7408754332716758,0.7864583333333334,8.45531778769815,2.5649493574615367,0.6333333333333333,0.5051009158293407,0.17659681119419815,1.0,3.0,0.0,0.0,1.0,0.6931471805599453
7b,amazon,classic,141,1.0,1.0,0.0,7.0,49.0,0.08906334240666958,0.7408754332716758,0.7864583333333334,8.82217476094608,2.995732273553991,0.6541666666666666,0.48218962947527566,0.18314639980572897,1.0,3.0,0.0,0.0,1.0,1.9459101490553132
7b,amazon,classic,142,1.0,1.0,0.0,7.0,49.0,0.08906334240666958,0.7408754332716758,0.7864583333333334,8.82217476094608,2.995732273553991,0.625,0.4988966623942057,0.18375171357109765,1.0,3.0,0.0,0.0,1.0,0.6931471805599453
7b,amazon,classic,143,1.0,1.0,0.0,7.0,49.0,0.08906334240666958,0.7408754332716758,0.7864583333333334,8.82217476094608,2.995732273553991,0.6458333333333333,0.5039108912150065,0.18847015189285807,1.0,3.0,0.0,0.0,1.0,0.6931471805599453
7b,amazon,classic,144,1.0,1.0,0.0,7.0,49.0,0.08906334240666958,0.7408754332716758,0.7864583333333334,8.107418811719974,1.9459101490553132,0.6291666666666667,0.518977055946986,0.18433489663272085,1.0,3.0,0.0,0.0,1.0,0.6931471805599453
7b,amazon,classic,145,1.0,1.0,0.0,7.0,49.0,0.08906334240666958,0.7408754332716758,0.7864583333333334,8.107418811719974,1.9459101490553132,0.6333333333333333,0.5123350302378336,0.17855041184197054,1.0,3.0,0.0,0.0,1.0,0.6931471805599453
7b,amazon,classic,146,1.0,1.0,0.0,7.0,49.0,0.08906334240666958,0.7408754332716758,0.7864583333333334,8.107418811719974,1.9459101490553132,0.6208333333333333,0.5219424347082773,0.18012127469655842,1.0,3.0,0.0,0.0,1.0,0.6931471805599453
7b,amazon,classic,147,0.6309297535714575,1.0,0.36907024642854247,7.0,49.0,0.08906334240666958,0.7408754332716758,0.7864583333333334,8.230843564198235,2.1972245773362196,0.6416666666666666,0.5043889681498209,0.18894950002491362,1.0,3.0,0.0,0.0,1.0,0.6931471805599453
7b,amazon,classic,148,0.6309297535714575,1.0,0.36907024642854247,7.0,49.0,0.08906334240666958,0.7408754332716758,0.7864583333333334,8.230843564198235,2.1972245773362196,0.6458333333333333,0.5135360161463418,0.17947240430452868,1.0,3.0,0.0,0.0,1.0,0.6931471805599453
7b,amazon,classic,149,1.0,1.0,0.0,7.0,49.0,0.08906334240666958,0.7408754332716758,0.7864583333333334,8.230843564198235,2.1972245773362196,0.6333333333333333,0.5358330229918161,0.17197758092140508,1.0,3.0,0.0,0.0,1.0,0.6931471805599453
7b,amazon,classic,150,0.0,0.0,0.0,7.0,49.0,0.08906334240666958,0.7408754332716758,0.7864583333333334,7.937731775260109,1.9459101490553132,0.625,0.5080304602781931,0.1786843664628196,1.0,3.0,0.0,0.0,1.0,0.6931471805599453
7b,amazon,classic,151,1.0,1.0,0.0,7.0,49.0,0.08906334240666958,0.7408754332716758,0.7864583333333334,7.937731775260109,1.9459101490553132,0.6416666666666666,0.5021663288275401,0.1852138782887346,1.0,3.0,0.0,0.0,1.0,0.6931471805599453
7b,amazon,classic,152,1.0,1.0,0.0,7.0,49.0,0.08906334240666958,0.7408754332716758,0.7864583333333334,7.937731775260109,1.9459101490553132,0.6291666666666667,0.5138929824034373,0.17978718087812606,1.0,3.0,0.0,0.0,1.0,1.0986122886681096
7b,amazon,classic,153,1.0,1.0,0.0,7.0,49.0,0.08906334240666958,0.7408754332716758,0.7864583333333334,8.758883680017025,2.302585092994046,0.6208333333333333,0.5400452355543772,0.17147796206811156,1.0,3.0,0.0,0.0,1.0,0.6931471805599453
7b,amazon,classic,154,1.0,1.0,0.0,7.0,49.0,0.08906334240666958,0.7408754332716758,0.7864583333333334,8.758883680017025,2.302585092994046,0.65,0.2634695967038473,0.19878103571905514,1.0,3.0,0.0,0.0,1.0,1.3862943611198906
7b,amazon,classic,155,1.0,1.0,0.0,7.0,49.0,0.08906334240666958,0.7408754332716758,0.7864583333333334,8.758883680017025,2.302585092994046,0.65,0.5209000567595164,0.1838968174168216,1.0,2.0,0.05263157894736842,0.0,1.0,0.6931471805599453
7b,amazon,classic,156,1.0,1.0,0.0,7.0,49.0,0.08906334240666958,0.7408754332716758,0.7864583333333334,8.549466751966532,2.302585092994046,0.6375,0.5121260325113932,0.18142197055302514,1.0,3.0,0.0,0.0,1.0,0.6931471805599453
7b,amazon,classic,157,0.6309297535714575,0.43067655807339306,-0.20025319549806447,7.0,49.0,0.08906334240666958,0.7408754332716758,0.7864583333333334,8.549466751966532,2.302585092994046,0.6416666666666666,0.5240390459696451,0.18024696868731546,1.0,3.0,0.0,0.0,1.0,0.6931471805599453
7b,amazon,classic,158,0.6309297535714575,1.0,0.36907024642854247,7.0,49.0,0.08906334240666958,0.7408754332716758,0.7864583333333334,8.549466751966532,2.302585092994046,0.6458333333333333,0.26804086764653534,0.19912182904732215,1.0,2.0,0.05263157894736842,0.0,1.0,1.0986122886681096
7b,amazon,classic,159,1.0,1.0,0.0,7.0,49.0,0.08906334240666958,0.7408754332716758,0.7864583333333334,9.4053313318708,2.639057329615259,0.65,0.4990763346354167,0.18644402782830852,1.0,3.0,0.0,0.0,1.0,0.6931471805599453
7b,amazon,classic,160,0.0,0.0,0.0,7.0,49.0,0.08906334240666958,0.7408754332716758,0.7864583333333334,9.4053313318708,2.639057329615259,0.6375,0.4997109274069469,0.18051674955644317,1.0,3.0,0.0,0.0,1.0,0.6931471805599453
7b,amazon,classic,161,1.0,1.0,0.0,7.0,49.0,0.08906334240666958,0.7408754332716758,0.7864583333333334,9.4053313318708,2.639057329615259,0.65,0.4993385116259257,0.18389254705166289,1.0,2.0,0.05263157894736842,0.0,1.0,0.6931471805599453
7b,amazon,classic,162,0.43067655807339306,1.0,0.5693234419266069,7.0,49.0,0.08906334240666958,0.7408754332716758,0.7864583333333334,8.636752426473876,2.0794415416798357,0.6333333333333333,0.5126263717810312,0.17746728409715978,1.0,3.0,0.0,0.0,1.0,0.6931471805599453
7b,amazon,classic,163,0.0,1.0,1.0,7.0,49.0,0.08906334240666958,0.7408754332716758,0.7864583333333334,8.636752426473876,2.0794415416798357,0.6416666666666666,0.5226814369360606,0.17989607975806676,1.0,3.0,0.0,0.0,1.0,0.6931471805599453
7b,amazon,classic,164,0.5,1.0,0.5,7.0,49.0,0.08906334240666958,0.7408754332716758,0.7864583333333334,8.636752426473876,2.0794415416798357,0.6333333333333333,0.2759944935639699,0.20375031245256184,1.0,2.0,0.05263157894736842,0.0,1.0,0.6931471805599453
7b,amazon,classic,165,0.0,0.38685280723454163,0.38685280723454163,7.0,49.0,0.08906334240666958,0.7408754332716758,0.7864583333333334,9.574080300037034,2.70805020110221,0.6125,0.506882796684901,0.18465028305245232,1.0,3.0,0.0,0.0,1.0,0.6931471805599453
7b,amazon,classic,166,1.0,1.0,0.0,7.0,49.0,0.08906334240666958,0.7408754332716758,0.7864583333333334,9.574080300037034,2.70805020110221,0.6333333333333333,0.5165297190348307,0.18375569651166096,1.0,3.0,0.0,0.0,1.0,0.6931471805599453
7b,amazon,classic,167,0.43067655807339306,1.0,0.5693234419266069,7.0,49.0,0.08906334240666958,0.7408754332716758,0.7864583333333334,9.574080300037034,2.70805020110221,0.6291666666666667,0.5280639866987863,0.17291733012413826,1.0,3.0,0.0,0.0,1.0,0.6931471805599453
7b,amazon,classic,168,1.0,1.0,0.0,7.0,49.0,0.08906334240666958,0.7408754332716758,0.7864583333333334,10.184069478497602,3.6375861597263857,0.6291666666666667,0.5031525234381358,0.1864661245719183,1.0,3.0,0.0,0.0,1.0,0.6931471805599453
7b,amazon,classic,169,1.0,1.0,0.0,7.0,49.0,0.08906334240666958,0.7408754332716758,0.7864583333333334,10.184069478497602,3.6375861597263857,0.6541666666666666,0.5070378998915354,0.1843239185304272,1.0,3.0,0.0,0.0,1.0,0.6931471805599453
7b,amazon,classic,170,0.6309297535714575,0.6309297535714575,0.0,7.0,49.0,0.08906334240666958,0.7408754332716758,0.7864583333333334,10.184069478497602,3.6375861597263857,0.6416666666666666,0.0028991103172302246,0.11745684658218063,1.0,3.0,0.0,0.0,1.0,0.6931471805599453
7b,amazon,classic,171,1.0,1.0,0.0,7.0,49.0,0.08906334240666958,0.7408754332716758,0.7864583333333334,8.385944904806284,2.1972245773362196,0.65,0.5188361326853433,0.17541236853200554,1.0,3.0,0.0,0.0,1.0,0.6931471805599453
7b,amazon,classic,172,1.0,1.0,0.0,7.0,49.0,0.08906334240666958,0.7408754332716758,0.7864583333333334,8.385944904806284,2.1972245773362196,0.6291666666666667,0.7396398842334748,0.16789808737254766,1.0,3.0,0.0,0.0,1.0,0.6931471805599453
7b,amazon,classic,173,1.0,1.0,0.0,7.0,49.0,0.08906334240666958,0.7408754332716758,0.7864583333333334,8.385944904806284,2.1972245773362196,0.6375,0.5045782963434855,0.1851723728605863,1.0,3.0,0.0,0.0,1.0,0.6931471805599453
7b,amazon,classic,174,1.0,1.0,0.0,7.0,49.0,0.08906334240666958,0.7408754332716758,0.7864583333333334,7.5883236773352225,1.9459101490553132,0.6416666666666666,0.5553796748320261,0.18021984244863776,1.0,3.0,0.0,0.0,1.0,0.6931471805599453
7b,amazon,classic,175,1.0,1.0,0.0,7.0,49.0,0.08906334240666958,0.7408754332716758,0.7864583333333334,7.5883236773352225,1.9459101490553132,0.6541666666666666,0.517897645632426,0.1910937617093656,1.0,3.0,0.0,0.0,1.0,0.6931471805599453
7b,amazon,classic,176,1.0,1.0,0.0,7.0,49.0,0.08906334240666958,0.7408754332716758,0.7864583333333334,7.5883236773352225,1.9459101490553132,0.65,0.5562257329622905,0.17636767536367595,1.0,3.0,0.0,0.0,1.0,0.6931471805599453
7b,amazon,classic,177,1.0,1.0,0.0,7.0,49.0,0.08906334240666958,0.7408754332716758,0.7864583333333334,8.512783482927537,2.302585092994046,0.6291666666666667,0.532713900009791,0.18317944984266377,1.0,3.0,0.0,0.0,1.0,0.6931471805599453
7b,amazon,classic,178,0.38685280723454163,0.6309297535714575,0.2440769463369159,7.0,49.0,0.08906334240666958,0.7408754332716758,0.7864583333333334,8.512783482927537,2.302585092994046,0.6416666666666666,0.5147886971632639,0.18145088232701087,1.0,3.0,0.0,0.0,1.0,0.6931471805599453
7b,amazon,classic,179,1.0,1.0,0.0,7.0,49.0,0.08906334240666958,0.7408754332716758,0.7864583333333334,8.512783482927537,2.302585092994046,0.6333333333333333,0.5069421271483102,0.18661279200667488,1.0,3.0,0.0,0.0,1.0,0.6931471805599453
7b,amazon,classic,180,1.0,1.0,0.0,7.0,49.0,0.08906334240666958,0.7408754332716758,0.7864583333333334,9.10219821335648,2.995732273553991,0.6416666666666666,0.49927440683046975,0.18600196488425183,1.0,3.0,0.0,0.0,1.0,0.6931471805599453
7b,amazon,classic,181,1.0,1.0,0.0,7.0,49.0,0.08906334240666958,0.7408754332716758,0.7864583333333334,9.10219821335648,2.995732273553991,0.6333333333333333,0.2692204316457112,0.19459787438643592,1.0,3.0,0.0,0.0,1.0,1.3862943611198906
7b,amazon,classic,182,1.0,1.0,0.0,7.0,49.0,0.08906334240666958,0.7408754332716758,0.7864583333333334,9.10219821335648,2.995732273553991,0.65,0.4975982050100961,0.18402747810751371,1.0,3.0,0.0,0.0,1.0,0.6931471805599453
7b,amazon,classic,183,0.43067655807339306,1.0,0.5693234419266069,7.0,49.0,0.08906334240666958,0.7408754332716758,0.7864583333333334,9.41548287218084,2.3978952727983707,0.6125,0.5039564530054728,0.18573761434231137,1.0,3.0,0.0,0.0,1.0,0.6931471805599453
7b,amazon,classic,184,1.0,1.0,0.0,7.0,49.0,0.08906334240666958,0.7408754332716758,0.7864583333333334,9.41548287218084,2.3978952727983707,0.6583333333333333,0.5112519363562266,0.17696881447537352,1.0,3.0,0.0,0.0,1.0,0.6931471805599453
7b,amazon,classic,185,1.0,1.0,0.0,7.0,49.0,0.08906334240666958,0.7408754332716758,0.7864583333333334,9.41548287218084,2.3978952727983707,0.6416666666666666,0.5140581170717874,0.1749491331822351,1.0,3.0,0.0,0.0,1.0,0.6931471805599453
7b,amazon,classic,186,1.0,1.0,0.0,7.0,49.0,0.08906334240666958,0.7408754332716758,0.7864583333333334,8.780018887869153,1.9459101490553132,0.6416666666666666,0.5221155623594919,0.17523567006287502,1.0,3.0,0.0,0.0,1.0,0.6931471805599453
7b,amazon,classic,187,1.0,1.0,0.0,7.0,49.0,0.08906334240666958,0.7408754332716758,0.7864583333333334,8.780018887869153,1.9459101490553132,0.65,0.511236790815989,0.181805465524017,1.0,3.0,0.0,0.0,1.0,0.6931471805599453
7b,amazon,classic,188,1.0,1.0,0.0,7.0,49.0,0.08906334240666958,0.7408754332716758,0.7864583333333334,8.780018887869153,1.9459101490553132,0.6458333333333333,0.526946864525477,0.18181232327287822,1.0,3.0,0.0,0.0,1.0,0.6931471805599453
7b,amazon,classic,189,1.0,1.0,0.0,7.0,49.0,0.08906334240666958,0.7408754332716758,0.7864583333333334,9.464982590349763,2.3978952727983707,0.6416666666666666,0.5208431760470073,0.1843373473632979,1.0,3.0,0.0,0.0,1.0,0.6931471805599453
7b,amazon,classic,190,0.0,0.0,0.0,7.0,49.0,0.08906334240666958,0.7408754332716758,0.7864583333333334,9.464982590349763,2.3978952727983707,0.6375,0.5554885367552438,0.1684432511023171,1.0,3.0,0.0,0.0,1.0,0.6931471805599453
7b,amazon,classic,191,1.0,1.0,0.0,7.0,49.0,0.08906334240666958,0.7408754332716758,0.7864583333333334,9.464982590349763,2.3978952727983707,0.6458333333333333,0.5004749993483226,0.18243294685585731,1.0,3.0,0.0,0.0,1.0,0.6931471805599453
7b,amazon,classic,192,0.0,1.0,1.0,7.0,49.0,0.08906334240666958,0.7408754332716758,0.7864583333333334,9.724001970561382,3.367295829986474,0.6333333333333333,0.5056145409742991,0.18584015939733894,1.0,3.0,0.0,0.0,1.0,0.6931471805599453
7b,amazon,classic,193,1.0,1.0,0.0,7.0,49.0,0.08906334240666958,0.7408754332716758,0.7864583333333334,9.724001970561382,3.367295829986474,0.6333333333333333,0.0019587814807892068,0.12262745973361001,1.0,3.0,0.0,0.0,1.0,0.6931471805599453
7b,amazon,classic,194,0.6309297535714575,1.0,0.36907024642854247,7.0,49.0,0.08906334240666958,0.7408754332716758,0.7864583333333334,9.724001970561382,3.367295829986474,0.6375,0.5070931891600291,0.17782408933096122,1.0,3.0,0.0,0.0,1.0,0.6931471805599453
7b,amazon,classic,195,1.0,1.0,0.0,7.0,49.0,0.08906334240666958,0.7408754332716758,0.7864583333333334,8.619027497297505,2.0794415416798357,0.6458333333333333,0.5116168240706126,0.1731965719429895,1.0,3.0,0.0,0.0,1.0,0.6931471805599453
7b,amazon,classic,196,1.0,1.0,0.0,7.0,49.0,0.08906334240666958,0.7408754332716758,0.7864583333333334,8.619027497297505,2.0794415416798357,0.6416666666666666,0.5061746935049692,0.18100435909505028,1.0,3.0,0.0,0.0,1.0,0.6931471805599453
7b,amazon,classic,197,1.0,1.0,0.0,7.0,49.0,0.08906334240666958,0.7408754332716758,0.7864583333333334,8.619027497297505,2.0794415416798357,0.6291666666666667,0.5216024021307628,0.17802835740768322,1.0,3.0,0.0,0.0,1.0,0.6931471805599453
7b,amazon,classic,198,1.0,1.0,0.0,7.0,49.0,0.08906334240666958,0.7408754332716758,0.7864583333333334,8.45638105201948,2.1972245773362196,0.6291666666666667,0.5170535365740457,0.18051017138864003,1.0,3.0,0.0,0.0,1.0,0.6931471805599453
7b,amazon,classic,199,1.0,1.0,0.0,7.0,49.0,0.08906334240666958,0.7408754332716758,0.7864583333333334,8.45638105201948,2.1972245773362196,0.6375,0.507448653380076,0.17938314650661452,1.0,3.0,0.0,0.0,1.0,0.6931471805599453
7b,amazon,classic,200,0.0,0.6309297535714575,0.6309297535714575,7.0,49.0,0.08906334240666958,0.7408754332716758,0.7864583333333334,8.45638105201948,2.1972245773362196,0.6291666666666667,0.5004952947298686,0.1875271969093274,1.0,3.0,0.0,0.0,1.0,0.6931471805599453
7b,amazon,classic,201,1.0,1.0,0.0,7.0,49.0,0.08906334240666958,0.7408754332716758,0.7864583333333334,7.893198869544609,2.0794415416798357,0.6375,0.5208144585291545,0.1754741419584475,1.0,2.0,0.05263157894736842,0.0,1.0,0.6931471805599453
7b,amazon,classic,202,1.0,1.0,0.0,7.0,49.0,0.08906334240666958,0.7408754332716758,0.7864583333333334,7.893198869544609,2.0794415416798357,0.6291666666666667,0.5365024844805399,0.1777324773207289,1.0,3.0,0.0,0.0,1.0,0.6931471805599453
7b,amazon,classic,203,1.0,1.0,0.0,7.0,49.0,0.08906334240666958,0.7408754332716758,0.7864583333333334,7.893198869544609,2.0794415416798357,0.6375,0.5155317763487498,0.18269074751825568,1.0,2.0,0.05263157894736842,0.0,1.0,0.6931471805599453
7b,amazon,classic,204,1.0,1.0,0.0,7.0,49.0,0.08906334240666958,0.7408754332716758,0.7864583333333334,7.523481312573497,1.791759469228055,0.6208333333333333,0.5132008115450541,0.1889068798635519,1.0,2.0,0.05263157894736842,0.0,1.0,0.6931471805599453
7b,amazon,classic,205,1.0,1.0,0.0,7.0,49.0,0.08906334240666958,0.7408754332716758,0.7864583333333334,7.523481312573497,1.791759469228055,0.6291666666666667,0.5136792997519174,0.18000610669542694,1.0,3.0,0.0,0.0,1.0,0.6931471805599453
7b,amazon,classic,206,1.0,1.0,0.0,7.0,49.0,0.08906334240666958,0.7408754332716758,0.7864583333333334,7.523481312573497,1.791759469228055,0.6458333333333333,0.5292288521925609,0.17721381218878057,1.0,3.0,0.0,0.0,1.0,0.6931471805599453
7b,amazon,classic,207,1.0,1.0,0.0,7.0,49.0,0.08906334240666958,0.7408754332716758,0.7864583333333334,7.718685495198466,1.791759469228055,0.6166666666666667,0.5131536225477855,0.18319756637020723,1.0,3.0,0.0,0.0,1.0,0.6931471805599453
7b,amazon,classic,208,0.6309297535714575,1.0,0.36907024642854247,7.0,49.0,0.08906334240666958,0.7408754332716758,0.7864583333333334,7.718685495198466,1.791759469228055,0.65,0.5118311683336894,0.18207258232411308,1.0,3.0,0.0,0.0,1.0,0.6931471805599453
7b,amazon,classic,209,1.0,1.0,0.0,7.0,49.0,0.08906334240666958,0.7408754332716758,0.7864583333333334,7.718685495198466,1.791759469228055,0.6375,0.5463611582914987,0.18297737657284607,1.0,3.0,0.0,0.0,1.0,0.6931471805599453
7b,amazon,classic,210,1.0,1.0,0.0,7.0,49.0,0.08906334240666958,0.7408754332716758,0.7864583333333334,9.364605330987612,2.4849066497880004,0.6458333333333333,0.5131727735201518,0.180332877857149,1.0,3.0,0.0,0.0,1.0,0.6931471805599453
7b,amazon,classic,211,1.0,1.0,0.0,7.0,49.0,0.08906334240666958,0.7408754332716758,0.7864583333333334,9.364605330987612,2.4849066497880004,0.6416666666666666,0.5112481455008189,0.18111897844549507,1.0,3.0,0.0,0.0,1.0,1.3862943611198906
7b,amazon,classic,212,1.0,1.0,0.0,7.0,49.0,0.08906334240666958,0.7408754332716758,0.7864583333333334,9.364605330987612,2.4849066497880004,0.6541666666666666,0.5072918872038522,0.18456471235222394,1.0,3.0,0.0,0.0,1.0,0.6931471805599453
7b,amazon,classic,213,1.0,1.0,0.0,7.0,49.0,0.08906334240666958,0.7408754332716758,0.7864583333333334,8.11102783819368,2.1972245773362196,0.6375,0.5130979220072428,0.17910472018585777,1.0,3.0,0.0,0.0,1.0,0.6931471805599453
7b,amazon,classic,214,0.0,1.0,1.0,7.0,49.0,0.08906334240666958,0.7408754332716758,0.7864583333333334,8.11102783819368,2.1972245773362196,0.6375,0.5120385924975077,0.18555854277964168,1.0,3.0,0.0,0.0,1.0,0.6931471805599453
7b,amazon,classic,215,1.0,1.0,0.0,7.0,49.0,0.08906334240666958,0.7408754332716758,0.7864583333333334,8.11102783819368,2.1972245773362196,0.6458333333333333,0.528338752190272,0.17565712605911363,1.0,3.0,0.0,0.0,1.0,0.6931471805599453
7b,amazon,classic,216,1.0,1.0,0.0,7.0,49.0,0.08906334240666958,0.7408754332716758,0.7864583333333334,8.449556542700426,1.791759469228055,0.6333333333333333,0.4949095765749614,0.19514564478662025,1.0,2.0,0.05263157894736842,0.0,1.0,0.6931471805599453
7b,amazon,classic,217,1.0,1.0,0.0,7.0,49.0,0.08906334240666958,0.7408754332716758,0.7864583333333334,8.449556542700426,1.791759469228055,0.6416666666666666,0.5629541258017222,0.18265649623326402,1.0,3.0,0.0,0.0,1.0,0.6931471805599453
7b,amazon,classic,218,1.0,1.0,0.0,7.0,49.0,0.08906334240666958,0.7408754332716758,0.7864583333333334,8.449556542700426,1.791759469228055,0.6375,0.512017689148585,0.18632234341648266,1.0,3.0,0.0,0.0,1.0,0.6931471805599453
7b,amazon,classic,219,1.0,1.0,0.0,7.0,49.0,0.08906334240666958,0.7408754332716758,0.7864583333333334,7.995306620290822,1.791759469228055,0.6333333333333333,0.5308899978796641,0.1755490176757761,1.0,3.0,0.0,0.0,1.0,0.6931471805599453
7b,amazon,classic,220,1.0,1.0,0.0,7.0,49.0,0.08906334240666958,0.7408754332716758,0.7864583333333334,7.995306620290822,1.791759469228055,0.65,0.5141481677691142,0.18121783041578185,1.0,3.0,0.0,0.0,1.0,1.0986122886681096
7b,amazon,classic,221,0.5,0.6309297535714575,0.13092975357145753,7.0,49.0,0.08906334240666958,0.7408754332716758,0.7864583333333334,7.995306620290822,1.791759469228055,0.6458333333333333,0.5134588042895,0.18221561648316428,1.0,3.0,0.0,0.0,1.0,0.6931471805599453
7b,amazon,classic,222,1.0,1.0,0.0,7.0,49.0,0.08906334240666958,0.7408754332716758,0.7864583333333334,8.474285690404962,2.302585092994046,0.6458333333333333,0.5208076457182567,0.18509484856600492,1.0,3.0,0.0,0.0,1.0,0.6931471805599453
7b,amazon,classic,223,0.0,0.0,0.0,7.0,49.0,0.08906334240666958,0.7408754332716758,0.7864583333333334,8.474285690404962,2.302585092994046,0.6,0.39391396840413406,0.2013728766244139,1.0,3.0,0.0,0.0,1.0,1.0986122886681096
7b,amazon,classic,224,1.0,1.0,0.0,7.0,49.0,0.08906334240666958,0.7408754332716758,0.7864583333333334,8.474285690404962,2.302585092994046,0.6458333333333333,0.5097452322642008,0.19171782213593913,1.0,3.0,0.0,0.0,1.0,1.0986122886681096
7b,amazon,classic,225,0.6309297535714575,1.0,0.36907024642854247,7.0,49.0,0.08906334240666958,0.7408754332716758,0.7864583333333334,7.818027938530729,1.791759469228055,0.6333333333333333,0.5153108517328897,0.18640605592105192,1.0,3.0,0.0,0.0,1.0,0.6931471805599453
7b,amazon,classic,226,1.0,1.0,0.0,7.0,49.0,0.08906334240666958,0.7408754332716758,0.7864583333333334,7.818027938530729,1.791759469228055,0.6416666666666666,0.5403963724772136,0.17755031366028898,1.0,3.0,0.0,0.0,1.0,0.6931471805599453
7b,amazon,classic,227,1.0,1.0,0.0,7.0,49.0,0.08906334240666958,0.7408754332716758,0.7864583333333334,7.818027938530729,1.791759469228055,0.6291666666666667,0.5415894905726115,0.1738194443654101,1.0,3.0,0.0,0.0,1.0,1.3862943611198906
7b,amazon,classic,228,1.0,1.0,0.0,7.0,49.0,0.08906334240666958,0.7408754332716758,0.7864583333333334,8.4252971767117,1.791759469228055,0.625,0.5133598665396373,0.18464201108346945,1.0,2.0,0.05263157894736842,0.0,1.0,1.6094379124341003
7b,amazon,classic,229,1.0,1.0,0.0,7.0,49.0,0.08906334240666958,0.7408754332716758,0.7864583333333334,8.4252971767117,1.791759469228055,0.6458333333333333,0.5169248978296916,0.17622256334369021,1.0,3.0,0.0,0.0,1.0,0.6931471805599453
7b,amazon,classic,230,1.0,1.0,0.0,7.0,49.0,0.08906334240666958,0.7408754332716758,0.7864583333333334,8.4252971767117,1.791759469228055,0.6333333333333333,0.5077052334944406,0.17615108423034054,1.0,3.0,0.0,0.0,1.0,0.6931471805599453
7b,amazon,classic,231,1.0,1.0,0.0,7.0,49.0,0.08906334240666958,0.7408754332716758,0.7864583333333334,7.433666540166168,1.791759469228055,0.65,0.5119409422079723,0.17848500751253643,1.0,3.0,0.0,0.0,1.0,0.6931471805599453
7b,amazon,classic,232,0.0,1.0,1.0,7.0,49.0,0.08906334240666958,0.7408754332716758,0.7864583333333334,7.433666540166168,1.791759469228055,0.6375,0.7407906949520111,0.1708711081017038,1.0,3.0,0.0,0.0,1.0,0.6931471805599453
7b,amazon,classic,233,0.5,1.0,0.5,7.0,49.0,0.08906334240666958,0.7408754332716758,0.7864583333333334,7.433666540166168,1.791759469228055,0.6375,0.5196120778719584,0.1806054311390779,1.0,3.0,0.0,0.0,1.0,0.6931471805599453
7b,amazon,classic,234,1.0,1.0,0.0,7.0,49.0,0.08906334240666958,0.7408754332716758,0.7864583333333334,7.44600149832412,1.791759469228055,0.6458333333333333,0.5098575274149576,0.17954789121468429,1.0,3.0,0.0,0.0,1.0,0.6931471805599453
7b,amazon,classic,235,0.6309297535714575,1.0,0.36907024642854247,7.0,49.0,0.08906334240666958,0.7408754332716758,0.7864583333333334,7.44600149832412,1.791759469228055,0.6583333333333333,0.5028990368048349,0.186550107074722,1.0,3.0,0.0,0.0,1.0,1.0986122886681096
7b,amazon,classic,236,1.0,1.0,0.0,7.0,49.0,0.08906334240666958,0.7408754332716758,0.7864583333333334,7.44600149832412,1.791759469228055,0.6458333333333333,0.5280760208765666,0.1734198635257002,1.0,3.0,0.0,0.0,1.0,0.6931471805599453
7b,amazon,classic,237,1.0,1.0,0.0,7.0,49.0,0.08906334240666958,0.7408754332716758,0.7864583333333334,9.152287440527566,2.9444389791664403,0.6416666666666666,0.4938049892584482,0.1828138878601398,1.0,3.0,0.0,0.0,1.0,0.6931471805599453
7b,amazon,classic,238,1.0,1.0,0.0,7.0,49.0,0.08906334240666958,0.7408754332716758,0.7864583333333334,9.152287440527566,2.9444389791664403,0.6333333333333333,0.49393945733706157,0.1886592797587691,1.0,3.0,0.0,0.0,1.0,0.6931471805599453
7b,amazon,classic,239,0.6309297535714575,1.0,0.36907024642854247,7.0,49.0,0.08906334240666958,0.7408754332716758,0.7864583333333334,9.152287440527566,2.9444389791664403,0.6208333333333333,0.5056972603003184,0.18228556940869894,1.0,3.0,0.0,0.0,1.0,0.6931471805599453
7b,amazon,classic,240,1.0,1.0,0.0,7.0,49.0,0.08906334240666958,0.7408754332716758,0.7864583333333334,7.60489448081162,1.791759469228055,0.6416666666666666,0.32706010540326425,0.19175084286714034,1.0,3.0,0.0,0.0,1.0,0.6931471805599453
7b,amazon,classic,241,1.0,1.0,0.0,7.0,49.0,0.08906334240666958,0.7408754332716758,0.7864583333333334,7.60489448081162,1.791759469228055,0.6458333333333333,0.5083802739779155,0.1735467755271718,1.0,3.0,0.0,0.0,1.0,0.6931471805599453
7b,amazon,classic,242,1.0,1.0,0.0,7.0,49.0,0.08906334240666958,0.7408754332716758,0.7864583333333334,7.60489448081162,1.791759469228055,0.6291666666666667,0.7351485431194305,0.1668309894056355,1.0,3.0,0.0,0.0,1.0,0.6931471805599453
7b,amazon,classic,243,1.0,1.0,0.0,7.0,49.0,0.08906334240666958,0.7408754332716758,0.7864583333333334,8.768885326134864,2.3978952727983707,0.6291666666666667,0.516191295782725,0.18362783285672007,1.0,3.0,0.0,0.0,1.0,0.6931471805599453
7b,amazon,classic,244,1.0,1.0,0.0,7.0,49.0,0.08906334240666958,0.7408754332716758,0.7864583333333334,8.768885326134864,2.3978952727983707,0.6458333333333333,0.5107056419054666,0.18761372648245508,1.0,2.0,0.10526315789473684,0.0,1.0,0.6931471805599453
7b,amazon,classic,245,0.6309297535714575,1.0,0.36907024642854247,7.0,49.0,0.08906334240666958,0.7408754332716758,0.7864583333333334,8.768885326134864,2.3978952727983707,0.6333333333333333,0.5251976172129312,0.1767597084040467,1.0,3.0,0.0,0.0,1.0,0.6931471805599453
7b,amazon,classic,246,1.0,1.0,0.0,7.0,49.0,0.08906334240666958,0.7408754332716758,0.7864583333333334,9.46591239050973,1.9459101490553132,0.6416666666666666,0.5260086456934612,0.17336349070303425,1.0,3.0,0.0,0.0,1.0,0.6931471805599453
7b,amazon,classic,247,1.0,1.0,0.0,7.0,49.0,0.08906334240666958,0.7408754332716758,0.7864583333333334,9.46591239050973,1.9459101490553132,0.6291666666666667,0.5210304121176401,0.17809841247631766,1.0,3.0,0.0,0.0,1.0,1.0986122886681096
7b,amazon,classic,248,0.0,0.0,0.0,7.0,49.0,0.08906334240666958,0.7408754332716758,0.7864583333333334,9.46591239050973,1.9459101490553132,0.6375,0.5126822868982951,0.18530409403166356,1.0,3.0,0.0,0.0,1.0,0.6931471805599453
7b,amazon,classic,249,1.0,1.0,0.0,7.0,49.0,0.08906334240666958,0.7408754332716758,0.7864583333333334,8.046229101075378,1.791759469228055,0.65,0.5225285510222117,0.1764569415309506,1.0,3.0,0.0,0.0,1.0,0.6931471805599453
7b,amazon,classic,250,1.0,1.0,0.0,7.0,49.0,0.08906334240666958,0.7408754332716758,0.7864583333333334,8.046229101075378,1.791759469228055,0.65,0.5436417738596597,0.17496926437045957,1.0,3.0,0.0,0.0,1.0,0.6931471805599453
7b,amazon,classic,251,0.0,0.0,0.0,7.0,49.0,0.08906334240666958,0.7408754332716758,0.7864583333333334,8.046229101075378,1.791759469228055,0.6458333333333333,0.5167142192522683,0.17876663247899843,1.0,3.0,0.0,0.0,1.0,0.6931471805599453
7b,amazon,classic,252,0.0,0.6309297535714575,0.6309297535714575,7.0,49.0,0.08906334240666958,0.7408754332716758,0.7864583333333334,8.723882104658486,2.3978952727983707,0.6583333333333333,0.5130781988302866,0.1791564971393101,1.0,3.0,0.0,0.0,1.0,0.6931471805599453
7b,amazon,classic,253,0.0,1.0,1.0,7.0,49.0,0.08906334240666958,0.7408754332716758,0.7864583333333334,8.723882104658486,2.3978952727983707,0.625,0.5143847743670146,0.17940053487315755,1.0,3.0,0.0,0.0,1.0,0.6931471805599453
7b,amazon,classic,254,0.6309297535714575,1.0,0.36907024642854247,7.0,49.0,0.08906334240666958,0.7408754332716758,0.7864583333333334,8.723882104658486,2.3978952727983707,0.6458333333333333,0.28102705081303914,0.19229287328169467,1.0,3.0,0.0,0.0,1.0,0.6931471805599453
7b,amazon,classic,255,1.0,1.0,0.0,7.0,49.0,0.08906334240666958,0.7408754332716758,0.7864583333333334,7.741967899820685,1.791759469228055,0.6375,0.5164709250132242,0.18695918711594134,1.0,3.0,0.0,0.0,1.0,0.6931471805599453
7b,amazon,classic,256,1.0,1.0,0.0,7.0,49.0,0.08906334240666958,0.7408754332716758,0.7864583333333334,7.741967899820685,1.791759469228055,0.625,0.5247063795725504,0.18285978712744086,1.0,3.0,0.0,0.0,1.0,1.3862943611198906
7b,amazon,classic,257,1.0,1.0,0.0,7.0,49.0,0.08906334240666958,0.7408754332716758,0.7864583333333334,7.741967899820685,1.791759469228055,0.6541666666666666,0.5109963575998941,0.1843447645725045,1.0,3.0,0.0,0.0,1.0,0.6931471805599453
7b,amazon,classic,258,1.0,1.0,0.0,7.0,49.0,0.08906334240666958,0.7408754332716758,0.7864583333333334,8.125039097367745,1.9459101490553132,0.6416666666666666,0.508538810412089,0.1788369251606129,1.0,3.0,0.0,0.0,1.0,0.6931471805599453
7b,amazon,classic,259,0.6309297535714575,1.0,0.36907024642854247,7.0,49.0,0.08906334240666958,0.7408754332716758,0.7864583333333334,8.125039097367745,1.9459101490553132,0.6375,0.49933936993281036,0.17271008218442485,1.0,3.0,0.0,0.0,1.0,1.0986122886681096
7b,amazon,classic,260,1.0,1.0,0.0,7.0,49.0,0.08906334240666958,0.7408754332716758,0.7864583333333334,8.125039097367745,1.9459101490553132,0.625,0.50754962960879,0.18232900623198736,1.0,3.0,0.0,0.0,1.0,0.6931471805599453
7b,amazon,classic,261,1.0,1.0,0.0,7.0,49.0,0.08906334240666958,0.7408754332716758,0.7864583333333334,7.629975707027789,1.791759469228055,0.6333333333333333,0.5029276649157206,0.17802327620781588,1.0,3.0,0.0,0.0,1.0,1.791759469228055
7b,amazon,classic,262,1.0,1.0,0.0,7.0,49.0,0.08906334240666958,0.7408754332716758,0.7864583333333334,7.629975707027789,1.791759469228055,0.6458333333333333,0.7434646248817444,0.1677152034956033,1.0,3.0,0.0,0.0,1.0,0.6931471805599453
7b,amazon,classic,263,1.0,1.0,0.0,7.0,49.0,0.08906334240666958,0.7408754332716758,0.7864583333333334,7.629975707027789,1.791759469228055,0.6333333333333333,0.7441959023475647,0.16928582280787086,1.0,3.0,0.0,0.0,1.0,1.6094379124341003
7b,amazon,classic,264,0.6309297535714575,1.0,0.36907024642854247,7.0,49.0,0.08906334240666958,0.7408754332716758,0.7864583333333334,9.248502833070532,2.302585092994046,0.6291666666666667,0.5264855603377023,0.17301596868350666,1.0,3.0,0.0,0.0,1.0,0.6931471805599453
7b,amazon,classic,265,1.0,1.0,0.0,7.0,49.0,0.08906334240666958,0.7408754332716758,0.7864583333333334,9.248502833070532,2.302585092994046,0.6333333333333333,0.2741219003995259,0.2066292136748733,1.0,3.0,0.0,0.0,1.0,1.0986122886681096
7b,amazon,classic,266,1.0,1.0,0.0,7.0,49.0,0.08906334240666958,0.7408754332716758,0.7864583333333334,9.248502833070532,2.302585092994046,0.6208333333333333,0.5442277828852335,0.17836700656889032,1.0,3.0,0.0,0.0,1.0,0.6931471805599453
7b,amazon,classic,267,1.0,1.0,0.0,7.0,49.0,0.08906334240666958,0.7408754332716758,0.7864583333333334,8.282988692742602,2.4849066497880004,0.6291666666666667,0.5128005007902781,0.1798798414544053,1.0,3.0,0.0,0.0,1.0,1.0986122886681096
7b,amazon,classic,268,1.0,1.0,0.0,7.0,49.0,0.08906334240666958,0.7408754332716758,0.7864583333333334,8.282988692742602,2.4849066497880004,0.6333333333333333,0.5189276496569316,0.17606803204005325,1.0,3.0,0.0,0.0,1.0,0.6931471805599453
7b,amazon,classic,269,0.6309297535714575,1.0,0.36907024642854247,7.0,49.0,0.08906334240666958,0.7408754332716758,0.7864583333333334,8.282988692742602,2.4849066497880004,0.625,0.5077875057856243,0.17213905043026775,1.0,3.0,0.0,0.0,1.0,0.6931471805599453
7b,amazon,classic,270,1.0,1.0,0.0,7.0,49.0,0.08906334240666958,0.7408754332716758,0.7864583333333334,8.790877754224164,2.639057329615259,0.6333333333333333,0.498461769024531,0.17987337604332104,1.0,3.0,0.0,0.0,1.0,0.6931471805599453
7b,amazon,classic,271,1.0,1.0,0.0,7.0,49.0,0.08906334240666958,0.7408754332716758,0.7864583333333334,8.790877754224164,2.639057329615259,0.6375,0.5209291319052377,0.18034279982302243,1.0,3.0,0.0,0.0,1.0,1.3862943611198906
7b,amazon,classic,272,1.0,1.0,0.0,7.0,49.0,0.08906334240666958,0.7408754332716758,0.7864583333333334,8.790877754224164,2.639057329615259,0.6541666666666666,0.5067998627821604,0.184853467766631,1.0,3.0,0.0,0.0,1.0,0.6931471805599453
7b,amazon,classic,273,0.6309297535714575,1.0,0.36907024642854247,7.0,49.0,0.08906334240666958,0.7408754332716758,0.7864583333333334,8.37216741936598,2.1972245773362196,0.625,0.5083751062552134,0.17635160617176626,1.0,3.0,0.0,0.0,1.0,0.6931471805599453
7b,amazon,classic,274,0.0,0.43067655807339306,0.43067655807339306,7.0,49.0,0.08906334240666958,0.7408754332716758,0.7864583333333334,8.37216741936598,2.1972245773362196,0.6375,0.49870100418726593,0.18478818083245402,1.0,2.0,0.05263157894736842,0.0,1.0,0.6931471805599453
7b,amazon,classic,275,1.0,1.0,0.0,7.0,49.0,0.08906334240666958,0.7408754332716758,0.7864583333333334,8.37216741936598,2.1972245773362196,0.6375,0.7458807587623597,0.16583454551992824,1.0,3.0,0.0,0.0,1.0,0.6931471805599453
7b,amazon,classic,276,1.0,1.0,0.0,7.0,49.0,0.08906334240666958,0.7408754332716758,0.7864583333333334,8.39049553837028,1.791759469228055,0.6291666666666667,0.5308448652426402,0.1748484001503836,1.0,3.0,0.0,0.0,1.0,0.6931471805599453
7b,amazon,classic,277,1.0,1.0,0.0,7.0,49.0,0.08906334240666958,0.7408754332716758,0.7864583333333334,8.39049553837028,1.791759469228055,0.6291666666666667,0.4945116798082987,0.17546458427148867,1.0,2.0,0.05263157894736842,0.0,1.0,0.6931471805599453
7b,amazon,classic,278,0.0,1.0,1.0,7.0,49.0,0.08906334240666958,0.7408754332716758,0.7864583333333334,8.39049553837028,1.791759469228055,0.6333333333333333,0.5067730228106181,0.18198885408787913,1.0,3.0,0.0,0.0,1.0,1.6094379124341003
7b,amazon,classic,279,0.43067655807339306,1.0,0.5693234419266069,7.0,49.0,0.08906334240666958,0.7408754332716758,0.7864583333333334,7.794411205726601,2.0794415416798357,0.6458333333333333,0.534262983004252,0.18638153577393815,1.0,3.0,0.0,0.0,1.0,0.6931471805599453
7b,amazon,classic,280,0.6309297535714575,1.0,0.36907024642854247,7.0,49.0,0.08906334240666958,0.7408754332716758,0.7864583333333334,7.794411205726601,2.0794415416798357,0.65,0.5083548823992411,0.17735899059264856,1.0,3.0,0.0,0.0,1.0,0.6931471805599453
7b,amazon,classic,281,1.0,1.0,0.0,7.0,49.0,0.08906334240666958,0.7408754332716758,0.7864583333333334,7.794411205726601,2.0794415416798357,0.6416666666666666,0.517457781235377,0.19097281479050024,1.0,3.0,0.0,0.0,1.0,1.0986122886681096
7b,amazon,classic,282,0.0,1.0,1.0,7.0,49.0,0.08906334240666958,0.7408754332716758,0.7864583333333334,10.72628046129497,3.4965075614664802,0.6333333333333333,0.5351769010225931,0.1862739414662086,1.0,3.0,0.0,0.0,1.0,0.6931471805599453
7b,amazon,classic,283,0.5,1.0,0.5,7.0,49.0,0.08906334240666958,0.7408754332716758,0.7864583333333334,10.72628046129497,3.4965075614664802,0.6208333333333333,0.5058601597944895,0.1959888940303917,1.0,3.0,0.0,0.0,1.0,0.6931471805599453
7b,amazon,classic,284,1.0,1.0,0.0,7.0,49.0,0.08906334240666958,0.7408754332716758,0.7864583333333334,10.72628046129497,3.4965075614664802,0.65,0.014889746904373169,0.11953543619088237,1.0,3.0,0.0,0.0,1.0,0.6931471805599453
7b,amazon,classic,285,1.0,1.0,0.0,7.0,49.0,0.08906334240666958,0.7408754332716758,0.7864583333333334,8.322151070212902,2.0794415416798357,0.65,0.5567553798357645,0.17994167230628313,1.0,3.0,0.0,0.0,1.0,0.6931471805599453
7b,amazon,classic,286,1.0,1.0,0.0,7.0,49.0,0.08906334240666958,0.7408754332716758,0.7864583333333334,8.322151070212902,2.0794415416798357,0.6291666666666667,0.2857711096604666,0.20344958055576004,1.0,3.0,0.0,0.0,1.0,0.6931471805599453
7b,amazon,classic,287,1.0,1.0,0.0,7.0,49.0,0.08906334240666958,0.7408754332716758,0.7864583333333334,8.322151070212902,2.0794415416798357,0.6333333333333333,0.514029578367869,0.18415168941728158,1.0,3.0,0.0,0.0,1.0,0.6931471805599453
7b,amazon,classic,288,1.0,0.0,-1.0,7.0,49.0,0.08906334240666958,0.7408754332716758,0.7864583333333334,8.589513852995864,2.70805020110221,0.6458333333333333,0.50565314690272,0.18768929690366992,1.0,3.0,0.0,0.0,1.0,1.0986122886681096
7b,amazon,classic,289,0.43067655807339306,1.0,0.5693234419266069,7.0,49.0,0.08906334240666958,0.7408754332716758,0.7864583333333334,8.589513852995864,2.70805020110221,0.6541666666666666,0.5252662460009258,0.184199204531024,1.0,3.0,0.0,0.0,1.0,0.6931471805599453
7b,amazon,classic,290,0.6309297535714575,1.0,0.36907024642854247,7.0,49.0,0.08906334240666958,0.7408754332716758,0.7864583333333334,8.589513852995864,2.70805020110221,0.6375,0.5161834279696146,0.17487460202634936,1.0,3.0,0.0,0.0,1.0,0.6931471805599453
7b,amazon,classic,291,1.0,1.0,0.0,7.0,49.0,0.08906334240666958,0.7408754332716758,0.7864583333333334,8.947285869349132,2.302585092994046,0.6333333333333333,0.509410438934962,0.18358110015907272,1.0,3.0,0.0,0.0,1.0,0.6931471805599453
7b,amazon,classic,292,1.0,1.0,0.0,7.0,49.0,0.08906334240666958,0.7408754332716758,0.7864583333333334,8.947285869349132,2.302585092994046,0.6208333333333333,0.5023040870825448,0.1776632713669317,1.0,3.0,0.0,0.0,1.0,0.6931471805599453
7b,amazon,classic,293,1.0,1.0,0.0,7.0,49.0,0.08906334240666958,0.7408754332716758,0.7864583333333334,8.947285869349132,2.302585092994046,0.6416666666666666,0.4911718289057414,0.18735511558648624,1.0,2.0,0.05263157894736842,0.0,1.0,0.6931471805599453
7b,amazon,classic,294,0.6309297535714575,1.0,0.36907024642854247,7.0,49.0,0.08906334240666958,0.7408754332716758,0.7864583333333334,8.751316246773456,2.1972245773362196,0.6333333333333333,0.521764890352885,0.1764225556225532,1.0,3.0,0.0,0.0,1.0,0.6931471805599453
7b,amazon,classic,295,1.0,1.0,0.0,7.0,49.0,0.08906334240666958,0.7408754332716758,0.7864583333333334,8.751316246773456,2.1972245773362196,0.6375,0.5310167948404947,0.17275491286908926,1.0,3.0,0.0,0.0,1.0,0.6931471805599453
7b,amazon,classic,296,1.0,1.0,0.0,7.0,49.0,0.08906334240666958,0.7408754332716758,0.7864583333333334,8.751316246773456,2.1972245773362196,0.6208333333333333,0.5135168472925822,0.17541503277464132,1.0,3.0,0.0,0.0,1.0,0.6931471805599453
7b,amazon,classic,297,1.0,1.0,0.0,7.0,49.0,0.08906334240666958,0.7408754332716758,0.7864583333333334,9.591649390206587,3.4339872044851463,0.6333333333333333,0.5505680958429972,0.17773131269451503,1.0,3.0,0.0,0.0,1.0,1.0986122886681096
7b,amazon,classic,298,1.0,1.0,0.0,7.0,49.0,0.08906334240666958,0.7408754332716758,0.7864583333333334,9.591649390206587,3.4339872044851463,0.6416666666666666,0.5003483812014261,0.18744276861567857,1.0,3.0,0.0,0.0,1.0,0.6931471805599453
7b,amazon,classic,299,1.0,1.0,0.0,7.0,49.0,0.08906334240666958,0.7408754332716758,0.7864583333333334,9.591649390206587,3.4339872044851463,0.6416666666666666,0.5304711798826853,0.1825370051976475,1.0,3.0,0.0,0.0,1.0,0.6931471805599453
7b,amazon,classic,300,1.0,1.0,0.0,7.0,49.0,0.08906334240666958,0.7408754332716758,0.7864583333333334,8.278428259199071,2.0794415416798357,0.6458333333333333,0.26751706798871366,0.2044842529313143,1.0,3.0,0.0,0.0,1.0,0.6931471805599453
7b,amazon,classic,301,0.0,0.38685280723454163,0.38685280723454163,7.0,49.0,0.08906334240666958,0.7408754332716758,0.7864583333333334,8.278428259199071,2.0794415416798357,0.6375,0.5063390413920085,0.18875701360503694,1.0,3.0,0.0,0.0,1.0,0.6931471805599453
7b,amazon,classic,302,0.6309297535714575,1.0,0.36907024642854247,7.0,49.0,0.08906334240666958,0.7408754332716758,0.7864583333333334,8.278428259199071,2.0794415416798357,0.625,0.5066081027189889,0.18816435761728456,1.0,3.0,0.0,0.0,1.0,0.6931471805599453
7b,amazon,classic,303,0.6309297535714575,1.0,0.36907024642854247,7.0,49.0,0.08906334240666958,0.7408754332716758,0.7864583333333334,9.183585634667363,3.1780538303479458,0.65,0.5201906124750774,0.18016042447935599,1.0,3.0,0.0,0.0,1.0,1.0986122886681096
7b,amazon,classic,304,1.0,1.0,0.0,7.0,49.0,0.08906334240666958,0.7408754332716758,0.7864583333333334,9.183585634667363,3.1780538303479458,0.65,0.512232623497645,0.17687994576281918,1.0,3.0,0.0,0.0,1.0,1.0986122886681096
7b,amazon,classic,305,1.0,1.0,0.0,7.0,49.0,0.08906334240666958,0.7408754332716758,0.7864583333333334,9.183585634667363,3.1780538303479458,0.6333333333333333,0.0006975352764129195,0.11573180033357916,1.0,3.0,0.0,0.0,1.0,0.6931471805599453
7b,amazon,classic,306,1.0,1.0,0.0,7.0,49.0,0.08906334240666958,0.7408754332716758,0.7864583333333334,9.20833836930551,2.772588722239781,0.6333333333333333,0.5074734727541605,0.17993457101777705,1.0,3.0,0.0,0.0,1.0,0.6931471805599453
7b,amazon,classic,307,0.6309297535714575,1.0,0.36907024642854247,7.0,49.0,0.08906334240666958,0.7408754332716758,0.7864583333333334,9.20833836930551,2.772588722239781,0.6291666666666667,0.26746072371800744,0.2007799188174642,1.0,3.0,0.0,0.0,1.0,0.6931471805599453
7b,amazon,classic,308,1.0,1.0,0.0,7.0,49.0,0.08906334240666958,0.7408754332716758,0.7864583333333334,9.20833836930551,2.772588722239781,0.6291666666666667,0.5117106835047404,0.17900194325154292,1.0,2.0,0.05263157894736842,0.0,1.0,0.6931471805599453
7b,amazon,classic,309,1.0,1.0,0.0,7.0,49.0,0.08906334240666958,0.7408754332716758,0.7864583333333334,8.027150106832774,2.0794415416798357,0.6291666666666667,0.5099190751711528,0.17521016780395388,1.0,3.0,0.0,0.0,1.0,1.0986122886681096
7b,amazon,classic,310,1.0,1.0,0.0,7.0,49.0,0.08906334240666958,0.7408754332716758,0.7864583333333334,8.027150106832774,2.0794415416798357,0.6208333333333333,0.5162391463915508,0.18144799516574417,1.0,3.0,0.0,0.0,1.0,0.6931471805599453
7b,amazon,classic,311,1.0,1.0,0.0,7.0,49.0,0.08906334240666958,0.7408754332716758,0.7864583333333334,8.027150106832774,2.0794415416798357,0.6375,0.5226484457651774,0.17498319269945428,1.0,3.0,0.0,0.0,1.0,0.6931471805599453
7b,amazon,classic,312,0.5,1.0,0.5,7.0,49.0,0.08906334240666958,0.7408754332716758,0.7864583333333334,7.937374696163295,1.9459101490553132,0.65,0.5051328162352244,0.17753485777355663,1.0,3.0,0.0,0.0,1.0,0.6931471805599453
7b,amazon,classic,313,1.0,0.6309297535714575,-0.36907024642854247,7.0,49.0,0.08906334240666958,0.7408754332716758,0.7864583333333334,7.937374696163295,1.9459101490553132,0.6458333333333333,0.5071126619974773,0.18026362589910636,1.0,2.0,0.05263157894736842,0.0,1.0,0.6931471805599453
7b,amazon,classic,314,0.6309297535714575,1.0,0.36907024642854247,7.0,49.0,0.08906334240666958,0.7408754332716758,0.7864583333333334,7.937374696163295,1.9459101490553132,0.6375,0.5214443842569987,0.18239959904651795,1.0,2.0,0.05263157894736842,0.0,1.0,0.6931471805599453
7b,amazon,classic,315,0.6309297535714575,1.0,0.36907024642854247,7.0,49.0,0.08906334240666958,0.7408754332716758,0.7864583333333334,8.058960017769417,2.302585092994046,0.6333333333333333,0.7415916204452515,0.17106207499185308,1.0,3.0,0.0,0.0,1.0,0.6931471805599453
7b,amazon,classic,316,1.0,1.0,0.0,7.0,49.0,0.08906334240666958,0.7408754332716758,0.7864583333333334,8.058960017769417,2.302585092994046,0.6333333333333333,0.5020602921644847,0.1837880768348806,1.0,3.0,0.0,0.0,1.0,0.6931471805599453
7b,amazon,classic,317,0.0,1.0,1.0,7.0,49.0,0.08906334240666958,0.7408754332716758,0.7864583333333334,8.058960017769417,2.302585092994046,0.6458333333333333,0.5132541875044505,0.18314027565310254,1.0,3.0,0.0,0.0,1.0,0.6931471805599453
7b,amazon,classic,318,1.0,1.0,0.0,7.0,49.0,0.08906334240666958,0.7408754332716758,0.7864583333333334,8.437933510430605,2.1972245773362196,0.6458333333333333,0.5163346687952677,0.18241540393248598,1.0,3.0,0.0,0.0,1.0,0.6931471805599453
7b,amazon,classic,319,0.5,1.0,0.5,7.0,49.0,0.08906334240666958,0.7408754332716758,0.7864583333333334,8.437933510430605,2.1972245773362196,0.6333333333333333,0.5106181840101878,0.18006036150393837,1.0,3.0,0.0,0.0,1.0,0.6931471805599453
7b,amazon,classic,320,0.0,1.0,1.0,7.0,49.0,0.08906334240666958,0.7408754332716758,0.7864583333333334,8.437933510430605,2.1972245773362196,0.6416666666666666,0.5147030631701152,0.18464830634404972,1.0,3.0,0.0,0.0,1.0,0.6931471805599453
7b,amazon,classic,321,0.5,1.0,0.5,7.0,49.0,0.08906334240666958,0.7408754332716758,0.7864583333333334,7.91862865334224,2.0794415416798357,0.6375,0.5293892661730448,0.1712508229851777,1.0,3.0,0.0,0.0,1.0,0.6931471805599453
7b,amazon,classic,322,1.0,1.0,0.0,7.0,49.0,0.08906334240666958,0.7408754332716758,0.7864583333333334,7.91862865334224,2.0794415416798357,0.6291666666666667,0.5569864432017009,0.17522195832646278,1.0,3.0,0.0,0.0,1.0,1.0986122886681096
7b,amazon,classic,323,1.0,1.0,0.0,7.0,49.0,0.08906334240666958,0.7408754332716758,0.7864583333333334,7.91862865334224,2.0794415416798357,0.6375,0.518534634510676,0.18066377514519705,1.0,3.0,0.0,0.0,1.0,0.6931471805599453
7b,amazon,classic,324,1.0,1.0,0.0,7.0,49.0,0.08906334240666958,0.7408754332716758,0.7864583333333334,9.580040123637605,3.1780538303479458,0.6375,0.509865645567576,0.18117390491148477,1.0,3.0,0.0,0.0,1.0,0.6931471805599453
7b,amazon,classic,325,0.6309297535714575,1.0,0.36907024642854247,7.0,49.0,0.08906334240666958,0.7408754332716758,0.7864583333333334,9.580040123637605,3.1780538303479458,0.6375,0.5106559852759043,0.18324556635218983,1.0,3.0,0.0,0.0,1.0,0.6931471805599453
7b,amazon,classic,326,0.38685280723454163,1.0,0.6131471927654584,7.0,49.0,0.08906334240666958,0.7408754332716758,0.7864583333333334,9.580040123637605,3.1780538303479458,0.6458333333333333,0.5052834312121073,0.18189490148084206,1.0,3.0,0.0,0.0,1.0,0.6931471805599453
7b,amazon,classic,327,1.0,1.0,0.0,7.0,49.0,0.08906334240666958,0.7408754332716758,0.7864583333333334,7.850882664809852,2.0794415416798357,0.65,0.5036038140455881,0.18365979867191412,1.0,3.0,0.0,0.0,1.0,0.6931471805599453
7b,amazon,classic,328,1.0,1.0,0.0,7.0,49.0,0.08906334240666958,0.7408754332716758,0.7864583333333334,7.850882664809852,2.0794415416798357,0.625,0.5150351921717327,0.18920190780148907,1.0,3.0,0.0,0.0,1.0,0.6931471805599453
7b,amazon,classic,329,1.0,1.0,0.0,7.0,49.0,0.08906334240666958,0.7408754332716758,0.7864583333333334,7.850882664809852,2.0794415416798357,0.6333333333333333,0.5008554438749949,0.18560161538773087,1.0,3.0,0.0,0.0,1.0,0.6931471805599453
7b,amazon,classic,330,0.6309297535714575,1.0,0.36907024642854247,7.0,49.0,0.08906334240666958,0.7408754332716758,0.7864583333333334,9.71571114505921,2.4849066497880004,0.6458333333333333,0.5246336201826731,0.17696839648540286,1.0,3.0,0.0,0.0,1.0,0.6931471805599453
7b,amazon,classic,331,0.38685280723454163,1.0,0.6131471927654584,7.0,49.0,0.08906334240666958,0.7408754332716758,0.7864583333333334,9.71571114505921,2.4849066497880004,0.6458333333333333,0.5081874946753184,0.1841364810588287,1.0,3.0,0.0,0.0,1.0,0.6931471805599453
7b,amazon,classic,332,1.0,1.0,0.0,7.0,49.0,0.08906334240666958,0.7408754332716758,0.7864583333333334,9.71571114505921,2.4849066497880004,0.6291666666666667,0.5117350379625956,0.1890227812849672,1.0,3.0,0.0,0.0,1.0,0.6931471805599453
7b,amazon,classic,333,1.0,1.0,0.0,7.0,49.0,0.08906334240666958,0.7408754332716758,0.7864583333333334,8.490849216076635,2.3978952727983707,0.6291666666666667,0.5039569894472757,0.1798665313553268,1.0,3.0,0.0,0.0,1.0,0.6931471805599453
7b,amazon,classic,334,1.0,1.0,0.0,7.0,49.0,0.08906334240666958,0.7408754332716758,0.7864583333333334,7.6004023345004,1.9459101490553132,0.6375,0.5228825132052103,0.18686242112611795,1.0,3.0,0.0,0.0,1.0,1.0986122886681096
7b,amazon,classic,335,1.0,1.0,0.0,7.0,49.0,0.08906334240666958,0.7408754332716758,0.7864583333333334,7.6004023345004,1.9459101490553132,0.6458333333333333,0.7585420548915862,0.17370115246592358,1.0,3.0,0.0,0.0,1.0,0.6931471805599453
7b,amazon,classic,336,1.0,1.0,0.0,7.0,49.0,0.08906334240666958,0.7408754332716758,0.7864583333333334,7.6004023345004,1.9459101490553132,0.6333333333333333,0.5212561825911203,0.18031357008991622,1.0,3.0,0.0,0.0,1.0,0.6931471805599453
7b,amazon,classic,337,1.0,1.0,0.0,7.0,49.0,0.08906334240666958,0.7408754332716758,0.7864583333333334,9.98562038207465,2.8903717578961645,0.65,0.5052405873934427,0.18205577456080482,1.0,3.0,0.0,0.0,1.0,0.6931471805599453
7b,amazon,classic,338,1.0,1.0,0.0,7.0,49.0,0.08906334240666958,0.7408754332716758,0.7864583333333334,9.98562038207465,2.8903717578961645,0.6458333333333333,0.5071817735830944,0.18316116133421564,1.0,3.0,0.0,0.0,1.0,0.6931471805599453
7b,amazon,classic,339,1.0,1.0,0.0,7.0,49.0,0.08906334240666958,0.7408754332716758,0.7864583333333334,9.98562038207465,2.8903717578961645,0.6375,0.515200004975001,0.18243496626053127,1.0,2.0,0.05263157894736842,0.0,1.0,0.6931471805599453
7b,amazon,classic,340,1.0,1.0,0.0,7.0,49.0,0.08906334240666958,0.7408754332716758,0.7864583333333334,8.465478755729558,2.4849066497880004,0.6291666666666667,0.5144424060980478,0.17975628123929357,1.0,3.0,0.0,0.0,1.0,0.6931471805599453
7b,amazon,classic,341,1.0,1.0,0.0,7.0,49.0,0.08906334240666958,0.7408754332716758,0.7864583333333334,8.465478755729558,2.4849066497880004,0.6291666666666667,0.5175099412600199,0.18267702485059611,1.0,3.0,0.0,0.0,1.0,0.6931471805599453
7b,amazon,classic,342,1.0,1.0,0.0,7.0,49.0,0.08906334240666958,0.7408754332716758,0.7864583333333334,8.465478755729558,2.4849066497880004,0.6416666666666666,0.5148126761118571,0.18316813447051353,1.0,3.0,0.0,0.0,1.0,0.6931471805599453
7b,amazon,classic,343,1.0,1.0,0.0,7.0,49.0,0.08906334240666958,0.7408754332716758,0.7864583333333334,8.09162741160107,2.0794415416798357,0.6333333333333333,0.5233235935370127,0.1769267569900809,1.0,3.0,0.0,0.0,1.0,0.6931471805599453
7b,amazon,classic,344,0.6309297535714575,1.0,0.36907024642854247,7.0,49.0,0.08906334240666958,0.7408754332716758,0.7864583333333334,8.09162741160107,2.0794415416798357,0.6291666666666667,0.5088016132513682,0.18271530337694047,1.0,3.0,0.0,0.0,1.0,0.6931471805599453
7b,amazon,classic,345,1.0,1.0,0.0,7.0,49.0,0.08906334240666958,0.7408754332716758,0.7864583333333334,8.09162741160107,2.0794415416798357,0.6166666666666667,0.5082371334234873,0.17564286117471548,1.0,3.0,0.0,0.0,1.0,0.6931471805599453
7b,amazon,classic,346,0.43067655807339306,1.0,0.5693234419266069,7.0,49.0,0.08906334240666958,0.7408754332716758,0.7864583333333334,10.05173512899633,2.639057329615259,0.6125,0.5130253950754802,0.19039664209555907,1.0,3.0,0.0,0.0,1.0,0.6931471805599453
7b,amazon,classic,347,0.0,0.0,0.0,7.0,49.0,0.08906334240666958,0.7408754332716758,0.7864583333333334,10.05173512899633,2.639057329615259,0.625,0.511773000160853,0.18138338319259972,1.0,3.0,0.0,0.0,1.0,0.6931471805599453
7b,amazon,classic,348,1.0,1.0,0.0,7.0,49.0,0.08906334240666958,0.7408754332716758,0.7864583333333334,10.05173512899633,2.639057329615259,0.65,0.5268927017847695,0.17539590307896516,1.0,3.0,0.0,0.0,1.0,0.6931471805599453
7b,amazon,classic,349,1.0,1.0,0.0,7.0,49.0,0.08906334240666958,0.7408754332716758,0.7864583333333334,8.471149252914831,1.9459101490553132,0.6375,0.5113418440024058,0.18147220974003808,1.0,3.0,0.0,0.0,1.0,1.0986122886681096
7b,amazon,classic,350,0.38685280723454163,0.6309297535714575,0.2440769463369159,7.0,49.0,0.08906334240666958,0.7408754332716758,0.7864583333333334,8.471149252914831,1.9459101490553132,0.6458333333333333,0.48540731469790144,0.18559492572024452,1.0,3.0,0.0,0.0,1.0,0.6931471805599453
7b,amazon,classic,351,1.0,1.0,0.0,7.0,49.0,0.08906334240666958,0.7408754332716758,0.7864583333333334,8.471149252914831,1.9459101490553132,0.6375,0.5090439061323802,0.18263193700223324,1.0,3.0,0.0,0.0,1.0,1.0986122886681096
7b,amazon,classic,352,0.0,1.0,1.0,7.0,49.0,0.08906334240666958,0.7408754332716758,0.7864583333333334,8.845489236753274,2.4849066497880004,0.6333333333333333,0.5192934672037759,0.17415102644040562,1.0,2.0,0.05263157894736842,0.0,1.0,1.0986122886681096
7b,amazon,classic,353,1.0,1.0,0.0,7.0,49.0,0.08906334240666958,0.7408754332716758,0.7864583333333334,8.845489236753274,2.4849066497880004,0.6333333333333333,0.2917606790860494,0.1984115028468438,1.0,3.0,0.0,0.0,1.0,0.6931471805599453
7b,amazon,classic,354,1.0,1.0,0.0,7.0,49.0,0.08906334240666958,0.7408754332716758,0.7864583333333334,8.845489236753274,2.4849066497880004,0.6375,0.5116228501001994,0.17454424982118805,1.0,3.0,0.0,0.0,1.0,1.0986122886681096
7b,amazon,classic,355,1.0,1.0,0.0,7.0,49.0,0.08906334240666958,0.7408754332716758,0.7864583333333334,7.9724660159745655,1.9459101490553132,0.6416666666666666,0.5083523432413736,0.17631668839592077,1.0,3.0,0.0,0.0,1.0,0.6931471805599453
7b,amazon,classic,356,1.0,1.0,0.0,7.0,49.0,0.08906334240666958,0.7408754332716758,0.7864583333333334,7.9724660159745655,1.9459101490553132,0.6375,0.505355046192805,0.18678033107956352,1.0,3.0,0.0,0.0,1.0,0.6931471805599453
7b,amazon,classic,357,0.0,0.6309297535714575,0.6309297535714575,7.0,49.0,0.08906334240666958,0.7408754332716758,0.7864583333333334,7.9724660159745655,1.9459101490553132,0.6291666666666667,0.49873621265093493,0.17496870121369654,1.0,3.0,0.0,0.0,1.0,0.6931471805599453
7b,amazon,classic,358,1.0,1.0,0.0,7.0,49.0,0.08906334240666958,0.7408754332716758,0.7864583333333334,9.152711259139547,2.5649493574615367,0.6333333333333333,0.5259130338827768,0.17751854686268442,1.0,3.0,0.0,0.0,1.0,0.6931471805599453
7b,amazon,classic,359,1.0,1.0,0.0,7.0,49.0,0.08906334240666958,0.7408754332716758,0.7864583333333334,9.152711259139547,2.5649493574615367,0.6458333333333333,0.5084112803141275,0.1810207802132433,1.0,3.0,0.0,0.0,1.0,0.6931471805599453
7b,amazon,classic,360,1.0,0.5,-0.5,7.0,49.0,0.08906334240666958,0.7408754332716758,0.7864583333333334,9.152711259139547,2.5649493574615367,0.6583333333333333,0.26731777985890715,0.19853894842425887,1.0,3.0,0.0,0.0,1.0,0.6931471805599453
7b,amazon,classic,361,1.0,1.0,0.0,7.0,49.0,0.08906334240666958,0.7408754332716758,0.7864583333333334,8.836664586357426,2.4849066497880004,0.6208333333333333,0.5138676265875498,0.19737461135667303,1.0,3.0,0.0,0.0,1.0,0.6931471805599453
7b,amazon,classic,362,1.0,1.0,0.0,7.0,49.0,0.08906334240666958,0.7408754332716758,0.7864583333333334,8.836664586357426,2.4849066497880004,0.6375,0.5120765189329782,0.1868090136343654,1.0,3.0,0.0,0.0,1.0,0.6931471805599453
7b,amazon,classic,363,1.0,1.0,0.0,7.0,49.0,0.08906334240666958,0.7408754332716758,0.7864583333333334,8.836664586357426,2.4849066497880004,0.65,0.513118932644526,0.17949095293390357,1.0,2.0,0.05263157894736842,0.0,1.0,0.6931471805599453
7b,amazon,classic,364,0.0,1.0,1.0,7.0,49.0,0.08906334240666958,0.7408754332716758,0.7864583333333334,7.835974581721566,2.0794415416798357,0.6416666666666666,0.5233629862467448,0.1817196044894222,1.0,3.0,0.0,0.0,1.0,1.0986122886681096
7b,amazon,classic,365,1.0,1.0,0.0,7.0,49.0,0.08906334240666958,0.7408754332716758,0.7864583333333334,7.835974581721566,2.0794415416798357,0.6416666666666666,0.5030062715212503,0.18214298432186668,1.0,3.0,0.0,0.0,1.0,0.6931471805599453
7b,amazon,classic,366,1.0,1.0,0.0,7.0,49.0,0.08906334240666958,0.7408754332716758,0.7864583333333334,7.835974581721566,2.0794415416798357,0.6541666666666666,0.4993085245291391,0.17913686021230568,1.0,2.0,0.05263157894736842,0.0,1.0,0.6931471805599453
7b,amazon,classic,367,1.0,1.0,0.0,7.0,49.0,0.08906334240666958,0.7408754332716758,0.7864583333333334,9.983499490505512,2.639057329615259,0.6416666666666666,0.5067845741907756,0.18718236333111857,1.0,2.0,0.05263157894736842,0.0,1.0,1.0986122886681096
7b,amazon,classic,368,1.0,1.0,0.0,7.0,49.0,0.08906334240666958,0.7408754332716758,0.7864583333333334,8.024207485778577,2.0794415416798357,0.6458333333333333,0.5183567682902017,0.18394734172575852,1.0,3.0,0.0,0.0,1.0,1.0986122886681096
7b,amazon,classic,369,0.43067655807339306,1.0,0.5693234419266069,7.0,49.0,0.08906334240666958,0.7408754332716758,0.7864583333333334,8.024207485778577,2.0794415416798357,0.6416666666666666,0.24490865667661021,0.20043538391106075,1.0,3.0,0.0,0.0,1.0,0.6931471805599453
7b,amazon,classic,370,0.6309297535714575,0.6309297535714575,0.0,7.0,49.0,0.08906334240666958,0.7408754332716758,0.7864583333333334,8.024207485778577,2.0794415416798357,0.6375,0.5138989905516306,0.17471997835645434,1.0,3.0,0.0,0.0,1.0,0.6931471805599453
7b,amazon,classic,371,1.0,1.0,0.0,7.0,49.0,0.08906334240666958,0.7408754332716758,0.7864583333333334,8.431635303054591,2.0794415416798357,0.6375,0.518060580889384,0.17940308195798735,1.0,3.0,0.0,0.0,1.0,0.6931471805599453
7b,amazon,classic,372,1.0,1.0,0.0,7.0,49.0,0.08906334240666958,0.7408754332716758,0.7864583333333334,8.431635303054591,2.0794415416798357,0.6166666666666667,0.5124772230784098,0.18018887824858879,1.0,3.0,0.0,0.0,1.0,0.6931471805599453
7b,amazon,classic,373,1.0,1.0,0.0,7.0,49.0,0.08906334240666958,0.7408754332716758,0.7864583333333334,8.431635303054591,2.0794415416798357,0.6166666666666667,0.49834191004435224,0.18339520777684423,1.0,3.0,0.0,0.0,1.0,0.6931471805599453
7b,amazon,classic,374,0.0,0.6309297535714575,0.6309297535714575,7.0,49.0,0.08906334240666958,0.7408754332716758,0.7864583333333334,8.016647877057803,2.0794415416798357,0.6583333333333333,0.5109594325224558,0.18770823743082857,1.0,2.0,0.05263157894736842,0.0,1.0,0.6931471805599453
7b,amazon,classic,375,0.6309297535714575,1.0,0.36907024642854247,7.0,49.0,0.08906334240666958,0.7408754332716758,0.7864583333333334,8.016647877057803,2.0794415416798357,0.6333333333333333,0.5034605483214061,0.18113795968015392,1.0,3.0,0.0,0.0,1.0,1.0986122886681096
7b,amazon,classic,376,1.0,1.0,0.0,7.0,49.0,0.08906334240666958,0.7408754332716758,0.7864583333333334,8.016647877057803,2.0794415416798357,0.65,0.5086178282896677,0.17556181697889098,1.0,3.0,0.0,0.0,1.0,2.0794415416798357
7b,amazon,classic,377,1.0,1.0,0.0,7.0,49.0,0.08906334240666958,0.7408754332716758,0.7864583333333334,7.955074273262696,2.0794415416798357,0.6416666666666666,0.5007232824961345,0.1852889103677822,1.0,3.0,0.0,0.0,1.0,0.6931471805599453
7b,amazon,classic,378,1.0,1.0,0.0,7.0,49.0,0.08906334240666958,0.7408754332716758,0.7864583333333334,7.955074273262696,2.0794415416798357,0.6458333333333333,0.5151341656843821,0.19079616350180092,1.0,2.0,0.05263157894736842,0.0,1.0,1.0986122886681096
7b,amazon,classic,379,1.0,1.0,0.0,7.0,49.0,0.08906334240666958,0.7408754332716758,0.7864583333333334,7.955074273262696,2.0794415416798357,0.625,0.5021414558092753,0.18155192533081005,1.0,3.0,0.0,0.0,1.0,0.6931471805599453
7b,amazon,classic,380,0.6309297535714575,1.0,0.36907024642854247,7.0,49.0,0.08906334240666958,0.7408754332716758,0.7864583333333334,9.257987025443535,2.0794415416798357,0.6333333333333333,0.5224973837534587,0.1787172221087575,1.0,3.0,0.0,0.0,1.0,0.6931471805599453
7b,amazon,classic,381,0.0,0.38685280723454163,0.38685280723454163,7.0,49.0,0.08906334240666958,0.7408754332716758,0.7864583333333334,9.257987025443535,2.0794415416798357,0.6458333333333333,0.5350082079569499,0.17117530614134124,1.0,3.0,0.0,0.0,1.0,0.6931471805599453
7b,amazon,classic,382,0.6309297535714575,0.0,-0.6309297535714575,7.0,49.0,0.08906334240666958,0.7408754332716758,0.7864583333333334,9.257987025443535,2.0794415416798357,0.6208333333333333,0.5092402974764505,0.1788931942280261,1.0,3.0,0.0,0.0,1.0,0.6931471805599453
7b,amazon,classic,383,1.0,1.0,0.0,7.0,49.0,0.08906334240666958,0.7408754332716758,0.7864583333333334,8.884887201837403,2.0794415416798357,0.6458333333333333,0.5234536449114481,0.18163456301109882,1.0,3.0,0.0,0.0,1.0,0.6931471805599453
7b,amazon,classic,384,1.0,1.0,0.0,7.0,49.0,0.08906334240666958,0.7408754332716758,0.7864583333333334,8.884887201837403,2.0794415416798357,0.625,0.5156330565611522,0.1839424426505465,1.0,3.0,0.0,0.0,1.0,0.6931471805599453
7b,amazon,classic,385,0.0,1.0,1.0,7.0,49.0,0.08906334240666958,0.7408754332716758,0.7864583333333334,8.884887201837403,2.0794415416798357,0.6375,0.5240809599558512,0.17699878326627055,1.0,3.0,0.0,0.0,1.0,0.6931471805599453
7b,amazon,classic,386,0.0,1.0,1.0,7.0,49.0,0.08906334240666958,0.7408754332716758,0.7864583333333334,7.829630389150193,2.0794415416798357,0.6291666666666667,0.7451631426811218,0.16805538160488245,1.0,3.0,0.0,0.0,1.0,0.6931471805599453
7b,amazon,classic,387,1.0,1.0,0.0,7.0,49.0,0.08906334240666958,0.7408754332716758,0.7864583333333334,7.829630389150193,2.0794415416798357,0.6291666666666667,0.5172980467478434,0.17220471396924633,1.0,3.0,0.0,0.0,1.0,0.6931471805599453
7b,amazon,cold_start_user,0,0.5,1.0,0.5,7.0,49.0,0.08906334240666958,0.7408754332716758,0.7864583333333334,8.679141958402255,1.9459101490553132,0.65,0.5094872752825419,0.18256684041620377,1.0,2.0,0.10526315789473684,0.0,1.0,1.3862943611198906
7b,amazon,cold_start_user,1,0.0,1.0,1.0,7.0,49.0,0.08906334240666958,0.7408754332716758,0.7864583333333334,8.679141958402255,1.9459101490553132,0.6375,0.5146994868914285,0.17616270285214194,1.0,3.0,0.0,0.0,1.0,0.6931471805599453
7b,amazon,cold_start_user,2,1.0,1.0,0.0,7.0,49.0,0.08906334240666958,0.7408754332716758,0.7864583333333334,8.679141958402255,1.9459101490553132,0.6375,0.5192127863566081,0.17252620141917685,1.0,3.0,0.0,0.0,1.0,0.6931471805599453
7b,amazon,cold_start_user,3,1.0,1.0,0.0,7.0,49.0,0.08906334240666958,0.7408754332716758,0.7864583333333334,9.240384493324559,3.044522437723423,0.6416666666666666,0.5084054867426555,0.18908132549488768,1.0,3.0,0.0,0.0,1.0,0.6931471805599453
7b,amazon,cold_start_user,4,1.0,1.0,0.0,7.0,49.0,0.08906334240666958,0.7408754332716758,0.7864583333333334,8.287276755814599,1.9459101490553132,0.6333333333333333,0.5153621892134349,0.17991919712048127,1.0,2.0,0.05263157894736842,0.0,1.0,0.6931471805599453
7b,amazon,cold_start_user,5,1.0,1.0,0.0,7.0,49.0,0.08906334240666958,0.7408754332716758,0.7864583333333334,8.287276755814599,1.9459101490553132,0.6083333333333333,0.7458598554134369,0.16959821963337776,1.0,3.0,0.0,0.0,1.0,1.6094379124341003
7b,amazon,cold_start_user,6,0.0,1.0,1.0,7.0,49.0,0.08906334240666958,0.7408754332716758,0.7864583333333334,8.287276755814599,1.9459101490553132,0.6458333333333333,0.5047686616579692,0.17581617086582751,1.0,3.0,0.0,0.0,1.0,1.0986122886681096
7b,amazon,cold_start_user,7,1.0,1.0,0.0,7.0,49.0,0.08906334240666958,0.7408754332716758,0.7864583333333334,7.951911381854188,1.791759469228055,0.6375,0.49222314755121865,0.1834112726186614,1.0,3.0,0.0,0.0,1.0,1.0986122886681096
7b,amazon,cold_start_user,8,1.0,1.0,0.0,7.0,49.0,0.08906334240666958,0.7408754332716758,0.7864583333333334,7.951911381854188,1.791759469228055,0.6291666666666667,0.5240938703219096,0.18062696991384114,1.0,3.0,0.0,0.0,1.0,0.6931471805599453
7b,amazon,cold_start_user,9,0.0,1.0,1.0,7.0,49.0,0.08906334240666958,0.7408754332716758,0.7864583333333334,7.951911381854188,1.791759469228055,0.6291666666666667,0.4980902115503947,0.17997249386097589,1.0,3.0,0.0,0.0,1.0,0.6931471805599453
7b,amazon,cold_start_user,10,0.43067655807339306,0.43067655807339306,0.0,7.0,49.0,0.08906334240666958,0.7408754332716758,0.7864583333333334,8.731981938347694,2.302585092994046,0.6291666666666667,0.5190967003504435,0.17299541003065455,1.0,3.0,0.0,0.0,1.0,0.6931471805599453
7b,amazon,cold_start_user,11,1.0,1.0,0.0,7.0,49.0,0.08906334240666958,0.7408754332716758,0.7864583333333334,8.731981938347694,2.302585092994046,0.6458333333333333,0.5415567318598429,0.18461030373902768,1.0,3.0,0.0,0.0,1.0,0.6931471805599453
7b,amazon,cold_start_user,12,0.5,0.6309297535714575,0.13092975357145753,7.0,49.0,0.08906334240666958,0.7408754332716758,0.7864583333333334,9.841133310789152,3.2188758248682006,0.6291666666666667,0.5074421087900797,0.18288845510974702,1.0,3.0,0.0,0.0,1.0,0.6931471805599453
7b,amazon,cold_start_user,13,1.0,1.0,0.0,7.0,49.0,0.08906334240666958,0.7408754332716758,0.7864583333333334,9.246672301223573,3.332204510175204,0.6416666666666666,0.5062653521696726,0.17446056766585574,1.0,3.0,0.0,0.0,1.0,0.6931471805599453
7b,amazon,cold_start_user,14,1.0,1.0,0.0,7.0,49.0,0.08906334240666958,0.7408754332716758,0.7864583333333334,9.246672301223573,3.332204510175204,0.6541666666666666,0.5088607827822368,0.18489746075366922,1.0,3.0,0.0,0.0,1.0,0.6931471805599453
7b,amazon,cold_start_user,15,1.0,1.0,0.0,7.0,49.0,0.08906334240666958,0.7408754332716758,0.7864583333333334,7.43955930913332,1.791759469228055,0.6416666666666666,0.5068132559458415,0.1839061049995265,1.0,3.0,0.0,0.0,1.0,0.6931471805599453
7b,amazon,cold_start_user,16,1.0,1.0,0.0,7.0,49.0,0.08906334240666958,0.7408754332716758,0.7864583333333334,7.43955930913332,1.791759469228055,0.6375,0.5325864235560099,0.1745743702855915,1.0,3.0,0.0,0.0,1.0,0.6931471805599453
7b,amazon,cold_start_user,17,0.6309297535714575,0.5,-0.13092975357145753,7.0,49.0,0.08906334240666958,0.7408754332716758,0.7864583333333334,7.43955930913332,1.791759469228055,0.6375,0.5111904780069987,0.1832508394533258,1.0,3.0,0.0,0.0,1.0,0.6931471805599453
7b,amazon,cold_start_user,18,1.0,1.0,0.0,7.0,49.0,0.08906334240666958,0.7408754332716758,0.7864583333333334,8.037543185118697,1.9459101490553132,0.6291666666666667,0.5235679606596628,0.1735144495328687,1.0,3.0,0.0,0.0,1.0,0.6931471805599453
7b,amazon,cold_start_user,19,1.0,1.0,0.0,7.0,49.0,0.08906334240666958,0.7408754332716758,0.7864583333333334,8.037543185118697,1.9459101490553132,0.6458333333333333,0.5202277521292368,0.1806514086616443,1.0,2.0,0.05263157894736842,0.0,1.0,1.0986122886681096
7b,amazon,cold_start_user,20,1.0,1.0,0.0,7.0,49.0,0.08906334240666958,0.7408754332716758,0.7864583333333334,8.037543185118697,1.9459101490553132,0.65,0.5037229398886363,0.1749418565107579,1.0,3.0,0.0,0.0,1.0,0.6931471805599453
7b,amazon,cold_start_user,21,1.0,1.0,0.0,7.0,49.0,0.08906334240666958,0.7408754332716758,0.7864583333333334,7.788211557847076,1.9459101490553132,0.6291666666666667,0.5173856298128763,0.18025676948595218,1.0,3.0,0.0,0.0,1.0,0.6931471805599453
7b,amazon,cold_start_user,22,1.0,1.0,0.0,7.0,49.0,0.08906334240666958,0.7408754332716758,0.7864583333333334,7.788211557847076,1.9459101490553132,0.6458333333333333,0.5173988978068033,0.1783287517190922,1.0,3.0,0.0,0.0,1.0,0.6931471805599453
7b,amazon,cold_start_user,23,1.0,1.0,0.0,7.0,49.0,0.08906334240666958,0.7408754332716758,0.7864583333333334,7.788211557847076,1.9459101490553132,0.6416666666666666,0.5078015069166819,0.184333633151709,1.0,3.0,0.0,0.0,1.0,0.6931471805599453
7b,amazon,cold_start_user,24,1.0,1.0,0.0,7.0,49.0,0.08906334240666958,0.7408754332716758,0.7864583333333334,7.963807953231451,2.1972245773362196,0.6416666666666666,0.5190968076388041,0.1730986606488549,1.0,3.0,0.0,0.0,1.0,0.6931471805599453
7b,amazon,cold_start_user,25,1.0,1.0,0.0,7.0,49.0,0.08906334240666958,0.7408754332716758,0.7864583333333334,7.820840879907344,1.9459101490553132,0.6291666666666667,0.512127963701884,0.17602416264328793,1.0,3.0,0.0,0.0,1.0,1.0986122886681096
7b,amazon,cold_start_user,26,1.0,1.0,0.0,7.0,49.0,0.08906334240666958,0.7408754332716758,0.7864583333333334,7.820840879907344,1.9459101490553132,0.6375,0.5089671055475871,0.17389707343328797,1.0,3.0,0.0,0.0,1.0,0.6931471805599453
7b,amazon,cold_start_user,27,0.0,0.0,0.0,7.0,49.0,0.08906334240666958,0.7408754332716758,0.7864583333333334,7.820840879907344,1.9459101490553132,0.6458333333333333,0.7437767267227173,0.16765808542414165,1.0,3.0,0.0,0.0,1.0,0.6931471805599453
7b,amazon,cold_start_user,28,0.6309297535714575,1.0,0.36907024642854247,7.0,49.0,0.08906334240666958,0.7408754332716758,0.7864583333333334,8.206037762778815,1.9459101490553132,0.6208333333333333,0.5174182454744976,0.18736621946562182,1.0,2.0,0.05263157894736842,0.0,1.0,0.6931471805599453
7b,amazon,cold_start_user,29,1.0,1.0,0.0,7.0,49.0,0.08906334240666958,0.7408754332716758,0.7864583333333334,8.206037762778815,1.9459101490553132,0.625,0.5190037171045939,0.1797177979283992,1.0,3.0,0.0,0.0,1.0,0.6931471805599453
7b,amazon,cold_start_user,30,1.0,1.0,0.0,7.0,49.0,0.08906334240666958,0.7408754332716758,0.7864583333333334,8.206037762778815,1.9459101490553132,0.6375,0.5248906830946605,0.18312345840923622,1.0,2.0,0.05263157894736842,0.0,1.0,0.6931471805599453
7b,amazon,cold_start_user,31,1.0,1.0,0.0,7.0,49.0,0.08906334240666958,0.7408754332716758,0.7864583333333334,8.855092980028635,1.9459101490553132,0.6333333333333333,0.733706033229828,0.1652077706180399,1.0,3.0,0.0,0.0,1.0,0.6931471805599453
7b,amazon,cold_start_user,32,1.0,1.0,0.0,7.0,49.0,0.08906334240666958,0.7408754332716758,0.7864583333333334,8.855092980028635,1.9459101490553132,0.625,0.5059503356615701,0.17541265954264945,1.0,3.0,0.0,0.0,1.0,0.6931471805599453
7b,amazon,cold_start_user,33,0.0,0.0,0.0,7.0,49.0,0.08906334240666958,0.7408754332716758,0.7864583333333334,8.855092980028635,1.9459101490553132,0.6208333333333333,0.5283486227194468,0.18039321977694622,1.0,3.0,0.0,0.0,1.0,0.6931471805599453
7b,amazon,cold_start_user,34,1.0,1.0,0.0,7.0,49.0,0.08906334240666958,0.7408754332716758,0.7864583333333334,7.820037989458753,1.791759469228055,0.6416666666666666,0.5424372653166454,0.17146487971532356,1.0,3.0,0.0,0.0,1.0,0.6931471805599453
7b,amazon,cold_start_user,35,0.0,1.0,1.0,7.0,49.0,0.08906334240666958,0.7408754332716758,0.7864583333333334,7.820037989458753,1.791759469228055,0.6375,0.5127606610457103,0.1734401923745942,1.0,3.0,0.0,0.0,1.0,0.6931471805599453
7b,amazon,cold_start_user,36,0.6309297535714575,1.0,0.36907024642854247,7.0,49.0,0.08906334240666958,0.7408754332716758,0.7864583333333334,7.820037989458753,1.791759469228055,0.6416666666666666,0.7373067378997802,0.16884680271492153,1.0,3.0,0.0,0.0,1.0,1.0986122886681096
7b,amazon,cold_start_user,37,1.0,1.0,0.0,7.0,49.0,0.08906334240666958,0.7408754332716758,0.7864583333333334,8.977398978181862,2.302585092994046,0.6583333333333333,0.5017666618029276,0.1790624009574163,1.0,3.0,0.0,0.0,1.0,0.6931471805599453
7b,amazon,cold_start_user,38,1.0,1.0,0.0,7.0,49.0,0.08906334240666958,0.7408754332716758,0.7864583333333334,8.977398978181862,2.302585092994046,0.625,0.5367980281511942,0.17836833499935045,1.0,3.0,0.0,0.0,1.0,0.6931471805599453
7b,amazon,cold_start_user,39,0.0,1.0,1.0,7.0,49.0,0.08906334240666958,0.7408754332716758,0.7864583333333334,8.298290634359283,1.791759469228055,0.625,0.53438627521197,0.18804195741888843,1.0,2.0,0.05263157894736842,0.0,1.0,0.6931471805599453
7b,amazon,cold_start_user,40,0.6309297535714575,1.0,0.36907024642854247,7.0,49.0,0.08906334240666958,0.7408754332716758,0.7864583333333334,8.298290634359283,1.791759469228055,0.6166666666666667,0.5436237672964732,0.18372747118130947,1.0,3.0,0.0,0.0,1.0,0.6931471805599453
7b,amazon,cold_start_user,41,1.0,1.0,0.0,7.0,49.0,0.08906334240666958,0.7408754332716758,0.7864583333333334,8.298290634359283,1.791759469228055,0.6416666666666666,0.5195498327414195,0.18989134649437742,1.0,3.0,0.0,0.0,1.0,0.6931471805599453
7b,amazon,cold_start_user,42,1.0,1.0,0.0,7.0,49.0,0.08906334240666958,0.7408754332716758,0.7864583333333334,8.683724062303869,1.9459101490553132,0.6333333333333333,0.5121110479036965,0.18310430135923964,1.0,3.0,0.0,0.0,1.0,0.6931471805599453
7b,amazon,cold_start_user,43,1.0,1.0,0.0,7.0,49.0,0.08906334240666958,0.7408754332716758,0.7864583333333334,8.683724062303869,1.9459101490553132,0.6458333333333333,0.5175429860750833,0.17886133478159938,1.0,3.0,0.0,0.0,1.0,0.6931471805599453
7b,amazon,cold_start_user,44,1.0,1.0,0.0,7.0,49.0,0.08906334240666958,0.7408754332716758,0.7864583333333334,8.683724062303869,1.9459101490553132,0.6291666666666667,0.5187720278898875,0.18569268446414375,1.0,3.0,0.0,0.0,1.0,0.6931471805599453
7b,amazon,cold_start_user,45,0.6309297535714575,0.6309297535714575,0.0,7.0,49.0,0.08906334240666958,0.7408754332716758,0.7864583333333334,7.597396320212795,1.791759469228055,0.6333333333333333,0.5134009758631387,0.17645863786916682,1.0,3.0,0.0,0.0,1.0,0.6931471805599453
7b,amazon,cold_start_user,46,0.6309297535714575,1.0,0.36907024642854247,7.0,49.0,0.08906334240666958,0.7408754332716758,0.7864583333333334,7.597396320212795,1.791759469228055,0.6291666666666667,0.7461762309074402,0.17554665217185156,1.0,3.0,0.0,0.0,1.0,0.6931471805599453
7b,amazon,cold_start_user,47,1.0,1.0,0.0,7.0,49.0,0.08906334240666958,0.7408754332716758,0.7864583333333334,7.597396320212795,1.791759469228055,0.6375,0.7450835883617402,0.16937997809658015,1.0,3.0,0.0,0.0,1.0,0.6931471805599453
7b,amazon,cold_start_user,48,1.0,1.0,0.0,7.0,49.0,0.08906334240666958,0.7408754332716758,0.7864583333333334,8.696510239189893,2.0794415416798357,0.6333333333333333,0.505098251501719,0.17564690422808082,1.0,3.0,0.0,0.0,1.0,1.0986122886681096
7b,amazon,cold_start_user,49,0.38685280723454163,1.0,0.6131471927654584,7.0,49.0,0.08906334240666958,0.7408754332716758,0.7864583333333334,8.696510239189893,2.0794415416798357,0.625,0.739516806602478,0.16763290668794165,1.0,3.0,0.0,0.0,1.0,0.6931471805599453
7b,amazon,cold_start_user,50,0.6309297535714575,1.0,0.36907024642854247,7.0,49.0,0.08906334240666958,0.7408754332716758,0.7864583333333334,8.696510239189893,2.0794415416798357,0.6458333333333333,0.503331838051478,0.17991842627338175,1.0,2.0,0.10526315789473684,0.0,1.0,0.6931471805599453
7b,amazon,cold_start_user,51,0.38685280723454163,0.6309297535714575,0.2440769463369159,7.0,49.0,0.08906334240666958,0.7408754332716758,0.7864583333333334,8.857657449306988,2.3978952727983707,0.6416666666666666,0.5048406879107157,0.18598500794685993,1.0,2.0,0.05263157894736842,0.0,1.0,0.6931471805599453
7b,amazon,cold_start_user,52,0.6309297535714575,0.0,-0.6309297535714575,7.0,49.0,0.08906334240666958,0.7408754332716758,0.7864583333333334,8.423321975806166,1.9459101490553132,0.6416666666666666,0.7475379347801209,0.16660004923574265,1.0,3.0,0.0,0.0,1.0,0.6931471805599453
7b,amazon,cold_start_user,53,0.0,0.6309297535714575,0.6309297535714575,7.0,49.0,0.08906334240666958,0.7408754332716758,0.7864583333333334,8.423321975806166,1.9459101490553132,0.6416666666666666,0.5227151075998943,0.17137961182686287,1.0,3.0,0.0,0.0,1.0,0.6931471805599453
7b,amazon,cold_start_user,54,1.0,1.0,0.0,7.0,49.0,0.08906334240666958,0.7408754332716758,0.7864583333333334,8.423321975806166,1.9459101490553132,0.6416666666666666,0.7312205016613007,0.16729440845177107,1.0,3.0,0.0,0.0,1.0,0.6931471805599453
7b,amazon,cold_start_user,55,1.0,1.0,0.0,7.0,49.0,0.08906334240666958,0.7408754332716758,0.7864583333333334,8.402231172946555,2.5649493574615367,0.6416666666666666,0.5173134426275889,0.18295711953063956,1.0,3.0,0.0,0.0,1.0,0.6931471805599453
7b,amazon,cold_start_user,56,0.6309297535714575,1.0,0.36907024642854247,7.0,49.0,0.08906334240666958,0.7408754332716758,0.7864583333333334,8.402231172946555,2.5649493574615367,0.6375,0.5192858139673868,0.17289642219650544,1.0,3.0,0.0,0.0,1.0,0.6931471805599453
7b,amazon,cold_start_user,57,1.0,1.0,0.0,7.0,49.0,0.08906334240666958,0.7408754332716758,0.7864583333333334,8.22121009392507,1.791759469228055,0.6333333333333333,0.5153888324896494,0.18035457543082725,1.0,3.0,0.0,0.0,1.0,0.6931471805599453
7b,amazon,cold_start_user,58,1.0,1.0,0.0,7.0,49.0,0.08906334240666958,0.7408754332716758,0.7864583333333334,8.22121009392507,1.791759469228055,0.6416666666666666,0.2840608616669972,0.20494891126532108,1.0,3.0,0.0,0.0,1.0,0.6931471805599453
7b,amazon,cold_start_user,59,1.0,1.0,0.0,7.0,49.0,0.08906334240666958,0.7408754332716758,0.7864583333333334,8.22121009392507,1.791759469228055,0.6458333333333333,0.5221613923708598,0.18231719283237235,1.0,3.0,0.0,0.0,1.0,0.6931471805599453
7b,amazon,cold_start_user,60,0.0,0.43067655807339306,0.43067655807339306,7.0,49.0,0.08906334240666958,0.7408754332716758,0.7864583333333334,7.612336837167746,1.9459101490553132,0.6333333333333333,0.74978067278862,0.16955629148445758,1.0,3.0,0.0,0.0,1.0,1.0986122886681096
7b,amazon,cold_start_user,61,1.0,1.0,0.0,7.0,49.0,0.08906334240666958,0.7408754332716758,0.7864583333333334,7.612336837167746,1.9459101490553132,0.625,0.5086028973261514,0.1824862298383166,1.0,2.0,0.05263157894736842,0.0,1.0,0.6931471805599453
7b,amazon,cold_start_user,62,1.0,1.0,0.0,7.0,49.0,0.08906334240666958,0.7408754332716758,0.7864583333333334,7.612336837167746,1.9459101490553132,0.6416666666666666,0.5091971854368846,0.17617108013578664,1.0,3.0,0.0,0.0,1.0,0.6931471805599453
7b,amazon,cold_start_user,63,0.0,0.5,0.5,7.0,49.0,0.08906334240666958,0.7408754332716758,0.7864583333333334,8.554488976159934,2.3978952727983707,0.6416666666666666,0.4996949950853983,0.18385800867906896,1.0,3.0,0.0,0.0,1.0,0.6931471805599453
7b,amazon,cold_start_user,64,0.0,1.0,1.0,7.0,49.0,0.08906334240666958,0.7408754332716758,0.7864583333333334,9.101083386039234,2.833213344056216,0.65,0.512469498316447,0.18566757493149016,1.0,3.0,0.0,0.0,1.0,0.6931471805599453
7b,amazon,cold_start_user,65,1.0,1.0,0.0,7.0,49.0,0.08906334240666958,0.7408754332716758,0.7864583333333334,8.241966560231802,2.4849066497880004,0.625,0.5149630943934123,0.18006409777957014,1.0,2.0,0.05263157894736842,0.0,1.0,0.6931471805599453
7b,amazon,cold_start_user,66,1.0,1.0,0.0,7.0,49.0,0.08906334240666958,0.7408754332716758,0.7864583333333334,8.885440911707585,2.302585092994046,0.6416666666666666,0.5609604756037394,0.17022783170477798,1.0,3.0,0.0,0.0,1.0,0.6931471805599453
7b,amazon,cold_start_user,67,1.0,1.0,0.0,7.0,49.0,0.08906334240666958,0.7408754332716758,0.7864583333333334,8.885440911707585,2.302585092994046,0.625,0.4947118262449899,0.18079608558249374,1.0,3.0,0.0,0.0,1.0,0.6931471805599453
7b,amazon,cold_start_user,68,1.0,1.0,0.0,7.0,49.0,0.08906334240666958,0.7408754332716758,0.7864583333333334,8.885440911707585,2.302585092994046,0.65,0.5116535703341165,0.18016404486906276,1.0,2.0,0.05263157894736842,0.0,1.0,0.6931471805599453
7b,amazon,cold_start_user,69,0.6309297535714575,1.0,0.36907024642854247,7.0,49.0,0.08906334240666958,0.7408754332716758,0.7864583333333334,8.171599480345463,2.1972245773362196,0.6416666666666666,0.5095701018969219,0.18857450768873374,1.0,3.0,0.0,0.0,1.0,0.6931471805599453
7b,amazon,cold_start_user,70,1.0,1.0,0.0,7.0,49.0,0.08906334240666958,0.7408754332716758,0.7864583333333334,8.171599480345463,2.1972245773362196,0.625,0.5120998005072276,0.18596194091166052,1.0,3.0,0.0,0.0,1.0,0.6931471805599453
7b,amazon,cold_start_user,71,0.0,1.0,1.0,7.0,49.0,0.08906334240666958,0.7408754332716758,0.7864583333333334,8.171599480345463,2.1972245773362196,0.6375,0.5143343309561411,0.17714954053301507,1.0,3.0,0.0,0.0,1.0,0.6931471805599453
7b,amazon,cold_start_user,72,1.0,1.0,0.0,7.0,49.0,0.08906334240666958,0.7408754332716758,0.7864583333333334,9.1235835080499,2.4849066497880004,0.6416666666666666,0.5237124601999918,0.17777525223443177,1.0,3.0,0.0,0.0,1.0,0.6931471805599453
7b,amazon,cold_start_user,73,0.0,0.38685280723454163,0.38685280723454163,7.0,49.0,0.08906334240666958,0.7408754332716758,0.7864583333333334,9.1235835080499,2.4849066497880004,0.6541666666666666,0.515652851263682,0.18425665406958547,1.0,2.0,0.05263157894736842,0.0,1.0,0.6931471805599453
7b,amazon,cold_start_user,74,1.0,1.0,0.0,7.0,49.0,0.08906334240666958,0.7408754332716758,0.7864583333333334,7.455876687491824,1.791759469228055,0.65,0.5167930404345193,0.1883224040314118,1.0,3.0,0.0,0.0,1.0,1.0986122886681096
7b,amazon,cold_start_user,75,0.6309297535714575,1.0,0.36907024642854247,7.0,49.0,0.08906334240666958,0.7408754332716758,0.7864583333333334,7.455876687491824,1.791759469228055,0.6416666666666666,0.5280311385790507,0.1901471225814503,1.0,2.0,0.10526315789473684,0.0,1.0,0.6931471805599453
7b,amazon,cold_start_user,76,0.5,1.0,0.5,7.0,49.0,0.08906334240666958,0.7408754332716758,0.7864583333333334,7.455876687491824,1.791759469228055,0.6458333333333333,0.5154903630415599,0.18518079179093622,1.0,3.0,0.0,0.0,1.0,0.6931471805599453
7b,amazon,cold_start_user,77,0.0,0.43067655807339306,0.43067655807339306,7.0,49.0,0.08906334240666958,0.7408754332716758,0.7864583333333334,8.621733370690162,1.9459101490553132,0.625,0.519359181324641,0.17619602949734017,1.0,3.0,0.0,0.0,1.0,0.6931471805599453
7b,amazon,cold_start_user,78,0.6309297535714575,1.0,0.36907024642854247,7.0,49.0,0.08906334240666958,0.7408754332716758,0.7864583333333334,8.621733370690162,1.9459101490553132,0.6416666666666666,0.5208045879999796,0.18005551362529604,1.0,3.0,0.0,0.0,1.0,0.6931471805599453
7b,amazon,cold_start_user,79,1.0,1.0,0.0,7.0,49.0,0.08906334240666958,0.7408754332716758,0.7864583333333334,8.621733370690162,1.9459101490553132,0.625,0.517056934038798,0.1838353901977127,1.0,3.0,0.0,0.0,1.0,0.6931471805599453
7b,amazon,cold_start_user,80,1.0,1.0,0.0,7.0,49.0,0.08906334240666958,0.7408754332716758,0.7864583333333334,7.932721027481948,1.9459101490553132,0.6458333333333333,0.5062537292639414,0.18907597669398996,1.0,3.0,0.0,0.0,1.0,1.0986122886681096
7b,amazon,cold_start_user,81,0.5,0.5,0.0,7.0,49.0,0.08906334240666958,0.7408754332716758,0.7864583333333334,7.932721027481948,1.9459101490553132,0.6375,0.5113950232664745,0.18791117719151218,1.0,3.0,0.0,0.0,1.0,0.6931471805599453
7b,amazon,cold_start_user,82,0.0,1.0,1.0,7.0,49.0,0.08906334240666958,0.7408754332716758,0.7864583333333334,7.932721027481948,1.9459101490553132,0.6416666666666666,0.2907612522443135,0.2009790761933628,1.0,3.0,0.0,0.0,1.0,1.791759469228055
7b,amazon,cold_start_user,83,1.0,1.0,0.0,7.0,49.0,0.08906334240666958,0.7408754332716758,0.7864583333333334,8.837681215593197,1.791759469228055,0.6375,0.7377835810184479,0.16873934563512094,1.0,3.0,0.0,0.0,1.0,0.6931471805599453
7b,amazon,cold_start_user,84,0.6309297535714575,1.0,0.36907024642854247,7.0,49.0,0.08906334240666958,0.7408754332716758,0.7864583333333334,8.837681215593197,1.791759469228055,0.6416666666666666,0.5337984601656595,0.182762235775507,1.0,3.0,0.0,0.0,1.0,0.6931471805599453
7b,amazon,cold_start_user,85,1.0,1.0,0.0,7.0,49.0,0.08906334240666958,0.7408754332716758,0.7864583333333334,8.837681215593197,1.791759469228055,0.6333333333333333,0.5498718837896982,0.17595748781020465,1.0,3.0,0.0,0.0,1.0,0.6931471805599453
7b,amazon,cold_start_user,86,1.0,1.0,0.0,7.0,49.0,0.08906334240666958,0.7408754332716758,0.7864583333333334,8.56216655705897,1.791759469228055,0.6375,0.5066283623377482,0.1818185462719594,1.0,3.0,0.0,0.0,1.0,0.6931471805599453
7b,amazon,cold_start_user,87,0.43067655807339306,1.0,0.5693234419266069,7.0,49.0,0.08906334240666958,0.7408754332716758,0.7864583333333334,8.56216655705897,1.791759469228055,0.625,0.512365965048472,0.1822895483705227,1.0,3.0,0.0,0.0,1.0,1.0986122886681096
7b,amazon,cold_start_user,88,1.0,1.0,0.0,7.0,49.0,0.08906334240666958,0.7408754332716758,0.7864583333333334,8.56216655705897,1.791759469228055,0.6291666666666667,0.5406083206335703,0.17107572308507135,1.0,3.0,0.0,0.0,1.0,0.6931471805599453
7b,amazon,cold_start_user,89,1.0,1.0,0.0,7.0,49.0,0.08906334240666958,0.7408754332716758,0.7864583333333334,9.328567753340833,1.791759469228055,0.6541666666666666,0.5121282140413921,0.17489706337073602,1.0,3.0,0.0,0.0,1.0,0.6931471805599453
7b,amazon,cold_start_user,90,0.0,0.0,0.0,7.0,49.0,0.08906334240666958,0.7408754332716758,0.7864583333333334,9.328567753340833,1.791759469228055,0.625,0.5590929249922434,0.1749374912875673,1.0,3.0,0.0,0.0,1.0,0.6931471805599453
7b,amazon,cold_start_user,91,0.0,1.0,1.0,7.0,49.0,0.08906334240666958,0.7408754332716758,0.7864583333333334,9.328567753340833,1.791759469228055,0.6416666666666666,0.4965143422285716,0.18826603520457943,1.0,3.0,0.0,0.0,1.0,0.6931471805599453
7b,amazon,cold_start_user,92,0.6309297535714575,0.6309297535714575,0.0,7.0,49.0,0.08906334240666958,0.7408754332716758,0.7864583333333334,9.445412494155667,2.3978952727983707,0.6458333333333333,0.2714832146962485,0.20099370029152724,1.0,2.0,0.05263157894736842,0.0,1.0,0.6931471805599453
7b,amazon,cold_start_user,93,0.6309297535714575,1.0,0.36907024642854247,7.0,49.0,0.08906334240666958,0.7408754332716758,0.7864583333333334,7.627544390488503,1.791759469228055,0.6416666666666666,0.5227858106295267,0.1791399420591297,1.0,3.0,0.0,0.0,1.0,0.6931471805599453
7b,amazon,cold_start_user,94,1.0,1.0,0.0,7.0,49.0,0.08906334240666958,0.7408754332716758,0.7864583333333334,7.627544390488503,1.791759469228055,0.6416666666666666,0.2790762623151143,0.1972551683767278,1.0,3.0,0.0,0.0,1.0,0.6931471805599453
7b,amazon,cold_start_user,95,1.0,1.0,0.0,7.0,49.0,0.08906334240666958,0.7408754332716758,0.7864583333333334,7.627544390488503,1.791759469228055,0.6458333333333333,0.7402794480323791,0.16748449526201112,1.0,3.0,0.0,0.0,1.0,0.6931471805599453
7b,amazon,cold_start_user,96,1.0,1.0,0.0,7.0,49.0,0.08906334240666958,0.7408754332716758,0.7864583333333334,7.564757012905729,1.791759469228055,0.6291666666666667,0.554642782608668,0.1745534595081744,1.0,3.0,0.0,0.0,1.0,0.6931471805599453
7b,amazon,cold_start_user,97,1.0,1.0,0.0,7.0,49.0,0.08906334240666958,0.7408754332716758,0.7864583333333334,7.564757012905729,1.791759469228055,0.6416666666666666,0.5284621159235635,0.17261229024642205,1.0,3.0,0.0,0.0,1.0,0.6931471805599453
7b,amazon,cold_start_user,98,0.5,0.6309297535714575,0.13092975357145753,7.0,49.0,0.08906334240666958,0.7408754332716758,0.7864583333333334,7.564757012905729,1.791759469228055,0.6458333333333333,0.5364921311537425,0.17306792152257414,1.0,2.0,0.05263157894736842,0.0,1.0,0.6931471805599453
7b,amazon,cold_start_user,99,0.0,1.0,1.0,7.0,49.0,0.08906334240666958,0.7408754332716758,0.7864583333333334,9.02977726819709,2.1972245773362196,0.6291666666666667,0.5137803653875985,0.180847889577837,1.0,3.0,0.0,0.0,1.0,0.6931471805599453
7b,amazon,cold_start_user,100,0.5,1.0,0.5,7.0,49.0,0.08906334240666958,0.7408754332716758,0.7864583333333334,9.02977726819709,2.1972245773362196,0.6333333333333333,0.54336625734965,0.1703274309790069,1.0,3.0,0.0,0.0,1.0,1.3862943611198906
7b,amazon,cold_start_user,101,1.0,1.0,0.0,7.0,49.0,0.08906334240666958,0.7408754332716758,0.7864583333333334,8.143226750367443,2.302585092994046,0.6375,0.509550432364146,0.19131128318941384,1.0,3.0,0.0,0.0,1.0,0.6931471805599453
7b,amazon,cold_start_user,102,1.0,1.0,0.0,7.0,49.0,0.08906334240666958,0.7408754332716758,0.7864583333333334,8.143226750367443,2.302585092994046,0.6375,0.2987748523553213,0.1996658188988627,1.0,2.0,0.05263157894736842,0.0,1.0,1.0986122886681096
7b,amazon,cold_start_user,103,1.0,1.0,0.0,7.0,49.0,0.08906334240666958,0.7408754332716758,0.7864583333333334,8.0323601479245,2.1972245773362196,0.65,0.5091846863428752,0.17790370920577275,1.0,3.0,0.0,0.0,1.0,1.0986122886681096
7b,amazon,cold_start_user,104,1.0,1.0,0.0,7.0,49.0,0.08906334240666958,0.7408754332716758,0.7864583333333334,8.0323601479245,2.1972245773362196,0.6583333333333333,0.7408645451068877,0.16607037824167603,1.0,3.0,0.0,0.0,1.0,0.6931471805599453
7b,amazon,cold_start_user,105,1.0,1.0,0.0,7.0,49.0,0.08906334240666958,0.7408754332716758,0.7864583333333334,8.0323601479245,2.1972245773362196,0.6375,0.5256504992643991,0.17371666242127534,1.0,3.0,0.0,0.0,1.0,0.6931471805599453
7b,amazon,cold_start_user,106,1.0,1.0,0.0,7.0,49.0,0.08906334240666958,0.7408754332716758,0.7864583333333334,7.494430215031565,1.791759469228055,0.6333333333333333,0.5318552891413371,0.17394829227243977,1.0,3.0,0.0,0.0,1.0,0.6931471805599453
7b,amazon,cold_start_user,107,0.43067655807339306,0.6309297535714575,0.20025319549806447,7.0,49.0,0.08906334240666958,0.7408754332716758,0.7864583333333334,7.494430215031565,1.791759469228055,0.6416666666666666,0.49327886501948026,0.18979734177571064,1.0,3.0,0.0,0.0,1.0,0.6931471805599453
7b,amazon,cold_start_user,108,1.0,1.0,0.0,7.0,49.0,0.08906334240666958,0.7408754332716758,0.7864583333333334,7.494430215031565,1.791759469228055,0.65,0.5016477326552072,0.1804831515314456,1.0,2.0,0.05263157894736842,0.0,1.0,0.6931471805599453
7b,amazon,cold_start_user,109,1.0,1.0,0.0,7.0,49.0,0.08906334240666958,0.7408754332716758,0.7864583333333334,8.021912778985708,1.791759469228055,0.6375,0.7490947246551513,0.17050628626160538,1.0,3.0,0.0,0.0,1.0,0.6931471805599453
7b,amazon,cold_start_user,110,0.43067655807339306,1.0,0.5693234419266069,7.0,49.0,0.08906334240666958,0.7408754332716758,0.7864583333333334,8.021912778985708,1.791759469228055,0.65,0.5095207492510477,0.18883513123987114,1.0,3.0,0.0,0.0,1.0,1.0986122886681096
7b,amazon,cold_start_user,111,0.6309297535714575,1.0,0.36907024642854247,7.0,49.0,0.08906334240666958,0.7408754332716758,0.7864583333333334,8.021912778985708,1.791759469228055,0.6583333333333333,0.7403412818908691,0.16765696601432528,1.0,3.0,0.0,0.0,1.0,0.6931471805599453
7b,amazon,cold_start_user,112,1.0,1.0,0.0,7.0,49.0,0.08906334240666958,0.7408754332716758,0.7864583333333334,8.45531778769815,2.5649493574615367,0.625,0.5135242859522502,0.17249363527477043,1.0,3.0,0.0,0.0,1.0,0.6931471805599453
7b,amazon,cold_start_user,113,1.0,1.0,0.0,7.0,49.0,0.08906334240666958,0.7408754332716758,0.7864583333333334,8.107418811719974,1.9459101490553132,0.6291666666666667,0.518977055946986,0.18433489663272085,1.0,3.0,0.0,0.0,1.0,0.6931471805599453
7b,amazon,cold_start_user,114,1.0,1.0,0.0,7.0,49.0,0.08906334240666958,0.7408754332716758,0.7864583333333334,8.107418811719974,1.9459101490553132,0.6333333333333333,0.5123350302378336,0.17855041184197054,1.0,3.0,0.0,0.0,1.0,0.6931471805599453
7b,amazon,cold_start_user,115,1.0,1.0,0.0,7.0,49.0,0.08906334240666958,0.7408754332716758,0.7864583333333334,8.107418811719974,1.9459101490553132,0.6208333333333333,0.5219424347082773,0.18012127469655842,1.0,3.0,0.0,0.0,1.0,0.6931471805599453
7b,amazon,cold_start_user,116,0.6309297535714575,1.0,0.36907024642854247,7.0,49.0,0.08906334240666958,0.7408754332716758,0.7864583333333334,8.230843564198235,2.1972245773362196,0.6416666666666666,0.5043889681498209,0.18894950002491362,1.0,3.0,0.0,0.0,1.0,0.6931471805599453
7b,amazon,cold_start_user,117,0.6309297535714575,1.0,0.36907024642854247,7.0,49.0,0.08906334240666958,0.7408754332716758,0.7864583333333334,8.230843564198235,2.1972245773362196,0.6458333333333333,0.5135360161463418,0.17947240430452868,1.0,3.0,0.0,0.0,1.0,0.6931471805599453
7b,amazon,cold_start_user,118,0.0,0.0,0.0,7.0,49.0,0.08906334240666958,0.7408754332716758,0.7864583333333334,7.937731775260109,1.9459101490553132,0.625,0.5080304602781931,0.1786843664628196,1.0,3.0,0.0,0.0,1.0,0.6931471805599453
7b,amazon,cold_start_user,119,1.0,1.0,0.0,7.0,49.0,0.08906334240666958,0.7408754332716758,0.7864583333333334,7.937731775260109,1.9459101490553132,0.6416666666666666,0.5021663288275401,0.1852138782887346,1.0,3.0,0.0,0.0,1.0,0.6931471805599453
7b,amazon,cold_start_user,120,1.0,1.0,0.0,7.0,49.0,0.08906334240666958,0.7408754332716758,0.7864583333333334,7.937731775260109,1.9459101490553132,0.6291666666666667,0.5138929824034373,0.17978718087812606,1.0,3.0,0.0,0.0,1.0,1.0986122886681096
7b,amazon,cold_start_user,121,1.0,1.0,0.0,7.0,49.0,0.08906334240666958,0.7408754332716758,0.7864583333333334,8.758883680017025,2.302585092994046,0.6208333333333333,0.5400452355543772,0.17147796206811156,1.0,3.0,0.0,0.0,1.0,0.6931471805599453
7b,amazon,cold_start_user,122,1.0,1.0,0.0,7.0,49.0,0.08906334240666958,0.7408754332716758,0.7864583333333334,8.758883680017025,2.302585092994046,0.65,0.2634695967038473,0.19878103571905514,1.0,3.0,0.0,0.0,1.0,1.3862943611198906
7b,amazon,cold_start_user,123,0.6309297535714575,0.5,-0.13092975357145753,7.0,49.0,0.08906334240666958,0.7408754332716758,0.7864583333333334,8.549466751966532,2.302585092994046,0.6416666666666666,0.5240390459696451,0.18024696868731546,1.0,3.0,0.0,0.0,1.0,0.6931471805599453
7b,amazon,cold_start_user,124,0.6309297535714575,1.0,0.36907024642854247,7.0,49.0,0.08906334240666958,0.7408754332716758,0.7864583333333334,8.549466751966532,2.302585092994046,0.6458333333333333,0.26804086764653534,0.19912182904732215,1.0,2.0,0.05263157894736842,0.0,1.0,1.0986122886681096
7b,amazon,cold_start_user,125,0.0,0.0,0.0,7.0,49.0,0.08906334240666958,0.7408754332716758,0.7864583333333334,9.4053313318708,2.639057329615259,0.6375,0.4997109274069469,0.18051674955644317,1.0,3.0,0.0,0.0,1.0,0.6931471805599453
7b,amazon,cold_start_user,126,1.0,1.0,0.0,7.0,49.0,0.08906334240666958,0.7408754332716758,0.7864583333333334,9.4053313318708,2.639057329615259,0.65,0.4993385116259257,0.18389254705166289,1.0,2.0,0.05263157894736842,0.0,1.0,0.6931471805599453
7b,amazon,cold_start_user,127,0.43067655807339306,1.0,0.5693234419266069,7.0,49.0,0.08906334240666958,0.7408754332716758,0.7864583333333334,8.636752426473876,2.0794415416798357,0.6333333333333333,0.5126263717810312,0.17746728409715978,1.0,3.0,0.0,0.0,1.0,0.6931471805599453
7b,amazon,cold_start_user,128,0.0,1.0,1.0,7.0,49.0,0.08906334240666958,0.7408754332716758,0.7864583333333334,8.636752426473876,2.0794415416798357,0.6416666666666666,0.5226814369360606,0.17989607975806676,1.0,3.0,0.0,0.0,1.0,0.6931471805599453
7b,amazon,cold_start_user,129,0.5,1.0,0.5,7.0,49.0,0.08906334240666958,0.7408754332716758,0.7864583333333334,8.636752426473876,2.0794415416798357,0.6333333333333333,0.2759944935639699,0.20375031245256184,1.0,2.0,0.05263157894736842,0.0,1.0,0.6931471805599453
7b,amazon,cold_start_user,130,1.0,1.0,0.0,7.0,49.0,0.08906334240666958,0.7408754332716758,0.7864583333333334,9.574080300037034,2.70805020110221,0.6333333333333333,0.5165297190348307,0.18375569651166096,1.0,3.0,0.0,0.0,1.0,0.6931471805599453
7b,amazon,cold_start_user,131,0.43067655807339306,1.0,0.5693234419266069,7.0,49.0,0.08906334240666958,0.7408754332716758,0.7864583333333334,9.574080300037034,2.70805020110221,0.6291666666666667,0.5280639866987863,0.17291733012413826,1.0,3.0,0.0,0.0,1.0,0.6931471805599453
7b,amazon,cold_start_user,132,1.0,1.0,0.0,7.0,49.0,0.08906334240666958,0.7408754332716758,0.7864583333333334,8.385944904806284,2.1972245773362196,0.65,0.5188361326853433,0.17541236853200554,1.0,3.0,0.0,0.0,1.0,0.6931471805599453
7b,amazon,cold_start_user,133,0.5,1.0,0.5,7.0,49.0,0.08906334240666958,0.7408754332716758,0.7864583333333334,8.385944904806284,2.1972245773362196,0.6291666666666667,0.7396398842334748,0.16789808737254766,1.0,3.0,0.0,0.0,1.0,0.6931471805599453
7b,amazon,cold_start_user,134,1.0,1.0,0.0,7.0,49.0,0.08906334240666958,0.7408754332716758,0.7864583333333334,8.385944904806284,2.1972245773362196,0.6375,0.5045782963434855,0.1851723728605863,1.0,3.0,0.0,0.0,1.0,0.6931471805599453
7b,amazon,cold_start_user,135,1.0,1.0,0.0,7.0,49.0,0.08906334240666958,0.7408754332716758,0.7864583333333334,7.5883236773352225,1.9459101490553132,0.6416666666666666,0.5553796748320261,0.18021984244863776,1.0,3.0,0.0,0.0,1.0,0.6931471805599453
7b,amazon,cold_start_user,136,1.0,1.0,0.0,7.0,49.0,0.08906334240666958,0.7408754332716758,0.7864583333333334,7.5883236773352225,1.9459101490553132,0.6541666666666666,0.517897645632426,0.1910937617093656,1.0,3.0,0.0,0.0,1.0,0.6931471805599453
7b,amazon,cold_start_user,137,1.0,1.0,0.0,7.0,49.0,0.08906334240666958,0.7408754332716758,0.7864583333333334,7.5883236773352225,1.9459101490553132,0.65,0.5562257329622905,0.17636767536367595,1.0,3.0,0.0,0.0,1.0,0.6931471805599453
7b,amazon,cold_start_user,138,1.0,1.0,0.0,7.0,49.0,0.08906334240666958,0.7408754332716758,0.7864583333333334,8.512783482927537,2.302585092994046,0.6291666666666667,0.532713900009791,0.18317944984266377,1.0,3.0,0.0,0.0,1.0,0.6931471805599453
7b,amazon,cold_start_user,139,0.43067655807339306,0.6309297535714575,0.20025319549806447,7.0,49.0,0.08906334240666958,0.7408754332716758,0.7864583333333334,8.512783482927537,2.302585092994046,0.6416666666666666,0.5147886971632639,0.18145088232701087,1.0,3.0,0.0,0.0,1.0,0.6931471805599453
7b,amazon,cold_start_user,140,1.0,1.0,0.0,7.0,49.0,0.08906334240666958,0.7408754332716758,0.7864583333333334,8.512783482927537,2.302585092994046,0.6333333333333333,0.5069421271483102,0.18661279200667488,1.0,3.0,0.0,0.0,1.0,0.6931471805599453
7b,amazon,cold_start_user,141,1.0,1.0,0.0,7.0,49.0,0.08906334240666958,0.7408754332716758,0.7864583333333334,9.10219821335648,2.995732273553991,0.65,0.4975982050100961,0.18402747810751371,1.0,3.0,0.0,0.0,1.0,0.6931471805599453
7b,amazon,cold_start_user,142,0.5,1.0,0.5,7.0,49.0,0.08906334240666958,0.7408754332716758,0.7864583333333334,9.41548287218084,2.3978952727983707,0.6125,0.5039564530054728,0.18573761434231137,1.0,3.0,0.0,0.0,1.0,0.6931471805599453
7b,amazon,cold_start_user,143,1.0,1.0,0.0,7.0,49.0,0.08906334240666958,0.7408754332716758,0.7864583333333334,9.41548287218084,2.3978952727983707,0.6416666666666666,0.5140581170717874,0.1749491331822351,1.0,3.0,0.0,0.0,1.0,0.6931471805599453
7b,amazon,cold_start_user,144,1.0,1.0,0.0,7.0,49.0,0.08906334240666958,0.7408754332716758,0.7864583333333334,8.780018887869153,1.9459101490553132,0.6416666666666666,0.5221155623594919,0.17523567006287502,1.0,3.0,0.0,0.0,1.0,0.6931471805599453
7b,amazon,cold_start_user,145,1.0,1.0,0.0,7.0,49.0,0.08906334240666958,0.7408754332716758,0.7864583333333334,8.780018887869153,1.9459101490553132,0.65,0.511236790815989,0.181805465524017,1.0,3.0,0.0,0.0,1.0,0.6931471805599453
7b,amazon,cold_start_user,146,1.0,1.0,0.0,7.0,49.0,0.08906334240666958,0.7408754332716758,0.7864583333333334,8.780018887869153,1.9459101490553132,0.6458333333333333,0.526946864525477,0.18181232327287822,1.0,3.0,0.0,0.0,1.0,0.6931471805599453
7b,amazon,cold_start_user,147,0.0,0.0,0.0,7.0,49.0,0.08906334240666958,0.7408754332716758,0.7864583333333334,9.464982590349763,2.3978952727983707,0.6375,0.5554885367552438,0.1684432511023171,1.0,3.0,0.0,0.0,1.0,0.6931471805599453
7b,amazon,cold_start_user,148,1.0,1.0,0.0,7.0,49.0,0.08906334240666958,0.7408754332716758,0.7864583333333334,9.464982590349763,2.3978952727983707,0.6458333333333333,0.5004749993483226,0.18243294685585731,1.0,3.0,0.0,0.0,1.0,0.6931471805599453
7b,amazon,cold_start_user,149,0.6309297535714575,1.0,0.36907024642854247,7.0,49.0,0.08906334240666958,0.7408754332716758,0.7864583333333334,9.724001970561382,3.367295829986474,0.6375,0.5070931891600291,0.17782408933096122,1.0,3.0,0.0,0.0,1.0,0.6931471805599453
7b,amazon,cold_start_user,150,1.0,1.0,0.0,7.0,49.0,0.08906334240666958,0.7408754332716758,0.7864583333333334,8.619027497297505,2.0794415416798357,0.6458333333333333,0.5116168240706126,0.1731965719429895,1.0,3.0,0.0,0.0,1.0,0.6931471805599453
7b,amazon,cold_start_user,151,1.0,1.0,0.0,7.0,49.0,0.08906334240666958,0.7408754332716758,0.7864583333333334,8.619027497297505,2.0794415416798357,0.6291666666666667,0.5216024021307628,0.17802835740768322,1.0,3.0,0.0,0.0,1.0,0.6931471805599453
7b,amazon,cold_start_user,152,1.0,1.0,0.0,7.0,49.0,0.08906334240666958,0.7408754332716758,0.7864583333333334,8.45638105201948,2.1972245773362196,0.6291666666666667,0.5170535365740457,0.18051017138864003,1.0,3.0,0.0,0.0,1.0,0.6931471805599453
7b,amazon,cold_start_user,153,1.0,1.0,0.0,7.0,49.0,0.08906334240666958,0.7408754332716758,0.7864583333333334,8.45638105201948,2.1972245773362196,0.6375,0.507448653380076,0.17938314650661452,1.0,3.0,0.0,0.0,1.0,0.6931471805599453
7b,amazon,cold_start_user,154,0.0,0.6309297535714575,0.6309297535714575,7.0,49.0,0.08906334240666958,0.7408754332716758,0.7864583333333334,8.45638105201948,2.1972245773362196,0.6291666666666667,0.5004952947298686,0.1875271969093274,1.0,3.0,0.0,0.0,1.0,0.6931471805599453
7b,amazon,cold_start_user,155,1.0,1.0,0.0,7.0,49.0,0.08906334240666958,0.7408754332716758,0.7864583333333334,7.893198869544609,2.0794415416798357,0.6291666666666667,0.5365024844805399,0.1777324773207289,1.0,3.0,0.0,0.0,1.0,0.6931471805599453
7b,amazon,cold_start_user,156,1.0,1.0,0.0,7.0,49.0,0.08906334240666958,0.7408754332716758,0.7864583333333334,7.893198869544609,2.0794415416798357,0.6375,0.5155317763487498,0.18269074751825568,1.0,2.0,0.05263157894736842,0.0,1.0,0.6931471805599453
7b,amazon,cold_start_user,157,1.0,1.0,0.0,7.0,49.0,0.08906334240666958,0.7408754332716758,0.7864583333333334,7.523481312573497,1.791759469228055,0.6208333333333333,0.5132008115450541,0.1889068798635519,1.0,2.0,0.05263157894736842,0.0,1.0,0.6931471805599453
7b,amazon,cold_start_user,158,1.0,1.0,0.0,7.0,49.0,0.08906334240666958,0.7408754332716758,0.7864583333333334,7.523481312573497,1.791759469228055,0.6291666666666667,0.5136792997519174,0.18000610669542694,1.0,3.0,0.0,0.0,1.0,0.6931471805599453
7b,amazon,cold_start_user,159,1.0,1.0,0.0,7.0,49.0,0.08906334240666958,0.7408754332716758,0.7864583333333334,7.523481312573497,1.791759469228055,0.6458333333333333,0.5292288521925609,0.17721381218878057,1.0,3.0,0.0,0.0,1.0,0.6931471805599453
7b,amazon,cold_start_user,160,1.0,1.0,0.0,7.0,49.0,0.08906334240666958,0.7408754332716758,0.7864583333333334,7.718685495198466,1.791759469228055,0.6166666666666667,0.5131536225477855,0.18319756637020723,1.0,3.0,0.0,0.0,1.0,0.6931471805599453
7b,amazon,cold_start_user,161,0.6309297535714575,1.0,0.36907024642854247,7.0,49.0,0.08906334240666958,0.7408754332716758,0.7864583333333334,7.718685495198466,1.791759469228055,0.65,0.5118311683336894,0.18207258232411308,1.0,3.0,0.0,0.0,1.0,0.6931471805599453
7b,amazon,cold_start_user,162,1.0,1.0,0.0,7.0,49.0,0.08906334240666958,0.7408754332716758,0.7864583333333334,7.718685495198466,1.791759469228055,0.6375,0.5463611582914987,0.18297737657284607,1.0,3.0,0.0,0.0,1.0,0.6931471805599453
7b,amazon,cold_start_user,163,1.0,1.0,0.0,7.0,49.0,0.08906334240666958,0.7408754332716758,0.7864583333333334,9.364605330987612,2.4849066497880004,0.6416666666666666,0.5112481455008189,0.18111897844549507,1.0,3.0,0.0,0.0,1.0,1.3862943611198906
7b,amazon,cold_start_user,164,1.0,1.0,0.0,7.0,49.0,0.08906334240666958,0.7408754332716758,0.7864583333333334,8.11102783819368,2.1972245773362196,0.6375,0.5130979220072428,0.17910472018585777,1.0,3.0,0.0,0.0,1.0,0.6931471805599453
7b,amazon,cold_start_user,165,1.0,1.0,0.0,7.0,49.0,0.08906334240666958,0.7408754332716758,0.7864583333333334,8.11102783819368,2.1972245773362196,0.6458333333333333,0.528338752190272,0.17565712605911363,1.0,3.0,0.0,0.0,1.0,0.6931471805599453
7b,amazon,cold_start_user,166,1.0,1.0,0.0,7.0,49.0,0.08906334240666958,0.7408754332716758,0.7864583333333334,8.449556542700426,1.791759469228055,0.6333333333333333,0.4949095765749614,0.19514564478662025,1.0,2.0,0.05263157894736842,0.0,1.0,0.6931471805599453
7b,amazon,cold_start_user,167,1.0,1.0,0.0,7.0,49.0,0.08906334240666958,0.7408754332716758,0.7864583333333334,8.449556542700426,1.791759469228055,0.6416666666666666,0.5629541258017222,0.18265649623326402,1.0,3.0,0.0,0.0,1.0,0.6931471805599453
7b,amazon,cold_start_user,168,1.0,1.0,0.0,7.0,49.0,0.08906334240666958,0.7408754332716758,0.7864583333333334,8.449556542700426,1.791759469228055,0.6375,0.512017689148585,0.18632234341648266,1.0,3.0,0.0,0.0,1.0,0.6931471805599453
7b,amazon,cold_start_user,169,1.0,1.0,0.0,7.0,49.0,0.08906334240666958,0.7408754332716758,0.7864583333333334,7.995306620290822,1.791759469228055,0.6333333333333333,0.5308899978796641,0.1755490176757761,1.0,3.0,0.0,0.0,1.0,0.6931471805599453
7b,amazon,cold_start_user,170,1.0,1.0,0.0,7.0,49.0,0.08906334240666958,0.7408754332716758,0.7864583333333334,7.995306620290822,1.791759469228055,0.65,0.5141481677691142,0.18121783041578185,1.0,3.0,0.0,0.0,1.0,1.0986122886681096
7b,amazon,cold_start_user,171,0.5,0.6309297535714575,0.13092975357145753,7.0,49.0,0.08906334240666958,0.7408754332716758,0.7864583333333334,7.995306620290822,1.791759469228055,0.6458333333333333,0.5134588042895,0.18221561648316428,1.0,3.0,0.0,0.0,1.0,0.6931471805599453
7b,amazon,cold_start_user,172,0.0,0.0,0.0,7.0,49.0,0.08906334240666958,0.7408754332716758,0.7864583333333334,8.474285690404962,2.302585092994046,0.6,0.39391396840413406,0.2013728766244139,1.0,3.0,0.0,0.0,1.0,1.0986122886681096
7b,amazon,cold_start_user,173,1.0,1.0,0.0,7.0,49.0,0.08906334240666958,0.7408754332716758,0.7864583333333334,8.474285690404962,2.302585092994046,0.6458333333333333,0.5097452322642008,0.19171782213593913,1.0,3.0,0.0,0.0,1.0,1.0986122886681096
7b,amazon,cold_start_user,174,0.6309297535714575,1.0,0.36907024642854247,7.0,49.0,0.08906334240666958,0.7408754332716758,0.7864583333333334,7.818027938530729,1.791759469228055,0.6333333333333333,0.5153108517328897,0.18640605592105192,1.0,3.0,0.0,0.0,1.0,0.6931471805599453
7b,amazon,cold_start_user,175,1.0,1.0,0.0,7.0,49.0,0.08906334240666958,0.7408754332716758,0.7864583333333334,7.818027938530729,1.791759469228055,0.6416666666666666,0.5403963724772136,0.17755031366028898,1.0,3.0,0.0,0.0,1.0,0.6931471805599453
7b,amazon,cold_start_user,176,1.0,1.0,0.0,7.0,49.0,0.08906334240666958,0.7408754332716758,0.7864583333333334,7.818027938530729,1.791759469228055,0.6291666666666667,0.5415894905726115,0.1738194443654101,1.0,3.0,0.0,0.0,1.0,1.3862943611198906
7b,amazon,cold_start_user,177,1.0,1.0,0.0,7.0,49.0,0.08906334240666958,0.7408754332716758,0.7864583333333334,8.4252971767117,1.791759469228055,0.625,0.5133598665396373,0.18464201108346945,1.0,2.0,0.05263157894736842,0.0,1.0,1.6094379124341003
7b,amazon,cold_start_user,178,1.0,1.0,0.0,7.0,49.0,0.08906334240666958,0.7408754332716758,0.7864583333333334,8.4252971767117,1.791759469228055,0.6458333333333333,0.5169248978296916,0.17622256334369021,1.0,3.0,0.0,0.0,1.0,0.6931471805599453
7b,amazon,cold_start_user,179,1.0,1.0,0.0,7.0,49.0,0.08906334240666958,0.7408754332716758,0.7864583333333334,8.4252971767117,1.791759469228055,0.6333333333333333,0.5077052334944406,0.17615108423034054,1.0,3.0,0.0,0.0,1.0,0.6931471805599453
7b,amazon,cold_start_user,180,1.0,1.0,0.0,7.0,49.0,0.08906334240666958,0.7408754332716758,0.7864583333333334,7.433666540166168,1.791759469228055,0.65,0.5119409422079723,0.17848500751253643,1.0,3.0,0.0,0.0,1.0,0.6931471805599453
7b,amazon,cold_start_user,181,0.0,1.0,1.0,7.0,49.0,0.08906334240666958,0.7408754332716758,0.7864583333333334,7.433666540166168,1.791759469228055,0.6375,0.7407906949520111,0.1708711081017038,1.0,3.0,0.0,0.0,1.0,0.6931471805599453
7b,amazon,cold_start_user,182,0.5,1.0,0.5,7.0,49.0,0.08906334240666958,0.7408754332716758,0.7864583333333334,7.433666540166168,1.791759469228055,0.6375,0.5196120778719584,0.1806054311390779,1.0,3.0,0.0,0.0,1.0,0.6931471805599453
7b,amazon,cold_start_user,183,1.0,1.0,0.0,7.0,49.0,0.08906334240666958,0.7408754332716758,0.7864583333333334,7.44600149832412,1.791759469228055,0.6458333333333333,0.5098575274149576,0.17954789121468429,1.0,3.0,0.0,0.0,1.0,0.6931471805599453
7b,amazon,cold_start_user,184,0.6309297535714575,1.0,0.36907024642854247,7.0,49.0,0.08906334240666958,0.7408754332716758,0.7864583333333334,7.44600149832412,1.791759469228055,0.6583333333333333,0.5028990368048349,0.186550107074722,1.0,3.0,0.0,0.0,1.0,1.0986122886681096
7b,amazon,cold_start_user,185,1.0,1.0,0.0,7.0,49.0,0.08906334240666958,0.7408754332716758,0.7864583333333334,7.44600149832412,1.791759469228055,0.6458333333333333,0.5280760208765666,0.1734198635257002,1.0,3.0,0.0,0.0,1.0,0.6931471805599453
7b,amazon,cold_start_user,186,1.0,1.0,0.0,7.0,49.0,0.08906334240666958,0.7408754332716758,0.7864583333333334,7.60489448081162,1.791759469228055,0.6416666666666666,0.32706010540326425,0.19175084286714034,1.0,3.0,0.0,0.0,1.0,0.6931471805599453
7b,amazon,cold_start_user,187,1.0,1.0,0.0,7.0,49.0,0.08906334240666958,0.7408754332716758,0.7864583333333334,7.60489448081162,1.791759469228055,0.6458333333333333,0.5083802739779155,0.1735467755271718,1.0,3.0,0.0,0.0,1.0,0.6931471805599453
7b,amazon,cold_start_user,188,1.0,1.0,0.0,7.0,49.0,0.08906334240666958,0.7408754332716758,0.7864583333333334,7.60489448081162,1.791759469228055,0.6291666666666667,0.7351485431194305,0.1668309894056355,1.0,3.0,0.0,0.0,1.0,0.6931471805599453
7b,amazon,cold_start_user,189,0.6309297535714575,1.0,0.36907024642854247,7.0,49.0,0.08906334240666958,0.7408754332716758,0.7864583333333334,8.768885326134864,2.3978952727983707,0.6333333333333333,0.5251976172129312,0.1767597084040467,1.0,3.0,0.0,0.0,1.0,0.6931471805599453
7b,amazon,cold_start_user,190,1.0,1.0,0.0,7.0,49.0,0.08906334240666958,0.7408754332716758,0.7864583333333334,9.46591239050973,1.9459101490553132,0.6416666666666666,0.5260086456934612,0.17336349070303425,1.0,3.0,0.0,0.0,1.0,0.6931471805599453
7b,amazon,cold_start_user,191,1.0,1.0,0.0,7.0,49.0,0.08906334240666958,0.7408754332716758,0.7864583333333334,9.46591239050973,1.9459101490553132,0.6291666666666667,0.5210304121176401,0.17809841247631766,1.0,3.0,0.0,0.0,1.0,1.0986122886681096
7b,amazon,cold_start_user,192,0.0,0.0,0.0,7.0,49.0,0.08906334240666958,0.7408754332716758,0.7864583333333334,9.46591239050973,1.9459101490553132,0.6375,0.5126822868982951,0.18530409403166356,1.0,3.0,0.0,0.0,1.0,0.6931471805599453
7b,amazon,cold_start_user,193,1.0,1.0,0.0,7.0,49.0,0.08906334240666958,0.7408754332716758,0.7864583333333334,8.046229101075378,1.791759469228055,0.65,0.5225285510222117,0.1764569415309506,1.0,3.0,0.0,0.0,1.0,0.6931471805599453
7b,amazon,cold_start_user,194,1.0,1.0,0.0,7.0,49.0,0.08906334240666958,0.7408754332716758,0.7864583333333334,8.046229101075378,1.791759469228055,0.65,0.5436417738596597,0.17496926437045957,1.0,3.0,0.0,0.0,1.0,0.6931471805599453
7b,amazon,cold_start_user,195,0.0,0.0,0.0,7.0,49.0,0.08906334240666958,0.7408754332716758,0.7864583333333334,8.046229101075378,1.791759469228055,0.6458333333333333,0.5167142192522683,0.17876663247899843,1.0,3.0,0.0,0.0,1.0,0.6931471805599453
7b,amazon,cold_start_user,196,0.43067655807339306,0.6309297535714575,0.20025319549806447,7.0,49.0,0.08906334240666958,0.7408754332716758,0.7864583333333334,8.723882104658486,2.3978952727983707,0.6583333333333333,0.5130781988302866,0.1791564971393101,1.0,3.0,0.0,0.0,1.0,0.6931471805599453
7b,amazon,cold_start_user,197,0.0,1.0,1.0,7.0,49.0,0.08906334240666958,0.7408754332716758,0.7864583333333334,8.723882104658486,2.3978952727983707,0.625,0.5143847743670146,0.17940053487315755,1.0,3.0,0.0,0.0,1.0,0.6931471805599453
7b,amazon,cold_start_user,198,0.6309297535714575,1.0,0.36907024642854247,7.0,49.0,0.08906334240666958,0.7408754332716758,0.7864583333333334,8.723882104658486,2.3978952727983707,0.6458333333333333,0.28102705081303914,0.19229287328169467,1.0,3.0,0.0,0.0,1.0,0.6931471805599453
7b,amazon,cold_start_user,199,1.0,1.0,0.0,7.0,49.0,0.08906334240666958,0.7408754332716758,0.7864583333333334,7.741967899820685,1.791759469228055,0.6375,0.5164709250132242,0.18695918711594134,1.0,3.0,0.0,0.0,1.0,0.6931471805599453
7b,amazon,cold_start_user,200,1.0,1.0,0.0,7.0,49.0,0.08906334240666958,0.7408754332716758,0.7864583333333334,7.741967899820685,1.791759469228055,0.625,0.5247063795725504,0.18285978712744086,1.0,3.0,0.0,0.0,1.0,1.3862943611198906
7b,amazon,cold_start_user,201,1.0,1.0,0.0,7.0,49.0,0.08906334240666958,0.7408754332716758,0.7864583333333334,7.741967899820685,1.791759469228055,0.6541666666666666,0.5109963575998941,0.1843447645725045,1.0,3.0,0.0,0.0,1.0,0.6931471805599453
7b,amazon,cold_start_user,202,1.0,1.0,0.0,7.0,49.0,0.08906334240666958,0.7408754332716758,0.7864583333333334,8.125039097367745,1.9459101490553132,0.6416666666666666,0.508538810412089,0.1788369251606129,1.0,3.0,0.0,0.0,1.0,0.6931471805599453
7b,amazon,cold_start_user,203,0.6309297535714575,1.0,0.36907024642854247,7.0,49.0,0.08906334240666958,0.7408754332716758,0.7864583333333334,8.125039097367745,1.9459101490553132,0.6375,0.49933936993281036,0.17271008218442485,1.0,3.0,0.0,0.0,1.0,1.0986122886681096
7b,amazon,cold_start_user,204,1.0,1.0,0.0,7.0,49.0,0.08906334240666958,0.7408754332716758,0.7864583333333334,8.125039097367745,1.9459101490553132,0.625,0.50754962960879,0.18232900623198736,1.0,3.0,0.0,0.0,1.0,0.6931471805599453
7b,amazon,cold_start_user,205,1.0,1.0,0.0,7.0,49.0,0.08906334240666958,0.7408754332716758,0.7864583333333334,7.629975707027789,1.791759469228055,0.6333333333333333,0.5029276649157206,0.17802327620781588,1.0,3.0,0.0,0.0,1.0,1.791759469228055
7b,amazon,cold_start_user,206,1.0,1.0,0.0,7.0,49.0,0.08906334240666958,0.7408754332716758,0.7864583333333334,7.629975707027789,1.791759469228055,0.6458333333333333,0.7434646248817444,0.1677152034956033,1.0,3.0,0.0,0.0,1.0,0.6931471805599453
7b,amazon,cold_start_user,207,1.0,1.0,0.0,7.0,49.0,0.08906334240666958,0.7408754332716758,0.7864583333333334,7.629975707027789,1.791759469228055,0.6333333333333333,0.7441959023475647,0.16928582280787086,1.0,3.0,0.0,0.0,1.0,1.6094379124341003
7b,amazon,cold_start_user,208,0.6309297535714575,1.0,0.36907024642854247,7.0,49.0,0.08906334240666958,0.7408754332716758,0.7864583333333334,9.248502833070532,2.302585092994046,0.6291666666666667,0.5264855603377023,0.17301596868350666,1.0,3.0,0.0,0.0,1.0,0.6931471805599453
7b,amazon,cold_start_user,209,1.0,1.0,0.0,7.0,49.0,0.08906334240666958,0.7408754332716758,0.7864583333333334,8.282988692742602,2.4849066497880004,0.6291666666666667,0.5128005007902781,0.1798798414544053,1.0,3.0,0.0,0.0,1.0,1.0986122886681096
7b,amazon,cold_start_user,210,0.6309297535714575,1.0,0.36907024642854247,7.0,49.0,0.08906334240666958,0.7408754332716758,0.7864583333333334,8.282988692742602,2.4849066497880004,0.625,0.5077875057856243,0.17213905043026775,1.0,3.0,0.0,0.0,1.0,0.6931471805599453
7b,amazon,cold_start_user,211,1.0,1.0,0.0,7.0,49.0,0.08906334240666958,0.7408754332716758,0.7864583333333334,8.790877754224164,2.639057329615259,0.6333333333333333,0.498461769024531,0.17987337604332104,1.0,3.0,0.0,0.0,1.0,0.6931471805599453
7b,amazon,cold_start_user,212,1.0,1.0,0.0,7.0,49.0,0.08906334240666958,0.7408754332716758,0.7864583333333334,8.790877754224164,2.639057329615259,0.6375,0.5209291319052377,0.18034279982302243,1.0,3.0,0.0,0.0,1.0,1.3862943611198906
7b,amazon,cold_start_user,213,0.6309297535714575,1.0,0.36907024642854247,7.0,49.0,0.08906334240666958,0.7408754332716758,0.7864583333333334,8.37216741936598,2.1972245773362196,0.625,0.5083751062552134,0.17635160617176626,1.0,3.0,0.0,0.0,1.0,0.6931471805599453
7b,amazon,cold_start_user,214,1.0,1.0,0.0,7.0,49.0,0.08906334240666958,0.7408754332716758,0.7864583333333334,8.37216741936598,2.1972245773362196,0.6375,0.7458807587623597,0.16583454551992824,1.0,3.0,0.0,0.0,1.0,0.6931471805599453
7b,amazon,cold_start_user,215,1.0,1.0,0.0,7.0,49.0,0.08906334240666958,0.7408754332716758,0.7864583333333334,8.39049553837028,1.791759469228055,0.6291666666666667,0.5308448652426402,0.1748484001503836,1.0,3.0,0.0,0.0,1.0,0.6931471805599453
7b,amazon,cold_start_user,216,1.0,1.0,0.0,7.0,49.0,0.08906334240666958,0.7408754332716758,0.7864583333333334,8.39049553837028,1.791759469228055,0.6291666666666667,0.4945116798082987,0.17546458427148867,1.0,2.0,0.05263157894736842,0.0,1.0,0.6931471805599453
7b,amazon,cold_start_user,217,0.0,1.0,1.0,7.0,49.0,0.08906334240666958,0.7408754332716758,0.7864583333333334,8.39049553837028,1.791759469228055,0.6333333333333333,0.5067730228106181,0.18198885408787913,1.0,3.0,0.0,0.0,1.0,1.6094379124341003
7b,amazon,cold_start_user,218,0.0,1.0,1.0,7.0,49.0,0.08906334240666958,0.7408754332716758,0.7864583333333334,7.794411205726601,2.0794415416798357,0.65,0.5083548823992411,0.17735899059264856,1.0,3.0,0.0,0.0,1.0,0.6931471805599453
7b,amazon,cold_start_user,219,1.0,1.0,0.0,7.0,49.0,0.08906334240666958,0.7408754332716758,0.7864583333333334,7.794411205726601,2.0794415416798357,0.6416666666666666,0.517457781235377,0.19097281479050024,1.0,3.0,0.0,0.0,1.0,1.0986122886681096
7b,amazon,cold_start_user,220,0.0,1.0,1.0,7.0,49.0,0.08906334240666958,0.7408754332716758,0.7864583333333334,10.72628046129497,3.4965075614664802,0.6208333333333333,0.5058601597944895,0.1959888940303917,1.0,3.0,0.0,0.0,1.0,0.6931471805599453
7b,amazon,cold_start_user,221,1.0,1.0,0.0,7.0,49.0,0.08906334240666958,0.7408754332716758,0.7864583333333334,8.322151070212902,2.0794415416798357,0.65,0.5567553798357645,0.17994167230628313,1.0,3.0,0.0,0.0,1.0,0.6931471805599453
7b,amazon,cold_start_user,222,1.0,1.0,0.0,7.0,49.0,0.08906334240666958,0.7408754332716758,0.7864583333333334,8.322151070212902,2.0794415416798357,0.6291666666666667,0.2857711096604666,0.20344958055576004,1.0,3.0,0.0,0.0,1.0,0.6931471805599453
7b,amazon,cold_start_user,223,0.6309297535714575,1.0,0.36907024642854247,7.0,49.0,0.08906334240666958,0.7408754332716758,0.7864583333333334,8.589513852995864,2.70805020110221,0.6375,0.5161834279696146,0.17487460202634936,1.0,3.0,0.0,0.0,1.0,0.6931471805599453
7b,amazon,cold_start_user,224,1.0,1.0,0.0,7.0,49.0,0.08906334240666958,0.7408754332716758,0.7864583333333334,8.947285869349132,2.302585092994046,0.6416666666666666,0.4911718289057414,0.18735511558648624,1.0,2.0,0.05263157894736842,0.0,1.0,0.6931471805599453
7b,amazon,cold_start_user,225,0.6309297535714575,1.0,0.36907024642854247,7.0,49.0,0.08906334240666958,0.7408754332716758,0.7864583333333334,8.751316246773456,2.1972245773362196,0.6333333333333333,0.521764890352885,0.1764225556225532,1.0,3.0,0.0,0.0,1.0,0.6931471805599453
7b,amazon,cold_start_user,226,1.0,1.0,0.0,7.0,49.0,0.08906334240666958,0.7408754332716758,0.7864583333333334,8.751316246773456,2.1972245773362196,0.6208333333333333,0.5135168472925822,0.17541503277464132,1.0,3.0,0.0,0.0,1.0,0.6931471805599453
7b,amazon,cold_start_user,227,1.0,1.0,0.0,7.0,49.0,0.08906334240666958,0.7408754332716758,0.7864583333333334,9.591649390206587,3.4339872044851463,0.6333333333333333,0.5505680958429972,0.17773131269451503,1.0,3.0,0.0,0.0,1.0,1.0986122886681096
7b,amazon,cold_start_user,228,1.0,1.0,0.0,7.0,49.0,0.08906334240666958,0.7408754332716758,0.7864583333333334,9.591649390206587,3.4339872044851463,0.6416666666666666,0.5304711798826853,0.1825370051976475,1.0,3.0,0.0,0.0,1.0,0.6931471805599453
7b,amazon,cold_start_user,229,1.0,1.0,0.0,7.0,49.0,0.08906334240666958,0.7408754332716758,0.7864583333333334,8.278428259199071,2.0794415416798357,0.6458333333333333,0.26751706798871366,0.2044842529313143,1.0,3.0,0.0,0.0,1.0,0.6931471805599453
7b,amazon,cold_start_user,230,0.0,0.38685280723454163,0.38685280723454163,7.0,49.0,0.08906334240666958,0.7408754332716758,0.7864583333333334,8.278428259199071,2.0794415416798357,0.6375,0.5063390413920085,0.18875701360503694,1.0,3.0,0.0,0.0,1.0,0.6931471805599453
7b,amazon,cold_start_user,231,0.6309297535714575,1.0,0.36907024642854247,7.0,49.0,0.08906334240666958,0.7408754332716758,0.7864583333333334,8.278428259199071,2.0794415416798357,0.625,0.5066081027189889,0.18816435761728456,1.0,3.0,0.0,0.0,1.0,0.6931471805599453
7b,amazon,cold_start_user,232,0.6309297535714575,1.0,0.36907024642854247,7.0,49.0,0.08906334240666958,0.7408754332716758,0.7864583333333334,9.20833836930551,2.772588722239781,0.6291666666666667,0.5117106835047404,0.17900194325154292,1.0,2.0,0.05263157894736842,0.0,1.0,0.6931471805599453
7b,amazon,cold_start_user,233,1.0,1.0,0.0,7.0,49.0,0.08906334240666958,0.7408754332716758,0.7864583333333334,8.027150106832774,2.0794415416798357,0.6291666666666667,0.5099190751711528,0.17521016780395388,1.0,3.0,0.0,0.0,1.0,1.0986122886681096
7b,amazon,cold_start_user,234,1.0,1.0,0.0,7.0,49.0,0.08906334240666958,0.7408754332716758,0.7864583333333334,8.027150106832774,2.0794415416798357,0.6375,0.5226484457651774,0.17498319269945428,1.0,3.0,0.0,0.0,1.0,0.6931471805599453
7b,amazon,cold_start_user,235,0.5,1.0,0.5,7.0,49.0,0.08906334240666958,0.7408754332716758,0.7864583333333334,7.937374696163295,1.9459101490553132,0.65,0.5051328162352244,0.17753485777355663,1.0,3.0,0.0,0.0,1.0,0.6931471805599453
7b,amazon,cold_start_user,236,1.0,0.6309297535714575,-0.36907024642854247,7.0,49.0,0.08906334240666958,0.7408754332716758,0.7864583333333334,7.937374696163295,1.9459101490553132,0.6458333333333333,0.5071126619974773,0.18026362589910636,1.0,2.0,0.05263157894736842,0.0,1.0,0.6931471805599453
7b,amazon,cold_start_user,237,0.6309297535714575,1.0,0.36907024642854247,7.0,49.0,0.08906334240666958,0.7408754332716758,0.7864583333333334,7.937374696163295,1.9459101490553132,0.6375,0.5214443842569987,0.18239959904651795,1.0,2.0,0.05263157894736842,0.0,1.0,0.6931471805599453
7b,amazon,cold_start_user,238,0.6309297535714575,1.0,0.36907024642854247,7.0,49.0,0.08906334240666958,0.7408754332716758,0.7864583333333334,8.058960017769417,2.302585092994046,0.6333333333333333,0.7415916204452515,0.17106207499185308,1.0,3.0,0.0,0.0,1.0,0.6931471805599453
7b,amazon,cold_start_user,239,1.0,1.0,0.0,7.0,49.0,0.08906334240666958,0.7408754332716758,0.7864583333333334,8.058960017769417,2.302585092994046,0.6333333333333333,0.5020602921644847,0.1837880768348806,1.0,3.0,0.0,0.0,1.0,0.6931471805599453
7b,amazon,cold_start_user,240,1.0,1.0,0.0,7.0,49.0,0.08906334240666958,0.7408754332716758,0.7864583333333334,8.437933510430605,2.1972245773362196,0.6458333333333333,0.5163346687952677,0.18241540393248598,1.0,3.0,0.0,0.0,1.0,0.6931471805599453
7b,amazon,cold_start_user,241,0.5,1.0,0.5,7.0,49.0,0.08906334240666958,0.7408754332716758,0.7864583333333334,8.437933510430605,2.1972245773362196,0.6333333333333333,0.5106181840101878,0.18006036150393837,1.0,3.0,0.0,0.0,1.0,0.6931471805599453
7b,amazon,cold_start_user,242,0.0,1.0,1.0,7.0,49.0,0.08906334240666958,0.7408754332716758,0.7864583333333334,8.437933510430605,2.1972245773362196,0.6416666666666666,0.5147030631701152,0.18464830634404972,1.0,3.0,0.0,0.0,1.0,0.6931471805599453
7b,amazon,cold_start_user,243,0.0,1.0,1.0,7.0,49.0,0.08906334240666958,0.7408754332716758,0.7864583333333334,7.91862865334224,2.0794415416798357,0.6375,0.5293892661730448,0.1712508229851777,1.0,3.0,0.0,0.0,1.0,0.6931471805599453
7b,amazon,cold_start_user,244,1.0,1.0,0.0,7.0,49.0,0.08906334240666958,0.7408754332716758,0.7864583333333334,7.91862865334224,2.0794415416798357,0.6291666666666667,0.5569864432017009,0.17522195832646278,1.0,3.0,0.0,0.0,1.0,1.0986122886681096
7b,amazon,cold_start_user,245,0.5,1.0,0.5,7.0,49.0,0.08906334240666958,0.7408754332716758,0.7864583333333334,9.580040123637605,3.1780538303479458,0.6375,0.5106559852759043,0.18324556635218983,1.0,3.0,0.0,0.0,1.0,0.6931471805599453
7b,amazon,cold_start_user,246,1.0,1.0,0.0,7.0,49.0,0.08906334240666958,0.7408754332716758,0.7864583333333334,7.850882664809852,2.0794415416798357,0.65,0.5036038140455881,0.18365979867191412,1.0,3.0,0.0,0.0,1.0,0.6931471805599453
7b,amazon,cold_start_user,247,1.0,1.0,0.0,7.0,49.0,0.08906334240666958,0.7408754332716758,0.7864583333333334,7.850882664809852,2.0794415416798357,0.625,0.5150351921717327,0.18920190780148907,1.0,3.0,0.0,0.0,1.0,0.6931471805599453
7b,amazon,cold_start_user,248,1.0,1.0,0.0,7.0,49.0,0.08906334240666958,0.7408754332716758,0.7864583333333334,7.850882664809852,2.0794415416798357,0.6333333333333333,0.5008554438749949,0.18560161538773087,1.0,3.0,0.0,0.0,1.0,0.6931471805599453
7b,amazon,cold_start_user,249,0.6309297535714575,1.0,0.36907024642854247,7.0,49.0,0.08906334240666958,0.7408754332716758,0.7864583333333334,9.71571114505921,2.4849066497880004,0.6458333333333333,0.5246336201826731,0.17696839648540286,1.0,3.0,0.0,0.0,1.0,0.6931471805599453
7b,amazon,cold_start_user,250,0.43067655807339306,1.0,0.5693234419266069,7.0,49.0,0.08906334240666958,0.7408754332716758,0.7864583333333334,9.71571114505921,2.4849066497880004,0.6458333333333333,0.5081874946753184,0.1841364810588287,1.0,3.0,0.0,0.0,1.0,0.6931471805599453
7b,amazon,cold_start_user,251,1.0,1.0,0.0,7.0,49.0,0.08906334240666958,0.7408754332716758,0.7864583333333334,8.490849216076635,2.3978952727983707,0.6291666666666667,0.5039569894472757,0.1798665313553268,1.0,3.0,0.0,0.0,1.0,0.6931471805599453
7b,amazon,cold_start_user,252,1.0,1.0,0.0,7.0,49.0,0.08906334240666958,0.7408754332716758,0.7864583333333334,7.6004023345004,1.9459101490553132,0.6375,0.5228825132052103,0.18686242112611795,1.0,3.0,0.0,0.0,1.0,1.0986122886681096
7b,amazon,cold_start_user,253,1.0,1.0,0.0,7.0,49.0,0.08906334240666958,0.7408754332716758,0.7864583333333334,7.6004023345004,1.9459101490553132,0.6458333333333333,0.7585420548915862,0.17370115246592358,1.0,3.0,0.0,0.0,1.0,0.6931471805599453
7b,amazon,cold_start_user,254,1.0,1.0,0.0,7.0,49.0,0.08906334240666958,0.7408754332716758,0.7864583333333334,7.6004023345004,1.9459101490553132,0.6333333333333333,0.5212561825911203,0.18031357008991622,1.0,3.0,0.0,0.0,1.0,0.6931471805599453
7b,amazon,cold_start_user,255,1.0,1.0,0.0,7.0,49.0,0.08906334240666958,0.7408754332716758,0.7864583333333334,9.98562038207465,2.8903717578961645,0.6458333333333333,0.5071817735830944,0.18316116133421564,1.0,3.0,0.0,0.0,1.0,0.6931471805599453
7b,amazon,cold_start_user,256,1.0,1.0,0.0,7.0,49.0,0.08906334240666958,0.7408754332716758,0.7864583333333334,8.465478755729558,2.4849066497880004,0.6291666666666667,0.5144424060980478,0.17975628123929357,1.0,3.0,0.0,0.0,1.0,0.6931471805599453
7b,amazon,cold_start_user,257,1.0,1.0,0.0,7.0,49.0,0.08906334240666958,0.7408754332716758,0.7864583333333334,8.465478755729558,2.4849066497880004,0.6291666666666667,0.5175099412600199,0.18267702485059611,1.0,3.0,0.0,0.0,1.0,0.6931471805599453
7b,amazon,cold_start_user,258,1.0,1.0,0.0,7.0,49.0,0.08906334240666958,0.7408754332716758,0.7864583333333334,8.09162741160107,2.0794415416798357,0.6333333333333333,0.5233235935370127,0.1769267569900809,1.0,3.0,0.0,0.0,1.0,0.6931471805599453
7b,amazon,cold_start_user,259,0.6309297535714575,1.0,0.36907024642854247,7.0,49.0,0.08906334240666958,0.7408754332716758,0.7864583333333334,8.09162741160107,2.0794415416798357,0.6291666666666667,0.5088016132513682,0.18271530337694047,1.0,3.0,0.0,0.0,1.0,0.6931471805599453
7b,amazon,cold_start_user,260,1.0,1.0,0.0,7.0,49.0,0.08906334240666958,0.7408754332716758,0.7864583333333334,8.09162741160107,2.0794415416798357,0.6166666666666667,0.5082371334234873,0.17564286117471548,1.0,3.0,0.0,0.0,1.0,0.6931471805599453
7b,amazon,cold_start_user,261,1.0,1.0,0.0,7.0,49.0,0.08906334240666958,0.7408754332716758,0.7864583333333334,8.471149252914831,1.9459101490553132,0.6375,0.5113418440024058,0.18147220974003808,1.0,3.0,0.0,0.0,1.0,1.0986122886681096
7b,amazon,cold_start_user,262,0.38685280723454163,0.6309297535714575,0.2440769463369159,7.0,49.0,0.08906334240666958,0.7408754332716758,0.7864583333333334,8.471149252914831,1.9459101490553132,0.6458333333333333,0.48540731469790144,0.18559492572024452,1.0,3.0,0.0,0.0,1.0,0.6931471805599453
7b,amazon,cold_start_user,263,1.0,1.0,0.0,7.0,49.0,0.08906334240666958,0.7408754332716758,0.7864583333333334,8.471149252914831,1.9459101490553132,0.6375,0.5090439061323802,0.18263193700223324,1.0,3.0,0.0,0.0,1.0,1.0986122886681096
7b,amazon,cold_start_user,264,1.0,1.0,0.0,7.0,49.0,0.08906334240666958,0.7408754332716758,0.7864583333333334,8.845489236753274,2.4849066497880004,0.6333333333333333,0.2917606790860494,0.1984115028468438,1.0,3.0,0.0,0.0,1.0,0.6931471805599453
7b,amazon,cold_start_user,265,1.0,1.0,0.0,7.0,49.0,0.08906334240666958,0.7408754332716758,0.7864583333333334,7.9724660159745655,1.9459101490553132,0.6416666666666666,0.5083523432413736,0.17631668839592077,1.0,3.0,0.0,0.0,1.0,0.6931471805599453
7b,amazon,cold_start_user,266,1.0,1.0,0.0,7.0,49.0,0.08906334240666958,0.7408754332716758,0.7864583333333334,7.9724660159745655,1.9459101490553132,0.6375,0.505355046192805,0.18678033107956352,1.0,3.0,0.0,0.0,1.0,0.6931471805599453
7b,amazon,cold_start_user,267,0.0,0.6309297535714575,0.6309297535714575,7.0,49.0,0.08906334240666958,0.7408754332716758,0.7864583333333334,7.9724660159745655,1.9459101490553132,0.6291666666666667,0.49873621265093493,0.17496870121369654,1.0,3.0,0.0,0.0,1.0,0.6931471805599453
7b,amazon,cold_start_user,268,0.0,1.0,1.0,7.0,49.0,0.08906334240666958,0.7408754332716758,0.7864583333333334,9.152711259139547,2.5649493574615367,0.6333333333333333,0.5259130338827768,0.17751854686268442,1.0,3.0,0.0,0.0,1.0,0.6931471805599453
7b,amazon,cold_start_user,269,1.0,1.0,0.0,7.0,49.0,0.08906334240666958,0.7408754332716758,0.7864583333333334,9.152711259139547,2.5649493574615367,0.6458333333333333,0.5084112803141275,0.1810207802132433,1.0,3.0,0.0,0.0,1.0,0.6931471805599453
7b,amazon,cold_start_user,270,1.0,0.5,-0.5,7.0,49.0,0.08906334240666958,0.7408754332716758,0.7864583333333334,9.152711259139547,2.5649493574615367,0.6583333333333333,0.26731777985890715,0.19853894842425887,1.0,3.0,0.0,0.0,1.0,0.6931471805599453
7b,amazon,cold_start_user,271,1.0,1.0,0.0,7.0,49.0,0.08906334240666958,0.7408754332716758,0.7864583333333334,8.836664586357426,2.4849066497880004,0.6208333333333333,0.5138676265875498,0.19737461135667303,1.0,3.0,0.0,0.0,1.0,0.6931471805599453
7b,amazon,cold_start_user,272,1.0,1.0,0.0,7.0,49.0,0.08906334240666958,0.7408754332716758,0.7864583333333334,8.836664586357426,2.4849066497880004,0.65,0.513118932644526,0.17949095293390357,1.0,2.0,0.05263157894736842,0.0,1.0,0.6931471805599453
7b,amazon,cold_start_user,273,0.0,1.0,1.0,7.0,49.0,0.08906334240666958,0.7408754332716758,0.7864583333333334,7.835974581721566,2.0794415416798357,0.6416666666666666,0.5233629862467448,0.1817196044894222,1.0,3.0,0.0,0.0,1.0,1.0986122886681096
7b,amazon,cold_start_user,274,1.0,1.0,0.0,7.0,49.0,0.08906334240666958,0.7408754332716758,0.7864583333333334,7.835974581721566,2.0794415416798357,0.6541666666666666,0.4993085245291391,0.17913686021230568,1.0,2.0,0.05263157894736842,0.0,1.0,0.6931471805599453
7b,amazon,cold_start_user,275,1.0,1.0,0.0,7.0,49.0,0.08906334240666958,0.7408754332716758,0.7864583333333334,9.983499490505512,2.639057329615259,0.6416666666666666,0.5067845741907756,0.18718236333111857,1.0,2.0,0.05263157894736842,0.0,1.0,1.0986122886681096
7b,amazon,cold_start_user,276,1.0,1.0,0.0,7.0,49.0,0.08906334240666958,0.7408754332716758,0.7864583333333334,8.024207485778577,2.0794415416798357,0.6458333333333333,0.5183567682902017,0.18394734172575852,1.0,3.0,0.0,0.0,1.0,1.0986122886681096
7b,amazon,cold_start_user,277,0.43067655807339306,1.0,0.5693234419266069,7.0,49.0,0.08906334240666958,0.7408754332716758,0.7864583333333334,8.024207485778577,2.0794415416798357,0.6416666666666666,0.24490865667661021,0.20043538391106075,1.0,3.0,0.0,0.0,1.0,0.6931471805599453
7b,amazon,cold_start_user,278,0.6309297535714575,0.6309297535714575,0.0,7.0,49.0,0.08906334240666958,0.7408754332716758,0.7864583333333334,8.024207485778577,2.0794415416798357,0.6375,0.5138989905516306,0.17471997835645434,1.0,3.0,0.0,0.0,1.0,0.6931471805599453
7b,amazon,cold_start_user,279,1.0,1.0,0.0,7.0,49.0,0.08906334240666958,0.7408754332716758,0.7864583333333334,8.431635303054591,2.0794415416798357,0.6375,0.518060580889384,0.17940308195798735,1.0,3.0,0.0,0.0,1.0,0.6931471805599453
7b,amazon,cold_start_user,280,1.0,1.0,0.0,7.0,49.0,0.08906334240666958,0.7408754332716758,0.7864583333333334,8.431635303054591,2.0794415416798357,0.6166666666666667,0.49834191004435224,0.18339520777684423,1.0,3.0,0.0,0.0,1.0,0.6931471805599453
7b,amazon,cold_start_user,281,0.0,0.6309297535714575,0.6309297535714575,7.0,49.0,0.08906334240666958,0.7408754332716758,0.7864583333333334,8.016647877057803,2.0794415416798357,0.6583333333333333,0.5109594325224558,0.18770823743082857,1.0,2.0,0.05263157894736842,0.0,1.0,0.6931471805599453
7b,amazon,cold_start_user,282,0.6309297535714575,0.0,-0.6309297535714575,7.0,49.0,0.08906334240666958,0.7408754332716758,0.7864583333333334,8.016647877057803,2.0794415416798357,0.6333333333333333,0.5034605483214061,0.18113795968015392,1.0,3.0,0.0,0.0,1.0,1.0986122886681096
7b,amazon,cold_start_user,283,1.0,1.0,0.0,7.0,49.0,0.08906334240666958,0.7408754332716758,0.7864583333333334,8.016647877057803,2.0794415416798357,0.65,0.5086178282896677,0.17556181697889098,1.0,3.0,0.0,0.0,1.0,2.0794415416798357
7b,amazon,cold_start_user,284,1.0,1.0,0.0,7.0,49.0,0.08906334240666958,0.7408754332716758,0.7864583333333334,7.955074273262696,2.0794415416798357,0.6458333333333333,0.5151341656843821,0.19079616350180092,1.0,2.0,0.05263157894736842,0.0,1.0,1.0986122886681096
7b,amazon,cold_start_user,285,1.0,1.0,0.0,7.0,49.0,0.08906334240666958,0.7408754332716758,0.7864583333333334,7.955074273262696,2.0794415416798357,0.625,0.5021414558092753,0.18155192533081005,1.0,3.0,0.0,0.0,1.0,0.6931471805599453
7b,amazon,cold_start_user,286,0.6309297535714575,1.0,0.36907024642854247,7.0,49.0,0.08906334240666958,0.7408754332716758,0.7864583333333334,9.257987025443535,2.0794415416798357,0.6333333333333333,0.5224973837534587,0.1787172221087575,1.0,3.0,0.0,0.0,1.0,0.6931471805599453
7b,amazon,cold_start_user,287,0.0,0.38685280723454163,0.38685280723454163,7.0,49.0,0.08906334240666958,0.7408754332716758,0.7864583333333334,9.257987025443535,2.0794415416798357,0.6458333333333333,0.5350082079569499,0.17117530614134124,1.0,3.0,0.0,0.0,1.0,0.6931471805599453
7b,amazon,cold_start_user,288,1.0,0.0,-1.0,7.0,49.0,0.08906334240666958,0.7408754332716758,0.7864583333333334,9.257987025443535,2.0794415416798357,0.6208333333333333,0.5092402974764505,0.1788931942280261,1.0,3.0,0.0,0.0,1.0,0.6931471805599453
7b,amazon,cold_start_user,289,1.0,1.0,0.0,7.0,49.0,0.08906334240666958,0.7408754332716758,0.7864583333333334,8.884887201837403,2.0794415416798357,0.6458333333333333,0.5234536449114481,0.18163456301109882,1.0,3.0,0.0,0.0,1.0,0.6931471805599453
7b,amazon,cold_start_user,290,0.0,1.0,1.0,7.0,49.0,0.08906334240666958,0.7408754332716758,0.7864583333333334,8.884887201837403,2.0794415416798357,0.6375,0.5240809599558512,0.17699878326627055,1.0,3.0,0.0,0.0,1.0,0.6931471805599453
7b,amazon,cold_start_user,291,0.0,1.0,1.0,7.0,49.0,0.08906334240666958,0.7408754332716758,0.7864583333333334,7.829630389150193,2.0794415416798357,0.6291666666666667,0.7451631426811218,0.16805538160488245,1.0,3.0,0.0,0.0,1.0,0.6931471805599453
7b,amazon,cold_start_user,292,1.0,1.0,0.0,7.0,49.0,0.08906334240666958,0.7408754332716758,0.7864583333333334,7.829630389150193,2.0794415416798357,0.6291666666666667,0.5172980467478434,0.17220471396924633,1.0,3.0,0.0,0.0,1.0,0.6931471805599453
7b,amazon,cold_start_item,0,0.5,1.0,0.5,7.0,49.0,0.08906334240666958,0.7408754332716758,0.7864583333333334,8.679141958402255,1.9459101490553132,0.65,0.5094872752825419,0.18256684041620377,1.0,2.0,0.10526315789473684,0.0,1.0,1.3862943611198906
7b,amazon,cold_start_item,1,0.0,1.0,1.0,7.0,49.0,0.08906334240666958,0.7408754332716758,0.7864583333333334,8.679141958402255,1.9459101490553132,0.6375,0.5146994868914285,0.17616270285214194,1.0,3.0,0.0,0.0,1.0,0.6931471805599453
7b,amazon,cold_start_item,2,1.0,1.0,0.0,7.0,49.0,0.08906334240666958,0.7408754332716758,0.7864583333333334,9.240384493324559,3.044522437723423,0.6375,0.5084003369013469,0.1925000929880512,1.0,3.0,0.0,0.0,1.0,0.6931471805599453
7b,amazon,cold_start_item,3,1.0,1.0,0.0,7.0,49.0,0.08906334240666958,0.7408754332716758,0.7864583333333334,9.240384493324559,3.044522437723423,0.6416666666666666,0.49919016758600865,0.19211425960424652,1.0,3.0,0.0,0.0,1.0,1.3862943611198906
7b,amazon,cold_start_item,4,1.0,1.0,0.0,7.0,49.0,0.08906334240666958,0.7408754332716758,0.7864583333333334,8.287276755814599,1.9459101490553132,0.6083333333333333,0.7458598554134369,0.16959821963337776,1.0,3.0,0.0,0.0,1.0,1.6094379124341003
7b,amazon,cold_start_item,5,1.0,1.0,0.0,7.0,49.0,0.08906334240666958,0.7408754332716758,0.7864583333333334,8.731981938347694,2.302585092994046,0.6375,0.5246746937433878,0.17629541443955438,1.0,3.0,0.0,0.0,1.0,0.6931471805599453
7b,amazon,cold_start_item,6,0.0,0.43067655807339306,0.43067655807339306,7.0,49.0,0.08906334240666958,0.7408754332716758,0.7864583333333334,8.731981938347694,2.302585092994046,0.6291666666666667,0.5190967003504435,0.17299541003065455,1.0,3.0,0.0,0.0,1.0,0.6931471805599453
7b,amazon,cold_start_item,7,1.0,1.0,0.0,7.0,49.0,0.08906334240666958,0.7408754332716758,0.7864583333333334,9.841133310789152,3.2188758248682006,0.625,0.004246437549590976,0.11597259603047141,1.0,3.0,0.0,0.0,1.0,0.6931471805599453
7b,amazon,cold_start_item,8,1.0,1.0,0.0,7.0,49.0,0.08906334240666958,0.7408754332716758,0.7864583333333334,9.246672301223573,3.332204510175204,0.6416666666666666,0.5062653521696726,0.17446056766585574,1.0,3.0,0.0,0.0,1.0,0.6931471805599453
7b,amazon,cold_start_item,9,0.5,0.6309297535714575,0.13092975357145753,7.0,49.0,0.08906334240666958,0.7408754332716758,0.7864583333333334,9.246672301223573,3.332204510175204,0.6375,0.5109919408957164,0.18601234897287056,1.0,2.0,0.05263157894736842,0.0,1.0,0.6931471805599453
7b,amazon,cold_start_item,10,1.0,1.0,0.0,7.0,49.0,0.08906334240666958,0.7408754332716758,0.7864583333333334,9.246672301223573,3.332204510175204,0.6541666666666666,0.5088607827822368,0.18489746075366922,1.0,3.0,0.0,0.0,1.0,0.6931471805599453
7b,amazon,cold_start_item,11,1.0,1.0,0.0,7.0,49.0,0.08906334240666958,0.7408754332716758,0.7864583333333334,7.43955930913332,1.791759469228055,0.6416666666666666,0.5068132559458415,0.1839061049995265,1.0,3.0,0.0,0.0,1.0,0.6931471805599453
7b,amazon,cold_start_item,12,1.0,1.0,0.0,7.0,49.0,0.08906334240666958,0.7408754332716758,0.7864583333333334,9.309914176872276,2.639057329615259,0.65,0.5075944046179452,0.1861572603969558,1.0,3.0,0.0,0.0,1.0,0.6931471805599453
7b,amazon,cold_start_item,13,1.0,1.0,0.0,7.0,49.0,0.08906334240666958,0.7408754332716758,0.7864583333333334,8.037543185118697,1.9459101490553132,0.6458333333333333,0.5202277521292368,0.1806514086616443,1.0,2.0,0.05263157894736842,0.0,1.0,1.0986122886681096
7b,amazon,cold_start_item,14,1.0,1.0,0.0,7.0,49.0,0.08906334240666958,0.7408754332716758,0.7864583333333334,7.788211557847076,1.9459101490553132,0.6458333333333333,0.5173988978068033,0.1783287517190922,1.0,3.0,0.0,0.0,1.0,0.6931471805599453
7b,amazon,cold_start_item,15,0.0,0.0,0.0,7.0,49.0,0.08906334240666958,0.7408754332716758,0.7864583333333334,8.855092980028635,1.9459101490553132,0.6208333333333333,0.5283486227194468,0.18039321977694622,1.0,3.0,0.0,0.0,1.0,0.6931471805599453
7b,amazon,cold_start_item,16,0.5,1.0,0.5,7.0,49.0,0.08906334240666958,0.7408754332716758,0.7864583333333334,8.977398978181862,2.302585092994046,0.6416666666666666,0.528617916504542,0.17549040739007007,1.0,3.0,0.0,0.0,1.0,0.6931471805599453
7b,amazon,cold_start_item,17,0.0,1.0,1.0,7.0,49.0,0.08906334240666958,0.7408754332716758,0.7864583333333334,8.298290634359283,1.791759469228055,0.625,0.53438627521197,0.18804195741888843,1.0,2.0,0.05263157894736842,0.0,1.0,0.6931471805599453
7b,amazon,cold_start_item,18,0.6309297535714575,1.0,0.36907024642854247,7.0,49.0,0.08906334240666958,0.7408754332716758,0.7864583333333334,8.298290634359283,1.791759469228055,0.6166666666666667,0.5436237672964732,0.18372747118130947,1.0,3.0,0.0,0.0,1.0,0.6931471805599453
7b,amazon,cold_start_item,19,1.0,1.0,0.0,7.0,49.0,0.08906334240666958,0.7408754332716758,0.7864583333333334,8.298290634359283,1.791759469228055,0.6416666666666666,0.5195498327414195,0.18989134649437742,1.0,3.0,0.0,0.0,1.0,0.6931471805599453
7b,amazon,cold_start_item,20,1.0,1.0,0.0,7.0,49.0,0.08906334240666958,0.7408754332716758,0.7864583333333334,8.683724062303869,1.9459101490553132,0.6291666666666667,0.5187720278898875,0.18569268446414375,1.0,3.0,0.0,0.0,1.0,0.6931471805599453
7b,amazon,cold_start_item,21,0.6309297535714575,0.6309297535714575,0.0,7.0,49.0,0.08906334240666958,0.7408754332716758,0.7864583333333334,7.597396320212795,1.791759469228055,0.6333333333333333,0.5134009758631387,0.17645863786916682,1.0,3.0,0.0,0.0,1.0,0.6931471805599453
7b,amazon,cold_start_item,22,0.6309297535714575,1.0,0.36907024642854247,7.0,49.0,0.08906334240666958,0.7408754332716758,0.7864583333333334,7.597396320212795,1.791759469228055,0.6291666666666667,0.7461762309074402,0.17554665217185156,1.0,3.0,0.0,0.0,1.0,0.6931471805599453
7b,amazon,cold_start_item,23,1.0,1.0,0.0,7.0,49.0,0.08906334240666958,0.7408754332716758,0.7864583333333334,8.857657449306988,2.3978952727983707,0.6333333333333333,0.5069001952807108,0.178993062870263,1.0,3.0,0.0,0.0,1.0,0.6931471805599453
7b,amazon,cold_start_item,24,0.38685280723454163,0.6309297535714575,0.2440769463369159,7.0,49.0,0.08906334240666958,0.7408754332716758,0.7864583333333334,8.857657449306988,2.3978952727983707,0.6416666666666666,0.5048406879107157,0.18598500794685993,1.0,2.0,0.05263157894736842,0.0,1.0,0.6931471805599453
7b,amazon,cold_start_item,25,0.6309297535714575,0.0,-0.6309297535714575,7.0,49.0,0.08906334240666958,0.7408754332716758,0.7864583333333334,8.423321975806166,1.9459101490553132,0.6416666666666666,0.7475379347801209,0.16660004923574265,1.0,3.0,0.0,0.0,1.0,0.6931471805599453
7b,amazon,cold_start_item,26,1.0,1.0,0.0,7.0,49.0,0.08906334240666958,0.7408754332716758,0.7864583333333334,7.612336837167746,1.9459101490553132,0.625,0.5086028973261514,0.1824862298383166,1.0,2.0,0.05263157894736842,0.0,1.0,0.6931471805599453
7b,amazon,cold_start_item,27,0.0,0.5,0.5,7.0,49.0,0.08906334240666958,0.7408754332716758,0.7864583333333334,8.554488976159934,2.3978952727983707,0.6416666666666666,0.4996949950853983,0.18385800867906896,1.0,3.0,0.0,0.0,1.0,0.6931471805599453
7b,amazon,cold_start_item,28,1.0,1.0,0.0,7.0,49.0,0.08906334240666958,0.7408754332716758,0.7864583333333334,8.885440911707585,2.302585092994046,0.6416666666666666,0.5609604756037394,0.17022783170477798,1.0,3.0,0.0,0.0,1.0,0.6931471805599453
7b,amazon,cold_start_item,29,1.0,1.0,0.0,7.0,49.0,0.08906334240666958,0.7408754332716758,0.7864583333333334,8.885440911707585,2.302585092994046,0.65,0.5116535703341165,0.18016404486906276,1.0,2.0,0.05263157894736842,0.0,1.0,0.6931471805599453
7b,amazon,cold_start_item,30,1.0,1.0,0.0,7.0,49.0,0.08906334240666958,0.7408754332716758,0.7864583333333334,9.1235835080499,2.4849066497880004,0.6416666666666666,0.5237124601999918,0.17777525223443177,1.0,3.0,0.0,0.0,1.0,0.6931471805599453
7b,amazon,cold_start_item,31,0.43067655807339306,0.43067655807339306,0.0,7.0,49.0,0.08906334240666958,0.7408754332716758,0.7864583333333334,8.621733370690162,1.9459101490553132,0.625,0.519359181324641,0.17619602949734017,1.0,3.0,0.0,0.0,1.0,0.6931471805599453
7b,amazon,cold_start_item,32,1.0,1.0,0.0,7.0,49.0,0.08906334240666958,0.7408754332716758,0.7864583333333334,8.621733370690162,1.9459101490553132,0.625,0.517056934038798,0.1838353901977127,1.0,3.0,0.0,0.0,1.0,0.6931471805599453
7b,amazon,cold_start_item,33,1.0,1.0,0.0,7.0,49.0,0.08906334240666958,0.7408754332716758,0.7864583333333334,8.56216655705897,1.791759469228055,0.6375,0.5066283623377482,0.1818185462719594,1.0,3.0,0.0,0.0,1.0,0.6931471805599453
7b,amazon,cold_start_item,34,0.0,0.0,0.0,7.0,49.0,0.08906334240666958,0.7408754332716758,0.7864583333333334,9.328567753340833,1.791759469228055,0.625,0.5590929249922434,0.1749374912875673,1.0,3.0,0.0,0.0,1.0,0.6931471805599453
7b,amazon,cold_start_item,35,0.0,1.0,1.0,7.0,49.0,0.08906334240666958,0.7408754332716758,0.7864583333333334,9.02977726819709,2.1972245773362196,0.6291666666666667,0.5137803653875985,0.180847889577837,1.0,3.0,0.0,0.0,1.0,0.6931471805599453
7b,amazon,cold_start_item,36,0.6309297535714575,1.0,0.36907024642854247,7.0,49.0,0.08906334240666958,0.7408754332716758,0.7864583333333334,9.02977726819709,2.1972245773362196,0.6333333333333333,0.54336625734965,0.1703274309790069,1.0,3.0,0.0,0.0,1.0,1.3862943611198906
7b,amazon,cold_start_item,37,1.0,0.6309297535714575,-0.36907024642854247,7.0,49.0,0.08906334240666958,0.7408754332716758,0.7864583333333334,8.0323601479245,2.1972245773362196,0.65,0.5091846863428752,0.17790370920577275,1.0,3.0,0.0,0.0,1.0,1.0986122886681096
7b,amazon,cold_start_item,38,1.0,1.0,0.0,7.0,49.0,0.08906334240666958,0.7408754332716758,0.7864583333333334,8.45531778769815,2.5649493574615367,0.6333333333333333,0.5051009158293407,0.17659681119419815,1.0,3.0,0.0,0.0,1.0,0.6931471805599453
7b,amazon,cold_start_item,39,1.0,1.0,0.0,7.0,49.0,0.08906334240666958,0.7408754332716758,0.7864583333333334,8.82217476094608,2.995732273553991,0.625,0.4988966623942057,0.18375171357109765,1.0,3.0,0.0,0.0,1.0,0.6931471805599453
7b,amazon,cold_start_item,40,1.0,1.0,0.0,7.0,49.0,0.08906334240666958,0.7408754332716758,0.7864583333333334,8.107418811719974,1.9459101490553132,0.6333333333333333,0.5123350302378336,0.17855041184197054,1.0,3.0,0.0,0.0,1.0,0.6931471805599453
7b,amazon,cold_start_item,41,1.0,1.0,0.0,7.0,49.0,0.08906334240666958,0.7408754332716758,0.7864583333333334,8.107418811719974,1.9459101490553132,0.6208333333333333,0.5219424347082773,0.18012127469655842,1.0,3.0,0.0,0.0,1.0,0.6931471805599453
7b,amazon,cold_start_item,42,0.0,0.0,0.0,7.0,49.0,0.08906334240666958,0.7408754332716758,0.7864583333333334,7.937731775260109,1.9459101490553132,0.625,0.5080304602781931,0.1786843664628196,1.0,3.0,0.0,0.0,1.0,0.6931471805599453
7b,amazon,cold_start_item,43,1.0,1.0,0.0,7.0,49.0,0.08906334240666958,0.7408754332716758,0.7864583333333334,7.937731775260109,1.9459101490553132,0.6291666666666667,0.5138929824034373,0.17978718087812606,1.0,3.0,0.0,0.0,1.0,1.0986122886681096
7b,amazon,cold_start_item,44,1.0,1.0,0.0,7.0,49.0,0.08906334240666958,0.7408754332716758,0.7864583333333334,8.758883680017025,2.302585092994046,0.6208333333333333,0.5400452355543772,0.17147796206811156,1.0,3.0,0.0,0.0,1.0,0.6931471805599453
7b,amazon,cold_start_item,45,1.0,1.0,0.0,7.0,49.0,0.08906334240666958,0.7408754332716758,0.7864583333333334,9.4053313318708,2.639057329615259,0.65,0.4993385116259257,0.18389254705166289,1.0,2.0,0.05263157894736842,0.0,1.0,0.6931471805599453
7b,amazon,cold_start_item,46,0.43067655807339306,1.0,0.5693234419266069,7.0,49.0,0.08906334240666958,0.7408754332716758,0.7864583333333334,8.636752426473876,2.0794415416798357,0.6333333333333333,0.5126263717810312,0.17746728409715978,1.0,3.0,0.0,0.0,1.0,0.6931471805599453
7b,amazon,cold_start_item,47,1.0,1.0,0.0,7.0,49.0,0.08906334240666958,0.7408754332716758,0.7864583333333334,10.184069478497602,3.6375861597263857,0.6291666666666667,0.5031525234381358,0.1864661245719183,1.0,3.0,0.0,0.0,1.0,0.6931471805599453
7b,amazon,cold_start_item,48,1.0,1.0,0.0,7.0,49.0,0.08906334240666958,0.7408754332716758,0.7864583333333334,8.385944904806284,2.1972245773362196,0.65,0.5188361326853433,0.17541236853200554,1.0,3.0,0.0,0.0,1.0,0.6931471805599453
7b,amazon,cold_start_item,49,1.0,1.0,0.0,7.0,49.0,0.08906334240666958,0.7408754332716758,0.7864583333333334,8.512783482927537,2.302585092994046,0.6291666666666667,0.532713900009791,0.18317944984266377,1.0,3.0,0.0,0.0,1.0,0.6931471805599453
7b,amazon,cold_start_item,50,1.0,1.0,0.0,7.0,49.0,0.08906334240666958,0.7408754332716758,0.7864583333333334,9.41548287218084,2.3978952727983707,0.6416666666666666,0.5140581170717874,0.1749491331822351,1.0,3.0,0.0,0.0,1.0,0.6931471805599453
7b,amazon,cold_start_item,51,1.0,1.0,0.0,7.0,49.0,0.08906334240666958,0.7408754332716758,0.7864583333333334,8.780018887869153,1.9459101490553132,0.6458333333333333,0.526946864525477,0.18181232327287822,1.0,3.0,0.0,0.0,1.0,0.6931471805599453
7b,amazon,cold_start_item,52,0.0,0.0,0.0,7.0,49.0,0.08906334240666958,0.7408754332716758,0.7864583333333334,9.464982590349763,2.3978952727983707,0.6375,0.5554885367552438,0.1684432511023171,1.0,3.0,0.0,0.0,1.0,0.6931471805599453
7b,amazon,cold_start_item,53,0.0,1.0,1.0,7.0,49.0,0.08906334240666958,0.7408754332716758,0.7864583333333334,9.724001970561382,3.367295829986474,0.6333333333333333,0.5056145409742991,0.18584015939733894,1.0,3.0,0.0,0.0,1.0,0.6931471805599453
7b,amazon,cold_start_item,54,1.0,1.0,0.0,7.0,49.0,0.08906334240666958,0.7408754332716758,0.7864583333333334,8.619027497297505,2.0794415416798357,0.6291666666666667,0.5216024021307628,0.17802835740768322,1.0,3.0,0.0,0.0,1.0,0.6931471805599453
7b,amazon,cold_start_item,55,0.0,0.43067655807339306,0.43067655807339306,7.0,49.0,0.08906334240666958,0.7408754332716758,0.7864583333333334,8.45638105201948,2.1972245773362196,0.6291666666666667,0.5004952947298686,0.1875271969093274,1.0,3.0,0.0,0.0,1.0,0.6931471805599453
7b,amazon,cold_start_item,56,1.0,1.0,0.0,7.0,49.0,0.08906334240666958,0.7408754332716758,0.7864583333333334,7.893198869544609,2.0794415416798357,0.6291666666666667,0.5365024844805399,0.1777324773207289,1.0,3.0,0.0,0.0,1.0,0.6931471805599453
7b,amazon,cold_start_item,57,1.0,1.0,0.0,7.0,49.0,0.08906334240666958,0.7408754332716758,0.7864583333333334,7.523481312573497,1.791759469228055,0.6291666666666667,0.5136792997519174,0.18000610669542694,1.0,3.0,0.0,0.0,1.0,0.6931471805599453
7b,amazon,cold_start_item,58,1.0,1.0,0.0,7.0,49.0,0.08906334240666958,0.7408754332716758,0.7864583333333334,7.523481312573497,1.791759469228055,0.6458333333333333,0.5292288521925609,0.17721381218878057,1.0,3.0,0.0,0.0,1.0,0.6931471805599453
7b,amazon,cold_start_item,59,1.0,1.0,0.0,7.0,49.0,0.08906334240666958,0.7408754332716758,0.7864583333333334,8.11102783819368,2.1972245773362196,0.6375,0.5130979220072428,0.17910472018585777,1.0,3.0,0.0,0.0,1.0,0.6931471805599453
7b,amazon,cold_start_item,60,1.0,1.0,0.0,7.0,49.0,0.08906334240666958,0.7408754332716758,0.7864583333333334,8.11102783819368,2.1972245773362196,0.6458333333333333,0.528338752190272,0.17565712605911363,1.0,3.0,0.0,0.0,1.0,0.6931471805599453
7b,amazon,cold_start_item,61,1.0,1.0,0.0,7.0,49.0,0.08906334240666958,0.7408754332716758,0.7864583333333334,8.449556542700426,1.791759469228055,0.6333333333333333,0.4949095765749614,0.19514564478662025,1.0,2.0,0.05263157894736842,0.0,1.0,0.6931471805599453
7b,amazon,cold_start_item,62,1.0,1.0,0.0,7.0,49.0,0.08906334240666958,0.7408754332716758,0.7864583333333334,8.449556542700426,1.791759469228055,0.6416666666666666,0.5629541258017222,0.18265649623326402,1.0,3.0,0.0,0.0,1.0,0.6931471805599453
7b,amazon,cold_start_item,63,1.0,1.0,0.0,7.0,49.0,0.08906334240666958,0.7408754332716758,0.7864583333333334,7.995306620290822,1.791759469228055,0.6333333333333333,0.5308899978796641,0.1755490176757761,1.0,3.0,0.0,0.0,1.0,0.6931471805599453
7b,amazon,cold_start_item,64,1.0,1.0,0.0,7.0,49.0,0.08906334240666958,0.7408754332716758,0.7864583333333334,7.995306620290822,1.791759469228055,0.65,0.5141481677691142,0.18121783041578185,1.0,3.0,0.0,0.0,1.0,1.0986122886681096
7b,amazon,cold_start_item,65,0.5,1.0,0.5,7.0,49.0,0.08906334240666958,0.7408754332716758,0.7864583333333334,7.995306620290822,1.791759469228055,0.6458333333333333,0.5134588042895,0.18221561648316428,1.0,3.0,0.0,0.0,1.0,0.6931471805599453
7b,amazon,cold_start_item,66,1.0,1.0,0.0,7.0,49.0,0.08906334240666958,0.7408754332716758,0.7864583333333334,8.4252971767117,1.791759469228055,0.6458333333333333,0.5169248978296916,0.17622256334369021,1.0,3.0,0.0,0.0,1.0,0.6931471805599453
7b,amazon,cold_start_item,67,1.0,1.0,0.0,7.0,49.0,0.08906334240666958,0.7408754332716758,0.7864583333333334,7.433666540166168,1.791759469228055,0.65,0.5119409422079723,0.17848500751253643,1.0,3.0,0.0,0.0,1.0,0.6931471805599453
7b,amazon,cold_start_item,68,1.0,1.0,0.0,7.0,49.0,0.08906334240666958,0.7408754332716758,0.7864583333333334,7.433666540166168,1.791759469228055,0.6375,0.5196120778719584,0.1806054311390779,1.0,3.0,0.0,0.0,1.0,0.6931471805599453
7b,amazon,cold_start_item,69,1.0,1.0,0.0,7.0,49.0,0.08906334240666958,0.7408754332716758,0.7864583333333334,7.44600149832412,1.791759469228055,0.6458333333333333,0.5280760208765666,0.1734198635257002,1.0,3.0,0.0,0.0,1.0,0.6931471805599453
7b,amazon,cold_start_item,70,1.0,1.0,0.0,7.0,49.0,0.08906334240666958,0.7408754332716758,0.7864583333333334,9.152287440527566,2.9444389791664403,0.6416666666666666,0.4938049892584482,0.1828138878601398,1.0,3.0,0.0,0.0,1.0,0.6931471805599453
7b,amazon,cold_start_item,71,1.0,1.0,0.0,7.0,49.0,0.08906334240666958,0.7408754332716758,0.7864583333333334,8.046229101075378,1.791759469228055,0.65,0.5225285510222117,0.1764569415309506,1.0,3.0,0.0,0.0,1.0,0.6931471805599453
7b,amazon,cold_start_item,72,1.0,1.0,0.0,7.0,49.0,0.08906334240666958,0.7408754332716758,0.7864583333333334,8.046229101075378,1.791759469228055,0.65,0.5436417738596597,0.17496926437045957,1.0,3.0,0.0,0.0,1.0,0.6931471805599453
7b,amazon,cold_start_item,73,0.0,0.6309297535714575,0.6309297535714575,7.0,49.0,0.08906334240666958,0.7408754332716758,0.7864583333333334,8.723882104658486,2.3978952727983707,0.6583333333333333,0.5130781988302866,0.1791564971393101,1.0,3.0,0.0,0.0,1.0,0.6931471805599453
7b,amazon,cold_start_item,74,0.0,1.0,1.0,7.0,49.0,0.08906334240666958,0.7408754332716758,0.7864583333333334,8.723882104658486,2.3978952727983707,0.625,0.5143847743670146,0.17940053487315755,1.0,3.0,0.0,0.0,1.0,0.6931471805599453
7b,amazon,cold_start_item,75,0.43067655807339306,1.0,0.5693234419266069,7.0,49.0,0.08906334240666958,0.7408754332716758,0.7864583333333334,8.723882104658486,2.3978952727983707,0.6458333333333333,0.28102705081303914,0.19229287328169467,1.0,3.0,0.0,0.0,1.0,0.6931471805599453
7b,amazon,cold_start_item,76,0.6309297535714575,1.0,0.36907024642854247,7.0,49.0,0.08906334240666958,0.7408754332716758,0.7864583333333334,9.248502833070532,2.302585092994046,0.6291666666666667,0.5264855603377023,0.17301596868350666,1.0,3.0,0.0,0.0,1.0,0.6931471805599453
7b,amazon,cold_start_item,77,0.0,0.6309297535714575,0.6309297535714575,7.0,49.0,0.08906334240666958,0.7408754332716758,0.7864583333333334,8.37216741936598,2.1972245773362196,0.6375,0.49870100418726593,0.18478818083245402,1.0,2.0,0.05263157894736842,0.0,1.0,0.6931471805599453
7b,amazon,cold_start_item,78,1.0,1.0,0.0,7.0,49.0,0.08906334240666958,0.7408754332716758,0.7864583333333334,8.39049553837028,1.791759469228055,0.6291666666666667,0.5308448652426402,0.1748484001503836,1.0,3.0,0.0,0.0,1.0,0.6931471805599453
7b,amazon,cold_start_item,79,1.0,1.0,0.0,7.0,49.0,0.08906334240666958,0.7408754332716758,0.7864583333333334,8.39049553837028,1.791759469228055,0.6291666666666667,0.4945116798082987,0.17546458427148867,1.0,2.0,0.05263157894736842,0.0,1.0,0.6931471805599453
7b,amazon,cold_start_item,80,0.0,1.0,1.0,7.0,49.0,0.08906334240666958,0.7408754332716758,0.7864583333333334,10.72628046129497,3.4965075614664802,0.6208333333333333,0.5058601597944895,0.1959888940303917,1.0,3.0,0.0,0.0,1.0,0.6931471805599453
7b,amazon,cold_start_item,81,1.0,1.0,0.0,7.0,49.0,0.08906334240666958,0.7408754332716758,0.7864583333333334,8.322151070212902,2.0794415416798357,0.65,0.5567553798357645,0.17994167230628313,1.0,3.0,0.0,0.0,1.0,0.6931471805599453
7b,amazon,cold_start_item,82,0.6309297535714575,1.0,0.36907024642854247,7.0,49.0,0.08906334240666958,0.7408754332716758,0.7864583333333334,8.751316246773456,2.1972245773362196,0.6333333333333333,0.521764890352885,0.1764225556225532,1.0,3.0,0.0,0.0,1.0,0.6931471805599453
7b,amazon,cold_start_item,83,1.0,1.0,0.0,7.0,49.0,0.08906334240666958,0.7408754332716758,0.7864583333333334,8.751316246773456,2.1972245773362196,0.6375,0.5310167948404947,0.17275491286908926,1.0,3.0,0.0,0.0,1.0,0.6931471805599453
7b,amazon,cold_start_item,84,0.0,0.38685280723454163,0.38685280723454163,7.0,49.0,0.08906334240666958,0.7408754332716758,0.7864583333333334,8.278428259199071,2.0794415416798357,0.6375,0.5063390413920085,0.18875701360503694,1.0,3.0,0.0,0.0,1.0,0.6931471805599453
7b,amazon,cold_start_item,85,1.0,1.0,0.0,7.0,49.0,0.08906334240666958,0.7408754332716758,0.7864583333333334,9.183585634667363,3.1780538303479458,0.6333333333333333,0.0006975352764129195,0.11573180033357916,1.0,3.0,0.0,0.0,1.0,0.6931471805599453
7b,amazon,cold_start_item,86,1.0,1.0,0.0,7.0,49.0,0.08906334240666958,0.7408754332716758,0.7864583333333334,9.20833836930551,2.772588722239781,0.6333333333333333,0.5074734727541605,0.17993457101777705,1.0,3.0,0.0,0.0,1.0,0.6931471805599453
7b,amazon,cold_start_item,87,0.0,1.0,1.0,7.0,49.0,0.08906334240666958,0.7408754332716758,0.7864583333333334,8.058960017769417,2.302585092994046,0.6458333333333333,0.5132541875044505,0.18314027565310254,1.0,3.0,0.0,0.0,1.0,0.6931471805599453
7b,amazon,cold_start_item,88,0.5,1.0,0.5,7.0,49.0,0.08906334240666958,0.7408754332716758,0.7864583333333334,9.580040123637605,3.1780538303479458,0.6375,0.5106559852759043,0.18324556635218983,1.0,3.0,0.0,0.0,1.0,0.6931471805599453
7b,amazon,cold_start_item,89,0.6309297535714575,1.0,0.36907024642854247,7.0,49.0,0.08906334240666958,0.7408754332716758,0.7864583333333334,9.71571114505921,2.4849066497880004,0.6458333333333333,0.5246336201826731,0.17696839648540286,1.0,3.0,0.0,0.0,1.0,0.6931471805599453
7b,amazon,cold_start_item,90,0.43067655807339306,1.0,0.5693234419266069,7.0,49.0,0.08906334240666958,0.7408754332716758,0.7864583333333334,9.71571114505921,2.4849066497880004,0.6458333333333333,0.5081874946753184,0.1841364810588287,1.0,3.0,0.0,0.0,1.0,0.6931471805599453
7b,amazon,cold_start_item,91,1.0,1.0,0.0,7.0,49.0,0.08906334240666958,0.7408754332716758,0.7864583333333334,8.490849216076635,2.3978952727983707,0.6291666666666667,0.5039569894472757,0.1798665313553268,1.0,3.0,0.0,0.0,1.0,0.6931471805599453
7b,amazon,cold_start_item,92,1.0,1.0,0.0,7.0,49.0,0.08906334240666958,0.7408754332716758,0.7864583333333334,9.98562038207465,2.8903717578961645,0.65,0.5052405873934427,0.18205577456080482,1.0,3.0,0.0,0.0,1.0,0.6931471805599453
7b,amazon,cold_start_item,93,1.0,1.0,0.0,7.0,49.0,0.08906334240666958,0.7408754332716758,0.7864583333333334,9.98562038207465,2.8903717578961645,0.6458333333333333,0.5071817735830944,0.18316116133421564,1.0,3.0,0.0,0.0,1.0,0.6931471805599453
7b,amazon,cold_start_item,94,0.6309297535714575,1.0,0.36907024642854247,7.0,49.0,0.08906334240666958,0.7408754332716758,0.7864583333333334,8.09162741160107,2.0794415416798357,0.6291666666666667,0.5088016132513682,0.18271530337694047,1.0,3.0,0.0,0.0,1.0,0.6931471805599453
7b,amazon,cold_start_item,95,0.0,0.0,0.0,7.0,49.0,0.08906334240666958,0.7408754332716758,0.7864583333333334,10.05173512899633,2.639057329615259,0.625,0.511773000160853,0.18138338319259972,1.0,3.0,0.0,0.0,1.0,0.6931471805599453
7b,amazon,cold_start_item,96,1.0,1.0,0.0,7.0,49.0,0.08906334240666958,0.7408754332716758,0.7864583333333334,10.05173512899633,2.639057329615259,0.65,0.5268927017847695,0.17539590307896516,1.0,3.0,0.0,0.0,1.0,0.6931471805599453
7b,amazon,cold_start_item,97,0.38685280723454163,0.6309297535714575,0.2440769463369159,7.0,49.0,0.08906334240666958,0.7408754332716758,0.7864583333333334,8.471149252914831,1.9459101490553132,0.6458333333333333,0.48540731469790144,0.18559492572024452,1.0,3.0,0.0,0.0,1.0,0.6931471805599453
7b,amazon,cold_start_item,98,1.0,1.0,0.0,7.0,49.0,0.08906334240666958,0.7408754332716758,0.7864583333333334,7.9724660159745655,1.9459101490553132,0.6416666666666666,0.5083523432413736,0.17631668839592077,1.0,3.0,0.0,0.0,1.0,0.6931471805599453
7b,amazon,cold_start_item,99,0.0,1.0,1.0,7.0,49.0,0.08906334240666958,0.7408754332716758,0.7864583333333334,9.152711259139547,2.5649493574615367,0.6333333333333333,0.5259130338827768,0.17751854686268442,1.0,3.0,0.0,0.0,1.0,0.6931471805599453
7b,amazon,cold_start_item,100,1.0,0.5,-0.5,7.0,49.0,0.08906334240666958,0.7408754332716758,0.7864583333333334,9.152711259139547,2.5649493574615367,0.6583333333333333,0.26731777985890715,0.19853894842425887,1.0,3.0,0.0,0.0,1.0,0.6931471805599453
7b,amazon,cold_start_item,101,1.0,1.0,0.0,7.0,49.0,0.08906334240666958,0.7408754332716758,0.7864583333333334,7.835974581721566,2.0794415416798357,0.6541666666666666,0.4993085245291391,0.17913686021230568,1.0,2.0,0.05263157894736842,0.0,1.0,0.6931471805599453
7b,amazon,cold_start_item,102,1.0,1.0,0.0,7.0,49.0,0.08906334240666958,0.7408754332716758,0.7864583333333334,9.983499490505512,2.639057329615259,0.6416666666666666,0.5067845741907756,0.18718236333111857,1.0,2.0,0.05263157894736842,0.0,1.0,1.0986122886681096
7b,amazon,cold_start_item,103,0.5,1.0,0.5,7.0,49.0,0.08906334240666958,0.7408754332716758,0.7864583333333334,8.024207485778577,2.0794415416798357,0.6416666666666666,0.24490865667661021,0.20043538391106075,1.0,3.0,0.0,0.0,1.0,0.6931471805599453
7b,amazon,cold_start_item,104,0.6309297535714575,0.6309297535714575,0.0,7.0,49.0,0.08906334240666958,0.7408754332716758,0.7864583333333334,8.024207485778577,2.0794415416798357,0.6375,0.5138989905516306,0.17471997835645434,1.0,3.0,0.0,0.0,1.0,0.6931471805599453
7b,amazon,cold_start_item,105,1.0,1.0,0.0,7.0,49.0,0.08906334240666958,0.7408754332716758,0.7864583333333334,8.431635303054591,2.0794415416798357,0.6166666666666667,0.49834191004435224,0.18339520777684423,1.0,3.0,0.0,0.0,1.0,0.6931471805599453
7b,amazon,cold_start_item,106,1.0,1.0,0.0,7.0,49.0,0.08906334240666958,0.7408754332716758,0.7864583333333334,8.884887201837403,2.0794415416798357,0.6458333333333333,0.5234536449114481,0.18163456301109882,1.0,3.0,0.0,0.0,1.0,0.6931471805599453
7b,amazon,cold_start_item,107,0.0,1.0,1.0,7.0,49.0,0.08906334240666958,0.7408754332716758,0.7864583333333334,8.884887201837403,2.0794415416798357,0.6375,0.5240809599558512,0.17699878326627055,1.0,3.0,0.0,0.0,1.0,0.6931471805599453
7b,amazon,evolving_interest,0,0.0,0.38685280723454163,0.38685280723454163,7.0,49.0,0.08906334240666958,0.7408754332716758,0.7864583333333334,7.769800996003896,1.6094379124341003,0.65,0.018057596683502264,0.07681510290702433,1.0,2.0,0.10526315789473684,0.0,1.0,1.3862943611198906
7b,amazon,evolving_interest,1,0.43067655807339306,0.38685280723454163,-0.04382375083885143,7.0,49.0,0.08906334240666958,0.7408754332716758,0.7864583333333334,8.674538762140015,2.5649493574615367,0.6375,0.0011497735977172852,0.12970841606651554,1.0,3.0,0.0,0.0,1.0,0.6931471805599453
7b,amazon,evolving_interest,2,0.0,0.0,0.0,7.0,49.0,0.08906334240666958,0.7408754332716758,0.7864583333333334,7.764720544771477,1.791759469228055,0.6416666666666666,0.008297878503799483,0.11432725851433702,1.0,3.0,0.0,0.0,1.0,0.6931471805599453
7b,amazon,evolving_interest,3,0.0,0.0,0.0,7.0,49.0,0.08906334240666958,0.7408754332716758,0.7864583333333334,8.759511722116489,2.639057329615259,0.6416666666666666,0.021209567785263117,0.12400740998014477,1.0,3.0,0.0,0.0,1.0,1.3862943611198906
7b,amazon,evolving_interest,4,1.0,1.0,0.0,7.0,49.0,0.08906334240666958,0.7408754332716758,0.7864583333333334,8.462314529906248,2.0794415416798357,0.6375,0.004309040307998613,0.07425863651733695,1.0,3.0,0.0,0.0,1.0,0.6931471805599453
7b,amazon,evolving_interest,5,0.0,0.0,0.0,7.0,49.0,0.08906334240666958,0.7408754332716758,0.7864583333333334,7.705262474866325,1.3862943611198906,0.6291666666666667,0.20373372634251913,0.053232179979263085,1.0,3.0,0.0,0.0,1.0,0.6931471805599453
7b,amazon,evolving_interest,6,1.0,1.0,0.0,7.0,49.0,0.08906334240666958,0.7408754332716758,0.7864583333333334,7.382124365737512,1.0986122886681096,0.6458333333333333,0.19455154140790298,0.06832846618601843,1.0,3.0,0.0,0.0,1.0,0.6931471805599453
7b,amazon,evolving_interest,7,1.0,0.5,-0.5,7.0,49.0,0.08906334240666958,0.7408754332716758,0.7864583333333334,6.950814768442584,1.0986122886681096,0.625,0.0006750226020812988,0.027416489357597645,1.0,3.0,0.0,0.0,1.0,0.6931471805599453
7b,amazon,evolving_interest,8,0.0,0.0,0.0,7.0,49.0,0.08906334240666958,0.7408754332716758,0.7864583333333334,7.488852955733459,1.791759469228055,0.6541666666666666,0.008362734317779563,0.08690139914755765,1.0,3.0,0.0,0.0,1.0,0.6931471805599453
7b,amazon,evolving_interest,9,0.6309297535714575,0.5,-0.13092975357145753,7.0,49.0,0.08906334240666958,0.7408754332716758,0.7864583333333334,6.928537818164665,1.3862943611198906,0.6375,0.0046582639217376265,0.08935428830224447,1.0,3.0,0.0,0.0,1.0,0.6931471805599453
7b,amazon,evolving_interest,10,0.0,0.0,0.0,7.0,49.0,0.08906334240666958,0.7408754332716758,0.7864583333333334,8.683554728631462,1.791759469228055,0.65,0.010312771797180154,0.07041568597853153,1.0,3.0,0.0,0.0,1.0,0.6931471805599453
7b,amazon,evolving_interest,11,0.38685280723454163,0.6309297535714575,0.2440769463369159,7.0,49.0,0.08906334240666958,0.7408754332716758,0.7864583333333334,7.380879035564116,1.3862943611198906,0.6458333333333333,0.0030547320842742587,0.08585775298466872,1.0,2.0,0.05263157894736842,0.0,1.0,1.0986122886681096
7b,amazon,evolving_interest,12,0.0,0.0,0.0,7.0,49.0,0.08906334240666958,0.7408754332716758,0.7864583333333334,7.040536390215956,1.0986122886681096,0.65,0.016706103086471552,0.012536894323335983,1.0,3.0,0.0,0.0,1.0,0.6931471805599453
7b,amazon,evolving_interest,13,0.0,0.0,0.0,7.0,49.0,0.08906334240666958,0.7408754332716758,0.7864583333333334,7.669028288589683,1.9459101490553132,0.6166666666666667,0.16203787028789524,0.06478536421944252,1.0,3.0,0.0,0.0,1.0,0.6931471805599453
7b,amazon,evolving_interest,14,1.0,1.0,0.0,7.0,49.0,0.08906334240666958,0.7408754332716758,0.7864583333333334,7.463363045520021,1.6094379124341003,0.6291666666666667,0.17471744616826373,0.045416672780070576,1.0,3.0,0.0,0.0,1.0,1.0986122886681096
7b,amazon,evolving_interest,15,0.6309297535714575,0.6309297535714575,0.0,7.0,49.0,0.08906334240666958,0.7408754332716758,0.7864583333333334,7.251344983372214,1.3862943611198906,0.6375,0.21636997063954672,0.0596353017321064,1.0,3.0,0.0,0.0,1.0,0.6931471805599453
7b,amazon,evolving_interest,16,0.0,0.0,0.0,7.0,49.0,0.08906334240666958,0.7408754332716758,0.7864583333333334,6.954638864880987,1.0986122886681096,0.6458333333333333,0.00431047081947325,0.018147247179332828,1.0,3.0,0.0,0.0,1.0,0.6931471805599453
7b,amazon,evolving_interest,17,1.0,0.43067655807339306,-0.5693234419266069,7.0,49.0,0.08906334240666958,0.7408754332716758,0.7864583333333334,6.892641641172089,1.0986122886681096,0.6416666666666666,0.017167264223098777,0.016075244611734228,1.0,3.0,0.0,0.0,1.0,0.6931471805599453
7b,amazon,evolving_interest,18,0.43067655807339306,0.6309297535714575,0.20025319549806447,7.0,49.0,0.08906334240666958,0.7408754332716758,0.7864583333333334,7.190676034332207,1.0986122886681096,0.6583333333333333,0.25638139446576436,0.06382813516747837,1.0,3.0,0.0,0.0,1.0,0.6931471805599453
7b,amazon,evolving_interest,19,0.43067655807339306,1.0,0.5693234419266069,7.0,49.0,0.08906334240666958,0.7408754332716758,0.7864583333333334,7.564757012905729,1.3862943611198906,0.625,0.012533444166183488,0.013872021298484813,1.0,3.0,0.0,0.0,1.0,0.6931471805599453
7b,amazon,evolving_interest,20,0.0,0.6309297535714575,0.6309297535714575,7.0,49.0,0.08906334240666958,0.7408754332716758,0.7864583333333334,6.618738983517219,1.0986122886681096,0.6375,0.001649415493011508,0.025946922349011237,1.0,3.0,0.0,0.0,1.0,0.6931471805599453
7b,amazon,evolving_interest,21,0.0,0.6309297535714575,0.6309297535714575,7.0,49.0,0.08906334240666958,0.7408754332716758,0.7864583333333334,6.586171654854675,1.0986122886681096,0.6375,0.25694918235143027,0.06352519672167439,1.0,3.0,0.0,0.0,1.0,0.6931471805599453
7b,amazon,evolving_interest,22,0.0,1.0,1.0,7.0,49.0,0.08906334240666958,0.7408754332716758,0.7864583333333334,8.236685322712457,2.3978952727983707,0.6375,7.152557373046875e-05,0.07017802146496946,1.0,2.0,0.05263157894736842,0.0,1.0,0.6931471805599453
7b,amazon,evolving_interest,23,0.0,0.0,0.0,7.0,49.0,0.08906334240666958,0.7408754332716758,0.7864583333333334,6.51471269087253,1.0986122886681096,0.6333333333333333,0.003022402524948148,0.013905875825700447,1.0,3.0,0.0,0.0,1.0,1.0986122886681096
7b,amazon,evolving_interest,24,0.5,0.43067655807339306,-0.06932344192660694,7.0,49.0,0.08906334240666958,0.7408754332716758,0.7864583333333334,7.430114138561801,1.791759469228055,0.6416666666666666,0.23564752538998918,0.05986541250030102,1.0,3.0,0.0,0.0,1.0,0.6931471805599453
7b,amazon,evolving_interest,25,1.0,1.0,0.0,7.0,49.0,0.08906334240666958,0.7408754332716758,0.7864583333333334,7.257707677160043,1.3862943611198906,0.625,0.009513044357299827,0.11105846016302595,1.0,3.0,0.0,0.0,1.0,0.6931471805599453
7b,amazon,evolving_interest,26,0.0,0.38685280723454163,0.38685280723454163,7.0,49.0,0.08906334240666958,0.7408754332716758,0.7864583333333334,6.523562306149512,1.0986122886681096,0.6333333333333333,0.24139605363210037,0.06656184843457014,1.0,3.0,0.0,0.0,1.0,0.6931471805599453
7b,amazon,evolving_interest,27,0.0,0.5,0.5,7.0,49.0,0.08906334240666958,0.7408754332716758,0.7864583333333334,7.707062655370473,1.791759469228055,0.625,0.018567216396331743,0.07982065761791116,1.0,3.0,0.0,0.0,1.0,0.6931471805599453
7b,amazon,evolving_interest,28,0.0,0.0,0.0,7.0,49.0,0.08906334240666958,0.7408754332716758,0.7864583333333334,7.201170883281678,1.3862943611198906,0.6375,0.20706671078999833,0.05769323031024347,1.0,3.0,0.0,0.0,1.0,0.6931471805599453
7b,amazon,evolving_interest,29,0.6309297535714575,0.0,-0.6309297535714575,7.0,49.0,0.08906334240666958,0.7408754332716758,0.7864583333333334,6.502790045915623,1.0986122886681096,0.6416666666666666,0.014136046171188354,0.0227670289877364,1.0,2.0,0.10526315789473684,0.0,1.0,0.6931471805599453
7b,amazon,evolving_interest,30,0.0,0.0,0.0,7.0,49.0,0.08906334240666958,0.7408754332716758,0.7864583333333334,6.559615237493242,1.0986122886681096,0.6458333333333333,0.035346972942352284,0.07830750129402173,1.0,3.0,0.0,0.0,1.0,1.0986122886681096
7b,amazon,evolving_interest,31,0.0,0.0,0.0,7.0,49.0,0.08906334240666958,0.7408754332716758,0.7864583333333334,7.6586995582682995,1.791759469228055,0.6375,0.026674014329910234,0.10001759156006458,1.0,3.0,0.0,0.0,1.0,0.6931471805599453
7b,amazon,evolving_interest,32,0.43067655807339306,0.5,0.06932344192660694,7.0,49.0,0.08906334240666958,0.7408754332716758,0.7864583333333334,6.663132695990803,1.0986122886681096,0.6416666666666666,0.24130053122838335,0.060653544932837825,1.0,3.0,0.0,0.0,1.0,0.6931471805599453
7b,amazon,evolving_interest,33,0.0,0.38685280723454163,0.38685280723454163,7.0,49.0,0.08906334240666958,0.7408754332716758,0.7864583333333334,7.4489161025442,1.0986122886681096,0.6291666666666667,2.1708011627208368e-05,0.02735759561464322,1.0,3.0,0.0,0.0,1.0,0.6931471805599453
7b,amazon,evolving_interest,34,0.0,0.0,0.0,7.0,49.0,0.08906334240666958,0.7408754332716758,0.7864583333333334,6.621405651764134,1.0986122886681096,0.6375,0.0023932456970214844,0.10502789537829306,1.0,3.0,0.0,0.0,1.0,0.6931471805599453
7b,amazon,evolving_interest,35,0.0,0.38685280723454163,0.38685280723454163,7.0,49.0,0.08906334240666958,0.7408754332716758,0.7864583333333334,7.404279118037268,1.6094379124341003,0.6458333333333333,0.20697356661160782,0.05047379483090734,1.0,3.0,0.0,0.0,1.0,0.6931471805599453
7b,amazon,evolving_interest,36,0.0,0.0,0.0,7.0,49.0,0.08906334240666958,0.7408754332716758,0.7864583333333334,6.638567789166521,1.0986122886681096,0.6583333333333333,0.0004660069942474532,0.011599308533001906,1.0,3.0,0.0,0.0,1.0,0.6931471805599453
7b,amazon,evolving_interest,37,1.0,0.6309297535714575,-0.36907024642854247,7.0,49.0,0.08906334240666958,0.7408754332716758,0.7864583333333334,7.023758954738443,1.3862943611198906,0.6375,0.21105381449063615,0.055272895539808235,1.0,3.0,0.0,0.0,1.0,0.6931471805599453
7b,amazon,evolving_interest,38,0.0,0.0,0.0,7.0,49.0,0.08906334240666958,0.7408754332716758,0.7864583333333334,6.594413459749778,1.0986122886681096,0.6416666666666666,0.24660985668500263,0.06820278989919422,1.0,3.0,0.0,0.0,1.0,0.6931471805599453
7b,amazon,evolving_interest,39,0.0,0.43067655807339306,0.43067655807339306,7.0,49.0,0.08906334240666958,0.7408754332716758,0.7864583333333334,6.742880635791903,1.0986122886681096,0.6583333333333333,0.0026211082935333474,0.018675839549796444,1.0,3.0,0.0,0.0,1.0,0.6931471805599453
7b,amazon,evolving_interest,40,0.0,0.0,0.0,7.0,49.0,0.08906334240666958,0.7408754332716758,0.7864583333333334,6.846943139585379,1.0986122886681096,0.6208333333333333,0.05237621068954468,0.06816280593881142,1.0,3.0,0.0,0.0,1.0,0.6931471805599453
7b,amazon,evolving_interest,41,0.0,0.0,0.0,7.0,49.0,0.08906334240666958,0.7408754332716758,0.7864583333333334,7.401231264413015,1.6094379124341003,0.6333333333333333,0.0071322083473205344,0.02305831665129611,1.0,3.0,0.0,0.0,1.0,0.6931471805599453
7b,amazon,evolving_interest,42,0.0,0.0,0.0,7.0,49.0,0.08906334240666958,0.7408754332716758,0.7864583333333334,7.249925536717988,1.6094379124341003,0.6541666666666666,0.041272598505020186,0.06261594240954302,1.0,3.0,0.0,0.0,1.0,1.9459101490553132
7b,amazon,evolving_interest,43,0.0,0.0,0.0,7.0,49.0,0.08906334240666958,0.7408754332716758,0.7864583333333334,6.508769136971682,1.0986122886681096,0.625,0.00929962992668154,0.07104053672787543,1.0,3.0,0.0,0.0,1.0,0.6931471805599453
7b,amazon,evolving_interest,44,0.0,0.38685280723454163,0.38685280723454163,7.0,49.0,0.08906334240666958,0.7408754332716758,0.7864583333333334,7.374629015218945,1.3862943611198906,0.6416666666666666,0.01634802818298342,0.08128547456575416,1.0,3.0,0.0,0.0,1.0,0.6931471805599453
7b,amazon,evolving_interest,45,1.0,0.43067655807339306,-0.5693234419266069,7.0,49.0,0.08906334240666958,0.7408754332716758,0.7864583333333334,7.038783541388542,1.0986122886681096,0.6291666666666667,0.20794656475385032,0.05711922709641648,1.0,3.0,0.0,0.0,1.0,1.0986122886681096
7b,amazon,evolving_interest,46,0.0,0.0,0.0,7.0,49.0,0.08906334240666958,0.7408754332716758,0.7864583333333334,7.121252453244542,1.3862943611198906,0.6416666666666666,0.0055742919445038175,0.02192604274763939,1.0,3.0,0.0,0.0,1.0,0.6931471805599453
7b,amazon,evolving_interest,47,0.43067655807339306,0.38685280723454163,-0.04382375083885143,7.0,49.0,0.08906334240666958,0.7408754332716758,0.7864583333333334,7.382746449738912,1.6094379124341003,0.6458333333333333,0.22445502479871104,0.11491312934868092,1.0,2.0,0.05263157894736842,0.0,1.0,1.0986122886681096
7b,amazon,evolving_interest,48,0.6309297535714575,0.5,-0.13092975357145753,7.0,49.0,0.08906334240666958,0.7408754332716758,0.7864583333333334,7.612336837167746,1.0986122886681096,0.6333333333333333,0.24599137504895524,0.1204856102379479,1.0,2.0,0.05263157894736842,0.0,1.0,0.6931471805599453
7b,amazon,evolving_interest,49,0.43067655807339306,1.0,0.5693234419266069,7.0,49.0,0.08906334240666958,0.7408754332716758,0.7864583333333334,7.492760300922379,1.6094379124341003,0.6333333333333333,0.0004336953163147639,0.0808261778678074,1.0,3.0,0.0,0.0,1.0,0.6931471805599453
7b,amazon,evolving_interest,50,1.0,1.0,0.0,7.0,49.0,0.08906334240666958,0.7408754332716758,0.7864583333333334,8.353968130313271,2.0794415416798357,0.6291666666666667,0.24076972206433606,0.060640061291361784,1.0,3.0,0.0,0.0,1.0,0.6931471805599453
7b,amazon,evolving_interest,51,0.0,0.6309297535714575,0.6309297535714575,7.0,49.0,0.08906334240666958,0.7408754332716758,0.7864583333333334,7.266827347520591,1.3862943611198906,0.6541666666666666,0.20783253510793043,0.05891138474743927,1.0,3.0,0.0,0.0,1.0,0.6931471805599453
7b,amazon,evolving_interest,52,0.0,0.0,0.0,7.0,49.0,0.08906334240666958,0.7408754332716758,0.7864583333333334,7.085064293952548,1.3862943611198906,0.6291666666666667,0.013039934635162342,0.018725477105334936,1.0,3.0,0.0,0.0,1.0,0.6931471805599453
7b,amazon,evolving_interest,53,0.5,0.6309297535714575,0.13092975357145753,7.0,49.0,0.08906334240666958,0.7408754332716758,0.7864583333333334,7.407924322559599,1.791759469228055,0.6416666666666666,0.02112627625465391,0.0688710926523591,1.0,3.0,0.0,0.0,1.0,0.6931471805599453
7b,amazon,evolving_interest,54,0.0,1.0,1.0,7.0,49.0,0.08906334240666958,0.7408754332716758,0.7864583333333334,6.499787040655854,1.0986122886681096,0.65,0.24666251738866168,0.06430931382732617,1.0,3.0,0.0,0.0,1.0,0.6931471805599453
7b,amazon,evolving_interest,55,1.0,1.0,0.0,7.0,49.0,0.08906334240666958,0.7408754332716758,0.7864583333333334,6.826545223556594,1.0986122886681096,0.6333333333333333,0.012849408388137862,0.08066352563006185,1.0,3.0,0.0,0.0,1.0,0.6931471805599453
7b,amazon,evolving_interest,56,0.0,0.0,0.0,7.0,49.0,0.08906334240666958,0.7408754332716758,0.7864583333333334,7.3901814282264295,1.3862943611198906,0.6416666666666666,0.05389233827590939,0.07386746942272449,1.0,3.0,0.0,0.0,1.0,0.6931471805599453
7b,amazon,evolving_interest,57,0.6309297535714575,0.6309297535714575,0.0,7.0,49.0,0.08906334240666958,0.7408754332716758,0.7864583333333334,7.818430272070656,1.0986122886681096,0.6125,0.014366734027862482,0.07929270321125509,1.0,3.0,0.0,0.0,1.0,0.6931471805599453
7b,amazon,evolving_interest,58,1.0,1.0,0.0,7.0,49.0,0.08906334240666958,0.7408754332716758,0.7864583333333334,7.455298485683291,1.0986122886681096,0.6416666666666666,0.21015759905179338,0.0520327403442253,1.0,3.0,0.0,0.0,1.0,0.6931471805599453
7b,amazon,evolving_interest,59,0.0,0.38685280723454163,0.38685280723454163,7.0,49.0,0.08906334240666958,0.7408754332716758,0.7864583333333334,8.046549357283078,1.0986122886681096,0.65,0.047191250324249256,0.07027910591550969,1.0,3.0,0.0,0.0,1.0,0.6931471805599453
7b,amazon,evolving_interest,60,1.0,1.0,0.0,7.0,49.0,0.08906334240666958,0.7408754332716758,0.7864583333333334,7.62608275807238,1.0986122886681096,0.6458333333333333,0.526946864525477,0.17516081240638104,1.0,3.0,0.0,0.0,1.0,0.6931471805599453
7b,amazon,evolving_interest,61,0.0,0.0,0.0,7.0,49.0,0.08906334240666958,0.7408754332716758,0.7864583333333334,8.646992628951082,2.5649493574615367,0.6333333333333333,0.019319772720336914,0.0796877495246527,1.0,3.0,0.0,0.0,1.0,0.6931471805599453
7b,amazon,evolving_interest,62,1.0,1.0,0.0,7.0,49.0,0.08906334240666958,0.7408754332716758,0.7864583333333334,8.181440695719374,1.6094379124341003,0.6458333333333333,0.004744970798492454,0.017868757307730843,1.0,3.0,0.0,0.0,1.0,0.6931471805599453
7b,amazon,evolving_interest,63,1.0,0.6309297535714575,-0.36907024642854247,7.0,49.0,0.08906334240666958,0.7408754332716758,0.7864583333333334,8.334471554600944,1.791759469228055,0.6416666666666666,0.02936654090881352,0.08054244226006035,1.0,3.0,0.0,0.0,1.0,0.6931471805599453
7b,amazon,evolving_interest,64,0.5,1.0,0.5,7.0,49.0,0.08906334240666958,0.7408754332716758,0.7864583333333334,7.0192966537150445,1.3862943611198906,0.6375,0.010854434967040971,0.09222898781735517,1.0,2.0,0.05263157894736842,0.0,1.0,0.6931471805599453
7b,amazon,evolving_interest,65,1.0,0.0,-1.0,7.0,49.0,0.08906334240666958,0.7408754332716758,0.7864583333333334,8.070593539949519,1.6094379124341003,0.6458333333333333,0.0021627008914947288,0.07991719453802952,1.0,3.0,0.0,0.0,1.0,0.6931471805599453
7b,amazon,evolving_interest,66,0.0,1.0,1.0,7.0,49.0,0.08906334240666958,0.7408754332716758,0.7864583333333334,7.916807490937603,1.3862943611198906,0.6541666666666666,0.0021301746368408425,0.09503068709162313,1.0,3.0,0.0,0.0,1.0,0.6931471805599453
7b,amazon,evolving_interest,67,0.0,0.38685280723454163,0.38685280723454163,7.0,49.0,0.08906334240666958,0.7408754332716758,0.7864583333333334,7.44600149832412,1.0986122886681096,0.6333333333333333,0.22250770529111225,0.0714008513075531,1.0,2.0,0.05263157894736842,0.0,1.0,0.6931471805599453
7b,amazon,evolving_interest,68,0.0,0.43067655807339306,0.43067655807339306,7.0,49.0,0.08906334240666958,0.7408754332716758,0.7864583333333334,7.895063498091573,1.3862943611198906,0.6416666666666666,0.17406670649846395,0.06005727100245524,1.0,3.0,0.0,0.0,1.0,0.6931471805599453
7b,amazon,evolving_interest,69,0.0,1.0,1.0,7.0,49.0,0.08906334240666958,0.7408754332716758,0.7864583333333334,6.914730892718563,1.0986122886681096,0.6416666666666666,0.01493836641311641,0.0701993296839248,1.0,3.0,0.0,0.0,1.0,0.6931471805599453
7b,amazon,evolving_interest,70,0.0,0.43067655807339306,0.43067655807339306,7.0,49.0,0.08906334240666958,0.7408754332716758,0.7864583333333334,7.526717561352706,1.0986122886681096,0.6333333333333333,0.0015212953090667503,0.019563529599043398,1.0,3.0,0.0,0.0,1.0,0.6931471805599453
7b,amazon,evolving_interest,71,1.0,0.6309297535714575,-0.36907024642854247,7.0,49.0,0.08906334240666958,0.7408754332716758,0.7864583333333334,7.475905969367397,1.3862943611198906,0.6416666666666666,0.002908945083618164,0.07603535258769023,1.0,3.0,0.0,0.0,1.0,0.6931471805599453
7b,amazon,evolving_interest,72,0.0,0.0,0.0,7.0,49.0,0.08906334240666958,0.7408754332716758,0.7864583333333334,7.85243908535751,1.791759469228055,0.6333333333333333,0.02586822509765624,0.08015047780015104,1.0,3.0,0.0,0.0,1.0,0.6931471805599453
7b,amazon,evolving_interest,73,0.0,0.0,0.0,7.0,49.0,0.08906334240666958,0.7408754332716758,0.7864583333333334,6.638567789166521,1.0986122886681096,0.6416666666666666,0.18578756650288897,0.11794269813521117,1.0,3.0,0.0,0.0,1.0,0.6931471805599453
7b,amazon,evolving_interest,74,0.0,0.38685280723454163,0.38685280723454163,7.0,49.0,0.08906334240666958,0.7408754332716758,0.7864583333333334,7.055312843339752,1.3862943611198906,0.6458333333333333,0.22632878025372816,0.06050065267306134,1.0,3.0,0.0,0.0,1.0,0.6931471805599453
7b,amazon,evolving_interest,75,1.0,0.6309297535714575,-0.36907024642854247,7.0,49.0,0.08906334240666958,0.7408754332716758,0.7864583333333334,6.880384082186005,1.0986122886681096,0.6458333333333333,0.00047469735145566627,0.016938001522631075,1.0,2.0,0.10526315789473684,0.0,1.0,0.6931471805599453
7b,amazon,evolving_interest,76,1.0,1.0,0.0,7.0,49.0,0.08906334240666958,0.7408754332716758,0.7864583333333334,7.813591552952433,1.3862943611198906,0.6291666666666667,0.030046766996383645,0.07404131500014162,1.0,3.0,0.0,0.0,1.0,1.0986122886681096
7b,amazon,evolving_interest,77,0.0,0.0,0.0,7.0,49.0,0.08906334240666958,0.7408754332716758,0.7864583333333334,7.323830566202317,1.0986122886681096,0.625,0.2109720249970754,0.056772212320063443,1.0,3.0,0.0,0.0,1.0,0.6931471805599453
7b,amazon,evolving_interest,78,0.0,0.0,0.0,7.0,49.0,0.08906334240666958,0.7408754332716758,0.7864583333333334,6.97914527506881,1.3862943611198906,0.6375,0.0014623403549194336,0.08492460750371823,1.0,3.0,0.0,0.0,1.0,0.6931471805599453
7b,amazon,evolving_interest,79,0.5,0.0,-0.5,7.0,49.0,0.08906334240666958,0.7408754332716758,0.7864583333333334,7.001245622069476,1.3862943611198906,0.625,0.21265562971433,0.05844503243427312,1.0,3.0,0.0,0.0,1.0,0.6931471805599453
7b,amazon,evolving_interest,80,1.0,0.0,-1.0,7.0,49.0,0.08906334240666958,0.7408754332716758,0.7864583333333334,6.831953565565855,1.0986122886681096,0.6333333333333333,0.19876402219136552,0.04942274523058553,1.0,3.0,0.0,0.0,1.0,0.6931471805599453
7b,amazon,evolving_interest,81,0.0,0.6309297535714575,0.6309297535714575,7.0,49.0,0.08906334240666958,0.7408754332716758,0.7864583333333334,7.8083230503910555,1.791759469228055,0.6541666666666666,0.05799146890640261,0.06864567461317875,1.0,3.0,0.0,0.0,1.0,0.6931471805599453
7b,amazon,evolving_interest,82,1.0,1.0,0.0,7.0,49.0,0.08906334240666958,0.7408754332716758,0.7864583333333334,7.078341579557671,1.0986122886681096,0.625,0.5587111751238505,0.17578040293766337,1.0,3.0,0.0,0.0,1.0,0.6931471805599453
7b,amazon,evolving_interest,83,1.0,0.38685280723454163,-0.6131471927654584,7.0,49.0,0.08906334240666958,0.7408754332716758,0.7864583333333334,8.150179269682326,1.3862943611198906,0.6291666666666667,0.00035709142684936523,0.02154104466797522,1.0,3.0,0.0,0.0,1.0,0.6931471805599453
7b,amazon,evolving_interest,84,0.0,0.0,0.0,7.0,49.0,0.08906334240666958,0.7408754332716758,0.7864583333333334,6.917705609835305,1.3862943611198906,0.6458333333333333,0.010489261150360085,0.06461556608687355,1.0,3.0,0.0,0.0,1.0,0.6931471805599453
7b,amazon,evolving_interest,85,0.0,0.0,0.0,7.0,49.0,0.08906334240666958,0.7408754332716758,0.7864583333333334,6.520621127558696,1.0986122886681096,0.65,0.0006031751632690208,0.018384184139554262,1.0,3.0,0.0,0.0,1.0,0.6931471805599453
7b,amazon,evolving_interest,86,0.5,0.5,0.0,7.0,49.0,0.08906334240666958,0.7408754332716758,0.7864583333333334,8.102283624480073,1.0986122886681096,0.6208333333333333,0.21758281191190082,0.07374038200117618,1.0,3.0,0.0,0.0,1.0,0.6931471805599453
7b,amazon,evolving_interest,87,0.0,0.43067655807339306,0.43067655807339306,7.0,49.0,0.08906334240666958,0.7408754332716758,0.7864583333333334,7.374629015218945,1.3862943611198906,0.6291666666666667,0.4724347213904062,0.10949392256562919,1.0,3.0,0.0,0.0,1.0,0.6931471805599453
7b,amazon,evolving_interest,88,0.0,0.0,0.0,7.0,49.0,0.08906334240666958,0.7408754332716758,0.7864583333333334,8.435332164935916,2.5649493574615367,0.6458333333333333,0.00011674761772151321,0.11452122112788089,1.0,3.0,0.0,0.0,1.0,1.0986122886681096
7b,amazon,evolving_interest,89,0.0,0.0,0.0,7.0,49.0,0.08906334240666958,0.7408754332716758,0.7864583333333334,8.515391569469609,2.639057329615259,0.6541666666666666,0.0008709669113159402,0.10879599585903575,1.0,3.0,0.0,0.0,1.0,0.6931471805599453
7b,amazon,evolving_interest,90,0.0,0.6309297535714575,0.6309297535714575,7.0,49.0,0.08906334240666958,0.7408754332716758,0.7864583333333334,6.645090969505644,1.0986122886681096,0.6375,0.0014131307601928655,0.017497366962777743,1.0,3.0,0.0,0.0,1.0,0.6931471805599453
7b,amazon,evolving_interest,91,1.0,1.0,0.0,7.0,49.0,0.08906334240666958,0.7408754332716758,0.7864583333333334,7.533158807455563,1.0986122886681096,0.6333333333333333,0.001021224260330189,0.021468929357120768,1.0,3.0,0.0,0.0,1.0,0.6931471805599453
7b,amazon,evolving_interest,92,0.0,1.0,1.0,7.0,49.0,0.08906334240666958,0.7408754332716758,0.7864583333333334,7.265429723253953,1.3862943611198906,0.6333333333333333,0.029752475023269664,0.015148206453178357,1.0,3.0,0.0,0.0,1.0,1.0986122886681096
7b,amazon,evolving_interest,93,0.5,0.43067655807339306,-0.06932344192660694,7.0,49.0,0.08906334240666958,0.7408754332716758,0.7864583333333334,8.121777419161074,2.0794415416798357,0.6416666666666666,0.03659893870353703,0.10648189646648215,1.0,3.0,0.0,0.0,1.0,0.6931471805599453
7b,amazon,evolving_interest,94,0.5,0.5,0.0,7.0,49.0,0.08906334240666958,0.7408754332716758,0.7864583333333334,7.826842098158293,1.791759469228055,0.6416666666666666,0.008039045333862349,0.020389210470676992,1.0,3.0,0.0,0.0,1.0,0.6931471805599453
7b,amazon,evolving_interest,95,0.6309297535714575,1.0,0.36907024642854247,7.0,49.0,0.08906334240666958,0.7408754332716758,0.7864583333333334,8.054204897064407,2.1972245773362196,0.65,0.059188413619995106,0.0696972543923983,1.0,3.0,0.0,0.0,1.0,1.0986122886681096
7b,amazon,evolving_interest,96,0.6309297535714575,0.0,-0.6309297535714575,7.0,49.0,0.08906334240666958,0.7408754332716758,0.7864583333333334,8.460411177317253,2.5649493574615367,0.65,0.16709051330884295,0.052636557920835644,1.0,3.0,0.0,0.0,1.0,1.0986122886681096
7b,amazon,evolving_interest,97,1.0,0.6309297535714575,-0.36907024642854247,7.0,49.0,0.08906334240666958,0.7408754332716758,0.7864583333333334,7.748028524432376,1.6094379124341003,0.6291666666666667,0.22993957002957655,0.061731606825944946,1.0,2.0,0.05263157894736842,0.0,1.0,0.6931471805599453
7b,amazon,evolving_interest,98,0.0,1.0,1.0,7.0,49.0,0.08906334240666958,0.7408754332716758,0.7864583333333334,6.729824070489475,1.0986122886681096,0.6208333333333333,0.22410590847333273,0.055416547626131185,1.0,3.0,0.0,0.0,1.0,0.6931471805599453
7b,amazon,evolving_interest,99,0.0,0.5,0.5,7.0,49.0,0.08906334240666958,0.7408754332716758,0.7864583333333334,6.831953565565855,1.0986122886681096,0.6458333333333333,0.0008824110031128152,0.01779327141571921,1.0,2.0,0.05263157894736842,0.0,1.0,0.6931471805599453
7b,amazon,evolving_interest,100,0.0,0.0,0.0,7.0,49.0,0.08906334240666958,0.7408754332716758,0.7864583333333334,6.928537818164665,1.3862943611198906,0.6458333333333333,0.21067370971043903,0.05808559188375841,1.0,3.0,0.0,0.0,1.0,0.6931471805599453
7b,amazon,evolving_interest,101,0.5,0.0,-0.5,7.0,49.0,0.08906334240666958,0.7408754332716758,0.7864583333333334,7.017506142941256,1.3862943611198906,0.6291666666666667,0.003537261486053489,0.06235695351691384,1.0,3.0,0.0,0.0,1.0,1.0986122886681096
7b,amazon,evolving_interest,102,0.0,0.0,0.0,7.0,49.0,0.08906334240666958,0.7408754332716758,0.7864583333333334,7.355641102974253,1.0986122886681096,0.6375,0.1474962969621022,0.04177844105896595,1.0,3.0,0.0,0.0,1.0,0.6931471805599453
7b,amazon,evolving_interest,103,0.0,0.5,0.5,7.0,49.0,0.08906334240666958,0.7408754332716758,0.7864583333333334,6.827629234502852,1.0986122886681096,0.6458333333333333,0.005099862813949585,0.022818737616405377,1.0,3.0,0.0,0.0,1.0,0.6931471805599453
7b,amazon,evolving_interest,104,1.0,1.0,0.0,7.0,49.0,0.08906334240666958,0.7408754332716758,0.7864583333333334,6.999422467507961,1.3862943611198906,0.65,0.006105083227157637,0.09205577392164133,1.0,3.0,0.0,0.0,1.0,0.6931471805599453
7b,amazon,evolving_interest,105,1.0,0.0,-1.0,7.0,49.0,0.08906334240666958,0.7408754332716758,0.7864583333333334,7.288927694521257,1.6094379124341003,0.625,0.06619407534599298,0.07720627674516041,1.0,3.0,0.0,0.0,1.0,0.6931471805599453
7b,amazon,evolving_interest,106,1.0,0.6309297535714575,-0.36907024642854247,7.0,49.0,0.08906334240666958,0.7408754332716758,0.7864583333333334,7.513163545234075,1.791759469228055,0.6333333333333333,0.016378194093704224,0.08101961123396649,1.0,3.0,0.0,0.0,1.0,0.6931471805599453
7b,amazon,evolving_interest,107,0.6309297535714575,1.0,0.36907024642854247,7.0,49.0,0.08906334240666958,0.7408754332716758,0.7864583333333334,8.552946361122055,1.6094379124341003,0.6458333333333333,0.014103287458419766,0.0812232878297075,1.0,3.0,0.0,0.0,1.0,0.6931471805599453
7b,amazon,evolving_interest,108,0.0,1.0,1.0,7.0,49.0,0.08906334240666958,0.7408754332716758,0.7864583333333334,8.327242607457793,1.3862943611198906,0.6458333333333333,0.009012562036514293,0.0229893628843488,1.0,3.0,0.0,0.0,1.0,0.6931471805599453
7b,amazon,evolving_interest,109,0.43067655807339306,0.0,-0.43067655807339306,7.0,49.0,0.08906334240666958,0.7408754332716758,0.7864583333333334,7.3277805384216315,1.3862943611198906,0.6291666666666667,0.001111203432083152,0.01234692542410586,1.0,3.0,0.0,0.0,1.0,0.6931471805599453
7b,amazon,evolving_interest,110,1.0,1.0,0.0,7.0,49.0,0.08906334240666958,0.7408754332716758,0.7864583333333334,6.910750787961936,1.3862943611198906,0.6375,0.0034828484058380127,0.08854091615650225,1.0,3.0,0.0,0.0,1.0,1.0986122886681096
7b,amazon,evolving_interest,111,0.0,0.0,0.0,7.0,49.0,0.08906334240666958,0.7408754332716758,0.7864583333333334,7.19668657083435,1.6094379124341003,0.6333333333333333,0.19090046485265094,0.053868827181135615,1.0,3.0,0.0,0.0,1.0,0.6931471805599453
7b,amazon,evolving_interest,112,0.6309297535714575,1.0,0.36907024642854247,7.0,49.0,0.08906334240666958,0.7408754332716758,0.7864583333333334,6.946013991099227,1.0986122886681096,0.6291666666666667,0.0061693668365478405,0.021662294963117744,1.0,3.0,0.0,0.0,1.0,0.6931471805599453
7b,amazon,evolving_interest,113,0.0,0.0,0.0,7.0,49.0,0.08906334240666958,0.7408754332716758,0.7864583333333334,8.777092882855566,1.3862943611198906,0.625,0.24510719378789267,0.062243437965659155,1.0,3.0,0.0,0.0,1.0,0.6931471805599453
7b,amazon,evolving_interest,114,0.0,0.0,0.0,7.0,49.0,0.08906334240666958,0.7408754332716758,0.7864583333333334,7.469654172932128,1.0986122886681096,0.6458333333333333,0.17684524257977802,0.04952553038800581,1.0,3.0,0.0,0.0,1.0,0.6931471805599453
7b,amazon,evolving_interest,115,0.0,0.6309297535714575,0.6309297535714575,7.0,49.0,0.08906334240666958,0.7408754332716758,0.7864583333333334,7.427144133408616,1.3862943611198906,0.6208333333333333,0.041728270053863536,0.08518628464230076,1.0,3.0,0.0,0.0,1.0,0.6931471805599453
7b,amazon,evolving_interest,116,0.0,0.0,0.0,7.0,49.0,0.08906334240666958,0.7408754332716758,0.7864583333333334,7.614805364711073,1.6094379124341003,0.6375,0.0016525626182556374,0.10410442857539418,1.0,3.0,0.0,0.0,1.0,0.6931471805599453
7b,amazon,evolving_interest,117,0.0,0.0,0.0,7.0,49.0,0.08906334240666958,0.7408754332716758,0.7864583333333334,6.583409222158765,1.0986122886681096,0.6416666666666666,0.0022866904735565075,0.03751444580193538,1.0,3.0,0.0,0.0,1.0,1.0986122886681096
7b,amazon,evolving_interest,118,0.0,0.0,0.0,7.0,49.0,0.08906334240666958,0.7408754332716758,0.7864583333333334,7.270312886079025,1.6094379124341003,0.6416666666666666,0.21989657481511427,0.05635528012509578,1.0,3.0,0.0,0.0,1.0,0.6931471805599453
7b,amazon,evolving_interest,119,0.0,0.0,0.0,7.0,49.0,0.08906334240666958,0.7408754332716758,0.7864583333333334,7.353081920515432,1.0986122886681096,0.6375,0.1595291157563527,0.044939558336149314,1.0,3.0,0.0,0.0,1.0,0.6931471805599453
7b,amazon,evolving_interest,120,0.5,0.38685280723454163,-0.11314719276545837,7.0,49.0,0.08906334240666958,0.7408754332716758,0.7864583333333334,6.834108738813838,1.0986122886681096,0.65,0.003662967681884788,0.01669519947689772,1.0,3.0,0.0,0.0,1.0,2.0794415416798357
7b,amazon,evolving_interest,121,0.38685280723454163,0.43067655807339306,0.04382375083885143,7.0,49.0,0.08906334240666958,0.7408754332716758,0.7864583333333334,7.231287004327616,1.6094379124341003,0.6416666666666666,0.24425156911214185,0.06820517943532883,1.0,3.0,0.0,0.0,1.0,0.6931471805599453
7b,amazon,evolving_interest,122,0.0,0.6309297535714575,0.6309297535714575,7.0,49.0,0.08906334240666958,0.7408754332716758,0.7864583333333334,6.597145701886651,1.0986122886681096,0.6291666666666667,0.26331254442532853,0.0674981409919289,1.0,3.0,0.0,0.0,1.0,0.6931471805599453
7b,goodreads,classic,0,1.0,1.0,0.0,7.0,49.0,0.23547090941494786,0.8363790531435455,0.75390625,8.352790135124629,1.3862943611198906,0.4875,0.739432978630066,0.1718629255229228,1.0,3.0,0.0,0.0,1.0,0.6931471805599453
7b,goodreads,classic,1,1.0,1.0,0.0,7.0,49.0,0.23547090941494786,0.8363790531435455,0.75390625,8.352790135124629,1.3862943611198906,0.4875,0.5707924882570903,0.17323576472490265,1.0,3.0,0.0,0.0,1.0,0.6931471805599453
7b,goodreads,classic,2,1.0,1.0,0.0,7.0,49.0,0.23547090941494786,0.8363790531435455,0.75390625,8.352790135124629,1.3862943611198906,0.5,0.7407238721847533,0.1737161570783985,1.0,3.0,0.0,0.0,1.0,1.0986122886681096
7b,goodreads,classic,3,1.0,1.0,0.0,7.0,49.0,0.23547090941494786,0.8363790531435455,0.75390625,8.558335134747413,1.3862943611198906,0.4875,0.7587192058563231,0.17678311869324234,1.0,3.0,0.0,0.0,1.0,1.0986122886681096
7b,goodreads,classic,4,1.0,1.0,0.0,7.0,49.0,0.23547090941494786,0.8363790531435455,0.75390625,8.558335134747413,1.3862943611198906,0.5,0.5200778345266978,0.18527708395662298,1.0,3.0,0.0,0.0,1.0,0.6931471805599453
7b,goodreads,classic,5,0.38685280723454163,0.6309297535714575,0.2440769463369159,7.0,49.0,0.23547090941494786,0.8363790531435455,0.75390625,8.558335134747413,1.3862943611198906,0.4833333333333333,0.7480167806148529,0.1799459833274392,1.0,3.0,0.0,0.0,1.0,0.6931471805599453
7b,goodreads,classic,6,0.5,1.0,0.5,7.0,49.0,0.23547090941494786,0.8363790531435455,0.75390625,6.313548046277095,0.6931471805599453,0.4875,0.7434641599655152,0.1782558746633061,1.0,3.0,0.0,0.0,1.0,0.6931471805599453
7b,goodreads,classic,7,1.0,1.0,0.0,7.0,49.0,0.23547090941494786,0.8363790531435455,0.75390625,8.08487062913819,2.0794415416798357,0.4875,0.5021014908949533,0.18589757679504618,1.0,3.0,0.0,0.0,1.0,1.0986122886681096
7b,goodreads,classic,8,1.0,1.0,0.0,7.0,49.0,0.23547090941494786,0.8363790531435455,0.75390625,8.08487062913819,2.0794415416798357,0.4833333333333333,0.5113385180632273,0.1851469068118165,1.0,3.0,0.0,0.0,1.0,0.6931471805599453
7b,goodreads,classic,9,1.0,1.0,0.0,7.0,49.0,0.23547090941494786,0.8363790531435455,0.75390625,8.08487062913819,2.0794415416798357,0.4916666666666667,0.5155301849047343,0.18459243957094196,1.0,3.0,0.0,0.0,1.0,0.6931471805599453
7b,goodreads,classic,10,1.0,1.0,0.0,7.0,49.0,0.23547090941494786,0.8363790531435455,0.75390625,5.916202062607435,0.6931471805599453,0.4916666666666667,0.7638993382453917,0.17594710289590598,1.0,3.0,0.0,0.0,1.0,0.6931471805599453
7b,goodreads,classic,11,0.5,0.6309297535714575,0.13092975357145753,7.0,49.0,0.23547090941494786,0.8363790531435455,0.75390625,6.09807428216624,0.6931471805599453,0.4833333333333333,0.7556042671203613,0.17313018055614135,1.0,3.0,0.0,0.0,1.0,0.6931471805599453
7b,goodreads,classic,12,0.0,0.0,0.0,7.0,49.0,0.23547090941494786,0.8363790531435455,0.75390625,8.148445666243235,2.0794415416798357,0.4916666666666667,0.5135985831419626,0.17873176854754635,1.0,3.0,0.0,0.0,1.0,1.0986122886681096
7b,goodreads,classic,13,1.0,1.0,0.0,7.0,49.0,0.23547090941494786,0.8363790531435455,0.75390625,8.148445666243235,2.0794415416798357,0.4958333333333333,0.7337982118129729,0.17311841224647762,1.0,3.0,0.0,0.0,1.0,1.0986122886681096
7b,goodreads,classic,14,1.0,1.0,0.0,7.0,49.0,0.23547090941494786,0.8363790531435455,0.75390625,8.148445666243235,2.0794415416798357,0.4916666666666667,0.49629128972689307,0.18011022235838478,1.0,3.0,0.0,0.0,1.0,0.6931471805599453
7b,goodreads,classic,15,0.6309297535714575,1.0,0.36907024642854247,7.0,49.0,0.23547090941494786,0.8363790531435455,0.75390625,6.1463292576688975,0.6931471805599453,0.4875,0.750168788433075,0.17626566729189336,1.0,3.0,0.0,0.0,1.0,0.6931471805599453
7b,goodreads,classic,16,1.0,1.0,0.0,7.0,49.0,0.23547090941494786,0.8363790531435455,0.75390625,6.747586526829315,1.0986122886681096,0.5,0.5118061522642772,0.18018500890688105,1.0,2.0,0.10526315789473684,0.0,1.0,0.6931471805599453
7b,goodreads,classic,17,0.0,1.0,1.0,7.0,49.0,0.23547090941494786,0.8363790531435455,0.75390625,6.747586526829315,1.0986122886681096,0.4958333333333333,0.5142880539099375,0.1861943798059207,1.0,3.0,0.0,0.0,1.0,2.639057329615259
7b,goodreads,classic,18,1.0,1.0,0.0,7.0,49.0,0.23547090941494786,0.8363790531435455,0.75390625,6.8679744089702925,1.0986122886681096,0.4875,0.7688548803329468,0.17722643308292338,1.0,3.0,0.0,0.0,1.0,0.6931471805599453
7b,goodreads,classic,19,1.0,1.0,0.0,7.0,49.0,0.23547090941494786,0.8363790531435455,0.75390625,6.8679744089702925,1.0986122886681096,0.4875,0.5503034869829814,0.18291558165385188,1.0,3.0,0.0,0.0,1.0,1.791759469228055
7b,goodreads,classic,20,1.0,1.0,0.0,7.0,49.0,0.23547090941494786,0.8363790531435455,0.75390625,8.316789127071518,1.6094379124341003,0.4916666666666667,0.47753292123476665,0.18429579122995848,1.0,3.0,0.0,0.0,1.0,0.6931471805599453
7b,goodreads,classic,21,0.0,0.0,0.0,7.0,49.0,0.23547090941494786,0.8363790531435455,0.75390625,8.316789127071518,1.6094379124341003,0.4833333333333333,0.5220903853575389,0.17803566521744055,1.0,3.0,0.0,0.0,1.0,3.1780538303479458
7b,goodreads,classic,22,1.0,1.0,0.0,7.0,49.0,0.23547090941494786,0.8363790531435455,0.75390625,8.316789127071518,1.6094379124341003,0.4833333333333333,0.4790554682413737,0.1748573374751193,1.0,3.0,0.0,0.0,1.0,0.6931471805599453
7b,goodreads,classic,23,1.0,1.0,0.0,7.0,49.0,0.23547090941494786,0.8363790531435455,0.75390625,8.774776816043985,2.639057329615259,0.5,0.5237268189589183,0.1823829074196983,1.0,3.0,0.0,0.0,1.0,0.6931471805599453
7b,goodreads,classic,24,1.0,1.0,0.0,7.0,49.0,0.23547090941494786,0.8363790531435455,0.75390625,8.774776816043985,2.639057329615259,0.4791666666666667,0.5037880102793375,0.18742411209925963,1.0,3.0,0.0,0.0,1.0,0.6931471805599453
7b,goodreads,classic,25,0.38685280723454163,0.5,0.11314719276545837,7.0,49.0,0.23547090941494786,0.8363790531435455,0.75390625,8.774776816043985,2.639057329615259,0.4791666666666667,0.542061326901118,0.17298354612942798,1.0,3.0,0.0,0.0,1.0,0.6931471805599453
7b,goodreads,classic,26,1.0,1.0,0.0,7.0,49.0,0.23547090941494786,0.8363790531435455,0.75390625,6.551080335043404,0.6931471805599453,0.4833333333333333,0.5303427557150523,0.18539499789669656,1.0,2.0,0.05263157894736842,0.0,1.0,1.6094379124341003
7b,goodreads,classic,27,1.0,1.0,0.0,7.0,49.0,0.23547090941494786,0.8363790531435455,0.75390625,6.447305862541213,0.6931471805599453,0.4916666666666667,0.7659767448902131,0.17679480433308295,1.0,3.0,0.0,0.0,1.0,1.3862943611198906
7b,goodreads,classic,28,1.0,1.0,0.0,7.0,49.0,0.23547090941494786,0.8363790531435455,0.75390625,9.927936232938437,3.7612001156935624,0.4958333333333333,0.013565576076507546,0.12532809968292116,1.0,2.0,0.05263157894736842,0.0,1.0,1.0986122886681096
7b,goodreads,classic,29,0.0,1.0,1.0,7.0,49.0,0.23547090941494786,0.8363790531435455,0.75390625,9.927936232938437,3.7612001156935624,0.4833333333333333,0.47184874812761946,0.19498083529236454,1.0,3.0,0.0,0.0,1.0,0.6931471805599453
7b,goodreads,classic,30,0.0,1.0,1.0,7.0,49.0,0.23547090941494786,0.8363790531435455,0.75390625,9.927936232938437,3.7612001156935624,0.4791666666666667,0.011061215400695823,0.09675212203618337,1.0,3.0,0.0,0.0,1.0,0.6931471805599453
7b,goodreads,classic,31,0.5,1.0,0.5,7.0,49.0,0.23547090941494786,0.8363790531435455,0.75390625,8.18757739559151,1.9459101490553132,0.4916666666666667,0.49408796230951946,0.18068617001809678,1.0,2.0,0.10526315789473684,0.0,1.0,1.6094379124341003
7b,goodreads,classic,32,1.0,1.0,0.0,7.0,49.0,0.23547090941494786,0.8363790531435455,0.75390625,8.18757739559151,1.9459101490553132,0.4916666666666667,0.723910641670227,0.16866797691909677,1.0,3.0,0.0,0.0,1.0,0.6931471805599453
7b,goodreads,classic,33,1.0,1.0,0.0,7.0,49.0,0.23547090941494786,0.8363790531435455,0.75390625,8.18757739559151,1.9459101490553132,0.475,0.5232250491778055,0.17190484715748153,1.0,3.0,0.0,0.0,1.0,0.6931471805599453
7b,goodreads,classic,34,1.0,1.0,0.0,7.0,49.0,0.23547090941494786,0.8363790531435455,0.75390625,7.617759576608505,0.6931471805599453,0.4916666666666667,0.549220464626948,0.1844188290288788,1.0,3.0,0.0,0.0,1.0,0.6931471805599453
7b,goodreads,classic,35,1.0,1.0,0.0,7.0,49.0,0.23547090941494786,0.8363790531435455,0.75390625,8.206037762778815,1.9459101490553132,0.4958333333333333,0.741730773448944,0.16811896506424853,1.0,3.0,0.0,0.0,1.0,1.6094379124341003
7b,goodreads,classic,36,0.0,0.6309297535714575,0.6309297535714575,7.0,49.0,0.23547090941494786,0.8363790531435455,0.75390625,8.206037762778815,1.9459101490553132,0.4916666666666667,0.5152858177820842,0.17732235428203535,1.0,3.0,0.0,0.0,1.0,1.3862943611198906
7b,goodreads,classic,37,1.0,1.0,0.0,7.0,49.0,0.23547090941494786,0.8363790531435455,0.75390625,8.206037762778815,1.9459101490553132,0.4916666666666667,0.7333873331546783,0.167573376940489,1.0,3.0,0.0,0.0,1.0,0.6931471805599453
7b,goodreads,classic,38,1.0,1.0,0.0,7.0,49.0,0.23547090941494786,0.8363790531435455,0.75390625,5.908082938168931,0.6931471805599453,0.4875,0.7366674780845642,0.17998256802642634,1.0,3.0,0.0,0.0,1.0,2.302585092994046
7b,goodreads,classic,39,0.0,0.0,0.0,7.0,49.0,0.23547090941494786,0.8363790531435455,0.75390625,10.477485139124067,4.574710978503383,0.4875,0.23766688903172806,0.13969408321640459,1.0,3.0,0.0,0.0,1.0,0.6931471805599453
7b,goodreads,classic,40,0.0,0.5,0.5,7.0,49.0,0.23547090941494786,0.8363790531435455,0.75390625,10.477485139124067,4.574710978503383,0.475,0.0015289127826689786,0.121309537615443,1.0,3.0,0.0,0.0,1.0,0.6931471805599453
7b,goodreads,classic,41,0.5,0.0,-0.5,7.0,49.0,0.23547090941494786,0.8363790531435455,0.75390625,10.477485139124067,4.574710978503383,0.4875,0.010816812515258789,0.12544932956555815,1.0,3.0,0.0,0.0,1.0,0.6931471805599453
7b,goodreads,classic,42,1.0,1.0,0.0,7.0,49.0,0.23547090941494786,0.8363790531435455,0.75390625,6.0063531596017325,0.6931471805599453,0.4833333333333333,0.7203906178474426,0.1763065022618522,1.0,3.0,0.0,0.0,1.0,0.6931471805599453
7b,goodreads,classic,43,1.0,1.0,0.0,7.0,49.0,0.23547090941494786,0.8363790531435455,0.75390625,8.287780027088433,2.1972245773362196,0.4833333333333333,0.4900236109892526,0.1785423700873029,1.0,3.0,0.0,0.0,1.0,0.6931471805599453
7b,goodreads,classic,44,1.0,1.0,0.0,7.0,49.0,0.23547090941494786,0.8363790531435455,0.75390625,8.287780027088433,2.1972245773362196,0.4875,0.5411463538805644,0.1783629965471289,1.0,3.0,0.0,0.0,1.0,1.791759469228055
7b,goodreads,classic,45,1.0,1.0,0.0,7.0,49.0,0.23547090941494786,0.8363790531435455,0.75390625,8.287780027088433,2.1972245773362196,0.4833333333333333,0.5452110449473063,0.17295963242092596,1.0,3.0,0.0,0.0,1.0,1.3862943611198906
7b,goodreads,classic,46,1.0,1.0,0.0,7.0,49.0,0.23547090941494786,0.8363790531435455,0.75390625,6.964135612418245,1.0986122886681096,0.4958333333333333,0.5021491448084512,0.17540191447350373,1.0,3.0,0.0,0.0,1.0,0.6931471805599453
7b,goodreads,classic,47,1.0,1.0,0.0,7.0,49.0,0.23547090941494786,0.8363790531435455,0.75390625,6.964135612418245,1.0986122886681096,0.4916666666666667,0.5624151984850565,0.17916498065417766,1.0,3.0,0.0,0.0,1.0,0.6931471805599453
7b,goodreads,classic,48,1.0,1.0,0.0,7.0,49.0,0.23547090941494786,0.8363790531435455,0.75390625,6.244166900663736,0.6931471805599453,0.4791666666666667,0.5505344609419504,0.18505714069284923,1.0,2.0,0.05263157894736842,0.0,1.0,1.0986122886681096
7b,goodreads,classic,49,1.0,1.0,0.0,7.0,49.0,0.23547090941494786,0.8363790531435455,0.75390625,5.948034989180646,0.6931471805599453,0.4875,0.7136550188064575,0.18768563627984386,1.0,3.0,0.0,0.0,1.0,2.0794415416798357
7b,goodreads,classic,50,1.0,1.0,0.0,7.0,49.0,0.23547090941494786,0.8363790531435455,0.75390625,6.0063531596017325,0.6931471805599453,0.4958333333333333,0.7594568490982055,0.1885028528204223,1.0,3.0,0.0,0.0,1.0,4.418840607796598
7b,goodreads,classic,51,1.0,1.0,0.0,7.0,49.0,0.23547090941494786,0.8363790531435455,0.75390625,7.450660796211539,1.6094379124341003,0.4916666666666667,0.4905253450075784,0.18337072980473404,1.0,3.0,0.0,0.0,1.0,1.0986122886681096
7b,goodreads,classic,52,0.0,1.0,1.0,7.0,49.0,0.23547090941494786,0.8363790531435455,0.75390625,7.450660796211539,1.6094379124341003,0.4875,0.7237127125263214,0.17081612558580622,1.0,3.0,0.0,0.0,1.0,1.3862943611198906
7b,goodreads,classic,53,0.5,1.0,0.5,7.0,49.0,0.23547090941494786,0.8363790531435455,0.75390625,7.450660796211539,1.6094379124341003,0.4875,0.48731365005175264,0.18071311238687007,1.0,3.0,0.0,0.0,1.0,1.0986122886681096
7b,goodreads,classic,54,1.0,1.0,0.0,7.0,49.0,0.23547090941494786,0.8363790531435455,0.75390625,6.874198495453294,1.0986122886681096,0.4958333333333333,0.756350940465927,0.1841375205361863,1.0,3.0,0.0,0.0,1.0,1.3862943611198906
7b,goodreads,classic,55,1.0,1.0,0.0,7.0,49.0,0.23547090941494786,0.8363790531435455,0.75390625,7.543273346705446,1.0986122886681096,0.4958333333333333,0.7548447012901306,0.17532051989227732,1.0,3.0,0.0,0.0,1.0,0.6931471805599453
7b,goodreads,classic,56,1.0,1.0,0.0,7.0,49.0,0.23547090941494786,0.8363790531435455,0.75390625,7.543273346705446,1.0986122886681096,0.475,0.5359342495600382,0.18615054175579054,1.0,3.0,0.0,0.0,1.0,1.0986122886681096
7b,goodreads,classic,57,1.0,1.0,0.0,7.0,49.0,0.23547090941494786,0.8363790531435455,0.75390625,6.054439346269371,0.6931471805599453,0.4875,0.7658470332622527,0.1767066725465768,1.0,3.0,0.0,0.0,1.0,0.6931471805599453
7b,goodreads,classic,58,1.0,1.0,0.0,7.0,49.0,0.23547090941494786,0.8363790531435455,0.75390625,7.698936199813447,1.6094379124341003,0.4875,0.7749390244483947,0.18229979899701976,1.0,3.0,0.0,0.0,1.0,0.6931471805599453
7b,goodreads,classic,59,1.0,1.0,0.0,7.0,49.0,0.23547090941494786,0.8363790531435455,0.75390625,7.698936199813447,1.6094379124341003,0.4916666666666667,0.5947283426920573,0.1906552699931304,1.0,3.0,0.0,0.0,1.0,0.6931471805599453
7b,goodreads,classic,60,1.0,1.0,0.0,7.0,49.0,0.23547090941494786,0.8363790531435455,0.75390625,7.698936199813447,1.6094379124341003,0.4875,0.6018191913763682,0.1837261548029691,1.0,3.0,0.0,0.0,1.0,1.3862943611198906
7b,goodreads,classic,61,1.0,1.0,0.0,7.0,49.0,0.23547090941494786,0.8363790531435455,0.75390625,6.192362489474872,0.6931471805599453,0.4833333333333333,0.5346803347269693,0.1823976375450221,1.0,3.0,0.0,0.0,1.0,0.6931471805599453
7b,goodreads,classic,62,1.0,1.0,0.0,7.0,49.0,0.23547090941494786,0.8363790531435455,0.75390625,8.48714627006394,2.1972245773362196,0.4833333333333333,0.5172163466612497,0.1769971078467405,1.0,2.0,0.05263157894736842,0.0,1.0,1.0986122886681096
7b,goodreads,classic,63,1.0,1.0,0.0,7.0,49.0,0.23547090941494786,0.8363790531435455,0.75390625,8.48714627006394,2.1972245773362196,0.4958333333333333,0.526742426554362,0.17836901597743604,1.0,3.0,0.0,0.0,1.0,1.0986122886681096
7b,goodreads,classic,64,0.5,1.0,0.5,7.0,49.0,0.23547090941494786,0.8363790531435455,0.75390625,8.48714627006394,2.1972245773362196,0.4916666666666667,0.7283549904823303,0.1662262306490091,1.0,3.0,0.0,0.0,1.0,0.6931471805599453
7b,goodreads,classic,65,1.0,1.0,0.0,7.0,49.0,0.23547090941494786,0.8363790531435455,0.75390625,6.470799503782602,0.6931471805599453,0.475,0.5609903017679849,0.18026467128674278,1.0,3.0,0.0,0.0,1.0,3.1780538303479458
7b,goodreads,classic,66,0.6309297535714575,1.0,0.36907024642854247,7.0,49.0,0.23547090941494786,0.8363790531435455,0.75390625,6.045005314036012,0.6931471805599453,0.4791666666666667,0.7237759768962859,0.17150388695748292,1.0,3.0,0.0,0.0,1.0,1.0986122886681096
7b,goodreads,classic,67,1.0,1.0,0.0,7.0,49.0,0.23547090941494786,0.8363790531435455,0.75390625,6.558197802812269,0.6931471805599453,0.4791666666666667,0.8065420806407928,0.1863901514437582,1.0,3.0,0.0,0.0,1.0,0.6931471805599453
7b,goodreads,classic,68,0.0,1.0,1.0,7.0,49.0,0.23547090941494786,0.8363790531435455,0.75390625,8.78216942633238,1.791759469228055,0.4916666666666667,0.5214187781016032,0.1814368665049993,1.0,3.0,0.0,0.0,1.0,2.3978952727983707
7b,goodreads,classic,69,1.0,1.0,0.0,7.0,49.0,0.23547090941494786,0.8363790531435455,0.75390625,8.78216942633238,1.791759469228055,0.4833333333333333,0.7643221616744995,0.17447525458492652,1.0,3.0,0.0,0.0,1.0,0.6931471805599453
7b,goodreads,classic,70,1.0,1.0,0.0,7.0,49.0,0.23547090941494786,0.8363790531435455,0.75390625,8.78216942633238,1.791759469228055,0.4791666666666667,0.570387081305186,0.17478819044019853,1.0,3.0,0.0,0.0,1.0,0.6931471805599453
7b,goodreads,classic,71,1.0,0.0,-1.0,7.0,49.0,0.23547090941494786,0.8363790531435455,0.75390625,9.800513076908299,3.5553480614894135,0.475,4.2378902435302734e-05,0.12782144475090484,1.0,3.0,0.0,0.0,1.0,1.9459101490553132
7b,goodreads,classic,72,1.0,1.0,0.0,7.0,49.0,0.23547090941494786,0.8363790531435455,0.75390625,9.800513076908299,3.5553480614894135,0.4708333333333333,0.48526317278544095,0.17994182917479187,1.0,3.0,0.0,0.0,1.0,1.6094379124341003
7b,goodreads,classic,73,1.0,1.0,0.0,7.0,49.0,0.23547090941494786,0.8363790531435455,0.75390625,9.800513076908299,3.5553480614894135,0.4916666666666667,0.5009663263956705,0.1836557310655379,1.0,3.0,0.0,0.0,1.0,0.6931471805599453
7b,goodreads,classic,74,1.0,1.0,0.0,7.0,49.0,0.23547090941494786,0.8363790531435455,0.75390625,10.128309694228893,3.6888794541139363,0.4875,0.4948519627253215,0.17977985589075637,1.0,3.0,0.0,0.0,1.0,1.3862943611198906
7b,goodreads,classic,75,0.6309297535714575,1.0,0.36907024642854247,7.0,49.0,0.23547090941494786,0.8363790531435455,0.75390625,10.128309694228893,3.6888794541139363,0.4916666666666667,0.007787168025970459,0.1224703018396422,1.0,3.0,0.0,0.0,1.0,0.6931471805599453
7b,goodreads,classic,76,0.6309297535714575,0.6309297535714575,0.0,7.0,49.0,0.23547090941494786,0.8363790531435455,0.75390625,10.128309694228893,3.6888794541139363,0.4833333333333333,0.008207702636718772,0.11456586058336944,1.0,3.0,0.0,0.0,1.0,1.3862943611198906
7b,goodreads,classic,77,0.0,0.43067655807339306,0.43067655807339306,7.0,49.0,0.23547090941494786,0.8363790531435455,0.75390625,8.997765772011208,2.5649493574615367,0.4791666666666667,0.501117334763209,0.1860571009152216,1.0,3.0,0.0,0.0,1.0,0.6931471805599453
7b,goodreads,classic,78,0.38685280723454163,1.0,0.6131471927654584,7.0,49.0,0.23547090941494786,0.8363790531435455,0.75390625,8.997765772011208,2.5649493574615367,0.4875,0.5069048623243968,0.18092551667305937,1.0,3.0,0.0,0.0,1.0,3.2188758248682006
7b,goodreads,classic,79,1.0,1.0,0.0,7.0,49.0,0.23547090941494786,0.8363790531435455,0.75390625,8.997765772011208,2.5649493574615367,0.4916666666666667,0.5254237274328867,0.17505960972880372,1.0,3.0,0.0,0.0,1.0,0.6931471805599453
7b,goodreads,classic,80,1.0,1.0,0.0,7.0,49.0,0.23547090941494786,0.8363790531435455,0.75390625,7.506042178518122,1.0986122886681096,0.4958333333333333,0.7565456330776215,0.175684258708632,1.0,3.0,0.0,0.0,1.0,0.6931471805599453
7b,goodreads,classic,81,1.0,1.0,0.0,7.0,49.0,0.23547090941494786,0.8363790531435455,0.75390625,7.506042178518122,1.0986122886681096,0.4875,0.5536656538645426,0.18133580672928146,1.0,3.0,0.0,0.0,1.0,1.0986122886681096
7b,goodreads,classic,82,0.6309297535714575,1.0,0.36907024642854247,7.0,49.0,0.23547090941494786,0.8363790531435455,0.75390625,7.720905251936779,1.3862943611198906,0.4916666666666667,0.5340624610582987,0.1834200047978636,1.0,3.0,0.0,0.0,1.0,0.6931471805599453
7b,goodreads,classic,83,1.0,1.0,0.0,7.0,49.0,0.23547090941494786,0.8363790531435455,0.75390625,7.720905251936779,1.3862943611198906,0.4875,0.5291423598925271,0.18907165567298967,1.0,2.0,0.05263157894736842,0.0,1.0,1.0986122886681096
7b,goodreads,classic,84,1.0,1.0,0.0,7.0,49.0,0.23547090941494786,0.8363790531435455,0.75390625,7.720905251936779,1.3862943611198906,0.4833333333333333,0.5460365931193033,0.18222752651343416,1.0,3.0,0.0,0.0,1.0,1.0986122886681096
7b,goodreads,classic,85,0.6309297535714575,1.0,0.36907024642854247,7.0,49.0,0.23547090941494786,0.8363790531435455,0.75390625,6.07993319509559,0.6931471805599453,0.4833333333333333,0.7369449257850647,0.1739814949159223,1.0,3.0,0.0,0.0,1.0,3.1780538303479458
7b,goodreads,classic,86,0.6309297535714575,1.0,0.36907024642854247,7.0,49.0,0.23547090941494786,0.8363790531435455,0.75390625,10.225571051705241,3.713572066704308,0.4916666666666667,0.0002894282341003862,0.11397041669481581,1.0,3.0,0.0,0.0,1.0,1.791759469228055
7b,goodreads,classic,87,1.0,1.0,0.0,7.0,49.0,0.23547090941494786,0.8363790531435455,0.75390625,10.225571051705241,3.713572066704308,0.4958333333333333,0.5194429735342662,0.18198983207654973,1.0,3.0,0.0,0.0,1.0,1.0986122886681096
7b,goodreads,classic,88,1.0,1.0,0.0,7.0,49.0,0.23547090941494786,0.8363790531435455,0.75390625,10.225571051705241,3.713572066704308,0.4791666666666667,0.005945420265197732,0.12836154475038583,1.0,3.0,0.0,0.0,1.0,1.3862943611198906
7b,goodreads,classic,89,0.5,0.38685280723454163,-0.11314719276545837,7.0,49.0,0.23547090941494786,0.8363790531435455,0.75390625,10.752505361534784,4.553876891600541,0.4916666666666667,0.2068081100781758,0.14822100567471186,1.0,3.0,0.0,0.0,1.0,0.6931471805599453
7b,goodreads,classic,90,0.0,1.0,1.0,7.0,49.0,0.23547090941494786,0.8363790531435455,0.75390625,10.752505361534784,4.553876891600541,0.4708333333333333,0.029748183488845892,0.10752584747930845,1.0,3.0,0.0,0.0,1.0,0.6931471805599453
7b,goodreads,classic,91,0.6309297535714575,0.6309297535714575,0.0,7.0,49.0,0.23547090941494786,0.8363790531435455,0.75390625,10.752505361534784,4.553876891600541,0.4916666666666667,0.009280031919479459,0.12592926274026287,1.0,2.0,0.05263157894736842,0.0,1.0,1.0986122886681096
7b,goodreads,classic,92,1.0,1.0,0.0,7.0,49.0,0.23547090941494786,0.8363790531435455,0.75390625,5.963579343618446,0.6931471805599453,0.4875,0.7601042985916137,0.17985920725651808,1.0,3.0,0.0,0.0,1.0,0.6931471805599453
7b,goodreads,classic,93,0.6309297535714575,0.6309297535714575,0.0,7.0,49.0,0.23547090941494786,0.8363790531435455,0.75390625,6.885509670034818,1.0986122886681096,0.475,0.7089208841323853,0.17005208971102503,1.0,3.0,0.0,0.0,1.0,1.0986122886681096
7b,goodreads,classic,94,1.0,1.0,0.0,7.0,49.0,0.23547090941494786,0.8363790531435455,0.75390625,6.885509670034818,1.0986122886681096,0.4916666666666667,0.7390150010585783,0.17731393833903938,1.0,3.0,0.0,0.0,1.0,0.6931471805599453
7b,goodreads,classic,95,1.0,1.0,0.0,7.0,49.0,0.23547090941494786,0.8363790531435455,0.75390625,6.424869023905388,0.6931471805599453,0.4875,0.5606067458788553,0.18178760566771004,1.0,3.0,0.0,0.0,1.0,0.6931471805599453
7b,goodreads,classic,96,0.0,0.38685280723454163,0.38685280723454163,7.0,49.0,0.23547090941494786,0.8363790531435455,0.75390625,7.428927194802272,0.6931471805599453,0.4875,0.7709497213363646,0.1796662128215021,1.0,3.0,0.0,0.0,1.0,0.6931471805599453
7b,goodreads,classic,97,0.6309297535714575,1.0,0.36907024642854247,7.0,49.0,0.23547090941494786,0.8363790531435455,0.75390625,7.585788821732034,1.3862943611198906,0.4833333333333333,0.5203720370928445,0.19001810660573348,1.0,2.0,0.05263157894736842,0.0,1.0,1.0986122886681096
7b,goodreads,classic,98,1.0,1.0,0.0,7.0,49.0,0.23547090941494786,0.8363790531435455,0.75390625,7.585788821732034,1.3862943611198906,0.4875,0.6064342180887857,0.1816649600350534,1.0,3.0,0.0,0.0,1.0,1.0986122886681096
7b,goodreads,classic,99,0.6309297535714575,1.0,0.36907024642854247,7.0,49.0,0.23547090941494786,0.8363790531435455,0.75390625,7.585788821732034,1.3862943611198906,0.4916666666666667,0.75195574760437,0.17829621483419278,1.0,3.0,0.0,0.0,1.0,0.6931471805599453
7b,goodreads,classic,100,0.43067655807339306,0.0,-0.43067655807339306,7.0,49.0,0.23547090941494786,0.8363790531435455,0.75390625,7.5766097669730375,0.6931471805599453,0.4791666666666667,0.47289672295252483,0.19213996417624277,1.0,2.0,0.05263157894736842,0.0,1.0,1.9459101490553132
7b,goodreads,classic,101,1.0,1.0,0.0,7.0,49.0,0.23547090941494786,0.8363790531435455,0.75390625,7.7279755421055585,1.3862943611198906,0.4916666666666667,0.5217961291472116,0.17812768416894448,1.0,3.0,0.0,0.0,1.0,2.4849066497880004
7b,goodreads,classic,102,1.0,1.0,0.0,7.0,49.0,0.23547090941494786,0.8363790531435455,0.75390625,7.7279755421055585,1.3862943611198906,0.4875,0.47705464760462446,0.19022065558295126,1.0,3.0,0.0,0.0,1.0,0.6931471805599453
7b,goodreads,classic,103,1.0,1.0,0.0,7.0,49.0,0.23547090941494786,0.8363790531435455,0.75390625,7.7279755421055585,1.3862943611198906,0.4916666666666667,0.7356207370758057,0.17106042751210346,1.0,3.0,0.0,0.0,1.0,0.6931471805599453
7b,goodreads,classic,104,1.0,0.43067655807339306,-0.5693234419266069,7.0,49.0,0.23547090941494786,0.8363790531435455,0.75390625,10.71541726908554,4.499809670330265,0.4875,0.0035333275794983132,0.11561487812227415,1.0,3.0,0.0,0.0,1.0,0.6931471805599453
7b,goodreads,classic,105,1.0,1.0,0.0,7.0,49.0,0.23547090941494786,0.8363790531435455,0.75390625,10.71541726908554,4.499809670330265,0.4833333333333333,0.4788029293219248,0.19150897405417694,1.0,3.0,0.0,0.0,1.0,1.0986122886681096
7b,goodreads,classic,106,0.5,0.5,0.0,7.0,49.0,0.23547090941494786,0.8363790531435455,0.75390625,10.71541726908554,4.499809670330265,0.4833333333333333,0.007875466346740745,0.12577848920458565,1.0,3.0,0.0,0.0,1.0,0.6931471805599453
7b,goodreads,classic,107,1.0,1.0,0.0,7.0,49.0,0.23547090941494786,0.8363790531435455,0.75390625,7.270312886079025,1.0986122886681096,0.4958333333333333,0.5177788416544595,0.1811876115365829,1.0,3.0,0.0,0.0,1.0,1.0986122886681096
7b,goodreads,classic,108,1.0,1.0,0.0,7.0,49.0,0.23547090941494786,0.8363790531435455,0.75390625,7.270312886079025,1.0986122886681096,0.4833333333333333,0.6124943832556407,0.1813409459668977,1.0,3.0,0.0,0.0,1.0,1.3862943611198906
7b,goodreads,classic,109,1.0,1.0,0.0,7.0,49.0,0.23547090941494786,0.8363790531435455,0.75390625,6.150602768446279,0.6931471805599453,0.4791666666666667,0.5684061626593272,0.18141117516522298,1.0,3.0,0.0,0.0,1.0,0.6931471805599453
7b,goodreads,classic,110,0.6309297535714575,1.0,0.36907024642854247,7.0,49.0,0.23547090941494786,0.8363790531435455,0.75390625,6.947937068614969,1.0986122886681096,0.4958333333333333,0.4883481780687967,0.20188018665692828,1.0,2.0,0.05263157894736842,0.0,1.0,2.3978952727983707
7b,goodreads,classic,111,0.0,1.0,1.0,7.0,49.0,0.23547090941494786,0.8363790531435455,0.75390625,6.947937068614969,1.0986122886681096,0.4875,0.6177856663862864,0.1882488523027832,1.0,3.0,0.0,0.0,1.0,0.6931471805599453
7b,goodreads,classic,112,1.0,1.0,0.0,7.0,49.0,0.23547090941494786,0.8363790531435455,0.75390625,8.314832179284556,1.3862943611198906,0.4916666666666667,0.7169236660003662,0.17113829221399052,1.0,3.0,0.0,0.0,1.0,1.6094379124341003
7b,goodreads,classic,113,1.0,1.0,0.0,7.0,49.0,0.23547090941494786,0.8363790531435455,0.75390625,8.314832179284556,1.3862943611198906,0.4875,0.5337979237238566,0.1772189076843561,1.0,3.0,0.0,0.0,1.0,0.6931471805599453
7b,goodreads,classic,114,1.0,1.0,0.0,7.0,49.0,0.23547090941494786,0.8363790531435455,0.75390625,8.314832179284556,1.3862943611198906,0.4875,0.7188912451267242,0.17043405638733225,1.0,3.0,0.0,0.0,1.0,1.3862943611198906
7b,goodreads,classic,115,0.6309297535714575,1.0,0.36907024642854247,7.0,49.0,0.23547090941494786,0.8363790531435455,0.75390625,9.823578169307826,3.4011973816621555,0.4791666666666667,0.4871193329493204,0.18846103818716872,1.0,3.0,0.0,0.0,1.0,0.6931471805599453
7b,goodreads,classic,116,1.0,1.0,0.0,7.0,49.0,0.23547090941494786,0.8363790531435455,0.75390625,9.823578169307826,3.4011973816621555,0.4833333333333333,0.5885230700174967,0.16938545966138335,1.0,3.0,0.0,0.0,1.0,0.6931471805599453
7b,goodreads,classic,117,0.0,0.6309297535714575,0.6309297535714575,7.0,49.0,0.23547090941494786,0.8363790531435455,0.75390625,9.823578169307826,3.4011973816621555,0.4958333333333333,0.021214467287063554,0.12734033182107815,1.0,3.0,0.0,0.0,1.0,0.6931471805599453
7b,goodreads,classic,118,0.0,1.0,1.0,7.0,49.0,0.23547090941494786,0.8363790531435455,0.75390625,7.808729306744399,1.0986122886681096,0.4875,0.7400967180728911,0.17152888004358596,1.0,3.0,0.0,0.0,1.0,0.6931471805599453
7b,goodreads,classic,119,1.0,1.0,0.0,7.0,49.0,0.23547090941494786,0.8363790531435455,0.75390625,7.808729306744399,1.0986122886681096,0.4875,0.7486185252666473,0.16890902332596894,1.0,3.0,0.0,0.0,1.0,0.6931471805599453
7b,goodreads,classic,120,1.0,1.0,0.0,7.0,49.0,0.23547090941494786,0.8363790531435455,0.75390625,6.375024819828097,0.6931471805599453,0.4833333333333333,0.711626410484314,0.18735260495551606,1.0,3.0,0.0,0.0,1.0,3.4657359027997265
7b,goodreads,classic,121,0.6309297535714575,1.0,0.36907024642854247,7.0,49.0,0.23547090941494786,0.8363790531435455,0.75390625,7.009408932708637,1.0986122886681096,0.4833333333333333,0.7513206005096436,0.1717392074072982,1.0,3.0,0.0,0.0,1.0,0.6931471805599453
7b,goodreads,classic,122,1.0,1.0,0.0,7.0,49.0,0.23547090941494786,0.8363790531435455,0.75390625,7.009408932708637,1.0986122886681096,0.4875,0.5632787088553111,0.1717765917628279,1.0,3.0,0.0,0.0,1.0,0.6931471805599453
7b,goodreads,classic,123,1.0,1.0,0.0,7.0,49.0,0.23547090941494786,0.8363790531435455,0.75390625,6.075346031088684,0.6931471805599453,0.4875,0.7719460725784301,0.1775862784644656,1.0,3.0,0.0,0.0,1.0,0.6931471805599453
7b,goodreads,classic,124,1.0,1.0,0.0,7.0,49.0,0.23547090941494786,0.8363790531435455,0.75390625,8.15708378502887,1.3862943611198906,0.4875,0.5697937409083048,0.17867585804581654,1.0,3.0,0.0,0.0,1.0,0.6931471805599453
7b,goodreads,classic,125,1.0,1.0,0.0,7.0,49.0,0.23547090941494786,0.8363790531435455,0.75390625,8.15708378502887,1.3862943611198906,0.4916666666666667,0.5753948549429576,0.18023466863766274,1.0,3.0,0.0,0.0,1.0,3.295836866004329
7b,goodreads,classic,126,1.0,1.0,0.0,7.0,49.0,0.23547090941494786,0.8363790531435455,0.75390625,8.15708378502887,1.3862943611198906,0.4916666666666667,0.5422556261221568,0.18187546646099373,1.0,3.0,0.0,0.0,1.0,0.6931471805599453
7b,goodreads,classic,127,1.0,1.0,0.0,7.0,49.0,0.23547090941494786,0.8363790531435455,0.75390625,7.788211557847076,1.3862943611198906,0.4791666666666667,0.5335595289866129,0.185648892928194,1.0,3.0,0.0,0.0,1.0,1.0986122886681096
7b,goodreads,classic,128,1.0,1.0,0.0,7.0,49.0,0.23547090941494786,0.8363790531435455,0.75390625,7.788211557847076,1.3862943611198906,0.4875,0.6319677035013834,0.1767818168040581,1.0,3.0,0.0,0.0,1.0,1.0986122886681096
7b,goodreads,classic,129,1.0,1.0,0.0,7.0,49.0,0.23547090941494786,0.8363790531435455,0.75390625,7.788211557847076,1.3862943611198906,0.4916666666666667,0.5459500829378764,0.1881498205509523,1.0,3.0,0.0,0.0,1.0,1.0986122886681096
7b,goodreads,classic,130,1.0,1.0,0.0,7.0,49.0,0.23547090941494786,0.8363790531435455,0.75390625,6.259581464064923,0.6931471805599453,0.5,0.601567671696345,0.1859228509899274,1.0,3.0,0.0,0.0,1.0,0.6931471805599453
7b,goodreads,classic,131,1.0,1.0,0.0,7.0,49.0,0.23547090941494786,0.8363790531435455,0.75390625,6.828712071641684,0.6931471805599453,0.4833333333333333,0.47431954542795807,0.19831060420911378,1.0,2.0,0.05263157894736842,0.0,1.0,3.044522437723423
7b,goodreads,classic,132,0.0,1.0,1.0,7.0,49.0,0.23547090941494786,0.8363790531435455,0.75390625,7.494986233950533,1.6094379124341003,0.5,0.5245371500651042,0.17570428213414988,1.0,3.0,0.0,0.0,1.0,0.6931471805599453
7b,goodreads,classic,133,1.0,1.0,0.0,7.0,49.0,0.23547090941494786,0.8363790531435455,0.75390625,7.494986233950533,1.6094379124341003,0.4875,0.544549826780955,0.17718894283535405,1.0,3.0,0.0,0.0,1.0,0.6931471805599453
7b,goodreads,classic,134,0.6309297535714575,1.0,0.36907024642854247,7.0,49.0,0.23547090941494786,0.8363790531435455,0.75390625,7.494986233950533,1.6094379124341003,0.475,0.5790972332159678,0.17822139108889298,1.0,3.0,0.0,0.0,1.0,0.6931471805599453
7b,goodreads,classic,135,1.0,1.0,0.0,7.0,49.0,0.23547090941494786,0.8363790531435455,0.75390625,6.695798917058491,1.0986122886681096,0.4958333333333333,0.5163265685240428,0.1943121151739532,1.0,2.0,0.10526315789473684,0.0,1.0,0.6931471805599453
7b,goodreads,classic,136,1.0,1.0,0.0,7.0,49.0,0.23547090941494786,0.8363790531435455,0.75390625,6.695798917058491,1.0986122886681096,0.5,0.7697511851787567,0.17778834088144216,1.0,3.0,0.0,0.0,1.0,1.0986122886681096
7b,goodreads,classic,137,1.0,1.0,0.0,7.0,49.0,0.23547090941494786,0.8363790531435455,0.75390625,7.313220387090301,1.0986122886681096,0.4916666666666667,0.7407247304916382,0.17078622041910002,1.0,3.0,0.0,0.0,1.0,0.6931471805599453
7b,goodreads,classic,138,1.0,1.0,0.0,7.0,49.0,0.23547090941494786,0.8363790531435455,0.75390625,7.313220387090301,1.0986122886681096,0.4958333333333333,0.7377547025680542,0.17150523501846351,1.0,3.0,0.0,0.0,1.0,0.6931471805599453
7b,goodreads,classic,139,1.0,1.0,0.0,7.0,49.0,0.23547090941494786,0.8363790531435455,0.75390625,6.4967749901858625,0.6931471805599453,0.4791666666666667,0.5182166318098704,0.1902428789540365,1.0,2.0,0.05263157894736842,0.0,1.0,1.0986122886681096
7b,goodreads,classic,140,1.0,1.0,0.0,7.0,49.0,0.23547090941494786,0.8363790531435455,0.75390625,6.792344427470809,1.0986122886681096,0.4916666666666667,0.7587524294853211,0.17164971073608395,1.0,3.0,0.0,0.0,1.0,0.6931471805599453
7b,goodreads,classic,141,1.0,1.0,0.0,7.0,49.0,0.23547090941494786,0.8363790531435455,0.75390625,6.792344427470809,1.0986122886681096,0.4916666666666667,0.7620147109031677,0.1738410805794842,1.0,3.0,0.0,0.0,1.0,0.6931471805599453
7b,goodreads,classic,142,1.0,1.0,0.0,7.0,49.0,0.23547090941494786,0.8363790531435455,0.75390625,7.717796211013582,1.3862943611198906,0.4916666666666667,0.7865775942802429,0.18526062740716878,1.0,3.0,0.0,0.0,1.0,1.791759469228055
7b,goodreads,classic,143,0.0,1.0,1.0,7.0,49.0,0.23547090941494786,0.8363790531435455,0.75390625,7.717796211013582,1.3862943611198906,0.4958333333333333,0.7933995068073273,0.18461081047390715,1.0,3.0,0.0,0.0,1.0,2.1972245773362196
7b,goodreads,classic,144,1.0,1.0,0.0,7.0,49.0,0.23547090941494786,0.8363790531435455,0.75390625,7.717796211013582,1.3862943611198906,0.4916666666666667,0.8075727462768554,0.18481866321438012,1.0,3.0,0.0,0.0,1.0,1.9459101490553132
7b,goodreads,classic,145,1.0,1.0,0.0,7.0,49.0,0.23547090941494786,0.8363790531435455,0.75390625,6.8001700683022,0.6931471805599453,0.4791666666666667,0.7620636165142058,0.1840694304899421,1.0,3.0,0.0,0.0,1.0,0.6931471805599453
7b,goodreads,classic,146,1.0,1.0,0.0,7.0,49.0,0.23547090941494786,0.8363790531435455,0.75390625,6.9440872082295275,1.0986122886681096,0.4916666666666667,0.5690673450628916,0.17044055723585005,1.0,3.0,0.0,0.0,1.0,0.6931471805599453
7b,goodreads,classic,147,1.0,1.0,0.0,7.0,49.0,0.23547090941494786,0.8363790531435455,0.75390625,6.9440872082295275,1.0986122886681096,0.4875,0.5376760045687357,0.17673422311053666,1.0,3.0,0.0,0.0,1.0,0.6931471805599453
7b,goodreads,classic,148,1.0,1.0,0.0,7.0,49.0,0.23547090941494786,0.8363790531435455,0.75390625,6.175867270105761,0.6931471805599453,0.475,0.5425964991251628,0.1752993727546065,1.0,3.0,0.0,0.0,1.0,1.0986122886681096
7b,goodreads,classic,149,0.6309297535714575,0.6309297535714575,0.0,7.0,49.0,0.23547090941494786,0.8363790531435455,0.75390625,7.59488438721652,1.791759469228055,0.4833333333333333,0.6067496637503305,0.18884298936389884,1.0,3.0,0.0,0.0,1.0,1.0986122886681096
7b,goodreads,classic,150,1.0,1.0,0.0,7.0,49.0,0.23547090941494786,0.8363790531435455,0.75390625,7.59488438721652,1.791759469228055,0.4875,0.6247369954983394,0.18883300216943838,1.0,3.0,0.0,0.0,1.0,0.6931471805599453
7b,goodreads,classic,151,1.0,1.0,0.0,7.0,49.0,0.23547090941494786,0.8363790531435455,0.75390625,7.59488438721652,1.791759469228055,0.4916666666666667,0.6089863220850626,0.1929455045445273,1.0,3.0,0.0,0.0,1.0,1.0986122886681096
7b,goodreads,classic,152,0.0,1.0,1.0,7.0,49.0,0.23547090941494786,0.8363790531435455,0.75390625,8.826147399143558,2.4849066497880004,0.4916666666666667,0.5166480938593546,0.18202459381751704,1.0,3.0,0.0,0.0,1.0,0.6931471805599453
7b,goodreads,classic,153,0.0,1.0,1.0,7.0,49.0,0.23547090941494786,0.8363790531435455,0.75390625,8.826147399143558,2.4849066497880004,0.4833333333333333,0.5313923398653666,0.17950139189106906,1.0,3.0,0.0,0.0,1.0,0.6931471805599453
7b,goodreads,classic,154,1.0,1.0,0.0,7.0,49.0,0.23547090941494786,0.8363790531435455,0.75390625,8.826147399143558,2.4849066497880004,0.4833333333333333,0.5124385098616282,0.18830248093779398,1.0,3.0,0.0,0.0,1.0,0.6931471805599453
7b,goodreads,classic,155,0.0,0.0,0.0,7.0,49.0,0.23547090941494786,0.8363790531435455,0.75390625,10.580835581187099,5.497168225293202,0.4875,0.012649261951446555,0.10801852656231307,1.0,3.0,0.0,0.0,1.0,1.0986122886681096
7b,goodreads,classic,156,0.0,0.6309297535714575,0.6309297535714575,7.0,49.0,0.23547090941494786,0.8363790531435455,0.75390625,10.580835581187099,5.497168225293202,0.4916666666666667,0.21208957632382708,0.13857450117928913,1.0,3.0,0.0,0.0,1.0,0.6931471805599453
7b,goodreads,classic,157,1.0,1.0,0.0,7.0,49.0,0.23547090941494786,0.8363790531435455,0.75390625,10.580835581187099,5.497168225293202,0.4958333333333333,0.00010027885437002837,0.11317254793104453,1.0,3.0,0.0,0.0,1.0,1.0986122886681096
7b,goodreads,classic,158,1.0,1.0,0.0,7.0,49.0,0.23547090941494786,0.8363790531435455,0.75390625,8.203851372183879,1.0986122886681096,0.4791666666666667,0.5086500147978463,0.19671385565354885,1.0,2.0,0.05263157894736842,0.0,1.0,0.6931471805599453
7b,goodreads,classic,159,1.0,1.0,0.0,7.0,49.0,0.23547090941494786,0.8363790531435455,0.75390625,8.203851372183879,1.0986122886681096,0.4958333333333333,0.760965609550476,0.17607946985426895,1.0,3.0,0.0,0.0,1.0,1.791759469228055
7b,goodreads,classic,160,1.0,1.0,0.0,7.0,49.0,0.23547090941494786,0.8363790531435455,0.75390625,9.237663667625073,2.1972245773362196,0.4958333333333333,0.5118681649367015,0.17499716278628405,1.0,3.0,0.0,0.0,1.0,3.044522437723423
7b,goodreads,classic,161,1.0,1.0,0.0,7.0,49.0,0.23547090941494786,0.8363790531435455,0.75390625,9.237663667625073,2.1972245773362196,0.4875,0.532893983523051,0.1827993727193108,1.0,3.0,0.0,0.0,1.0,1.0986122886681096
7b,goodreads,classic,162,1.0,1.0,0.0,7.0,49.0,0.23547090941494786,0.8363790531435455,0.75390625,9.237663667625073,2.1972245773362196,0.4708333333333333,0.5778003851572673,0.17801192921727077,1.0,3.0,0.0,0.0,1.0,0.6931471805599453
7b,goodreads,classic,163,0.0,1.0,1.0,7.0,49.0,0.23547090941494786,0.8363790531435455,0.75390625,7.8013913202914855,1.3862943611198906,0.4916666666666667,0.7397972583770751,0.17346119488625636,1.0,3.0,0.0,0.0,1.0,0.6931471805599453
7b,goodreads,classic,164,1.0,1.0,0.0,7.0,49.0,0.23547090941494786,0.8363790531435455,0.75390625,7.8013913202914855,1.3862943611198906,0.4916666666666667,0.5185541431109111,0.18273373541996835,1.0,2.0,0.05263157894736842,0.0,1.0,0.6931471805599453
7b,goodreads,classic,165,1.0,1.0,0.0,7.0,49.0,0.23547090941494786,0.8363790531435455,0.75390625,7.8013913202914855,1.3862943611198906,0.4958333333333333,0.732774555683136,0.17188142098712708,1.0,3.0,0.0,0.0,1.0,0.6931471805599453
7b,goodreads,classic,166,0.5,1.0,0.5,7.0,49.0,0.23547090941494786,0.8363790531435455,0.75390625,7.552762084214147,1.6094379124341003,0.475,0.5278536478678384,0.19163863552635282,1.0,3.0,0.0,0.0,1.0,0.6931471805599453
7b,goodreads,classic,167,1.0,1.0,0.0,7.0,49.0,0.23547090941494786,0.8363790531435455,0.75390625,7.552762084214147,1.6094379124341003,0.4875,0.5198261539141337,0.1881813041811796,1.0,2.0,0.05263157894736842,0.0,1.0,1.0986122886681096
7b,goodreads,classic,168,1.0,1.0,0.0,7.0,49.0,0.23547090941494786,0.8363790531435455,0.75390625,7.552762084214147,1.6094379124341003,0.4916666666666667,0.5469737390677134,0.18087746389945528,1.0,3.0,0.0,0.0,1.0,0.6931471805599453
7b,goodreads,classic,169,1.0,1.0,0.0,7.0,49.0,0.23547090941494786,0.8363790531435455,0.75390625,8.384118837190895,1.0986122886681096,0.4791666666666667,0.7865900754928589,0.17951722487735153,1.0,3.0,0.0,0.0,1.0,0.6931471805599453
7b,goodreads,classic,170,0.6309297535714575,1.0,0.36907024642854247,7.0,49.0,0.23547090941494786,0.8363790531435455,0.75390625,8.384118837190895,1.0986122886681096,0.4833333333333333,0.5532351235548656,0.1846653256211409,1.0,3.0,0.0,0.0,1.0,1.3862943611198906
7b,goodreads,classic,171,1.0,1.0,0.0,7.0,49.0,0.23547090941494786,0.8363790531435455,0.75390625,5.8971538676367405,0.6931471805599453,0.4875,0.7528011798858643,0.17785052139924576,1.0,3.0,0.0,0.0,1.0,0.6931471805599453
7b,goodreads,classic,172,1.0,1.0,0.0,7.0,49.0,0.23547090941494786,0.8363790531435455,0.75390625,6.748759547491679,1.0986122886681096,0.4916666666666667,0.7502546906471252,0.17412372411226168,1.0,3.0,0.0,0.0,1.0,2.1972245773362196
7b,goodreads,classic,173,1.0,1.0,0.0,7.0,49.0,0.23547090941494786,0.8363790531435455,0.75390625,7.474204806496124,1.3862943611198906,0.4791666666666667,0.5188236693541209,0.1897461593814066,1.0,3.0,0.0,0.0,1.0,0.6931471805599453
7b,goodreads,classic,174,1.0,1.0,0.0,7.0,49.0,0.23547090941494786,0.8363790531435455,0.75390625,7.474204806496124,1.3862943611198906,0.5,0.7571719646453857,0.1720335979403727,1.0,3.0,0.0,0.0,1.0,0.6931471805599453
7b,goodreads,classic,175,1.0,1.0,0.0,7.0,49.0,0.23547090941494786,0.8363790531435455,0.75390625,7.474204806496124,1.3862943611198906,0.4875,0.7508299350738525,0.17639141974123032,1.0,3.0,0.0,0.0,1.0,1.6094379124341003
7b,goodreads,classic,176,0.0,0.0,0.0,7.0,49.0,0.23547090941494786,0.8363790531435455,0.75390625,8.031710375322042,1.6094379124341003,0.4958333333333333,0.558435837427775,0.1766512962423886,1.0,3.0,0.0,0.0,1.0,1.0986122886681096
7b,goodreads,classic,177,0.6309297535714575,0.5,-0.13092975357145753,7.0,49.0,0.23547090941494786,0.8363790531435455,0.75390625,8.031710375322042,1.6094379124341003,0.4875,0.5266143600145976,0.1809340463840416,1.0,3.0,0.0,0.0,1.0,1.0986122886681096
7b,goodreads,classic,178,1.0,1.0,0.0,7.0,49.0,0.23547090941494786,0.8363790531435455,0.75390625,8.031710375322042,1.6094379124341003,0.4916666666666667,0.5347890714804332,0.18691955467386479,1.0,3.0,0.0,0.0,1.0,0.6931471805599453
7b,goodreads,classic,179,1.0,1.0,0.0,7.0,49.0,0.23547090941494786,0.8363790531435455,0.75390625,6.618738983517219,0.6931471805599453,0.4958333333333333,0.7642872393131256,0.1776190879971524,1.0,3.0,0.0,0.0,1.0,0.6931471805599453
7b,goodreads,classic,180,0.6309297535714575,1.0,0.36907024642854247,7.0,49.0,0.23547090941494786,0.8363790531435455,0.75390625,7.2485040723706105,1.0986122886681096,0.4916666666666667,0.7551626682281494,0.1748845044814766,1.0,3.0,0.0,0.0,1.0,2.4849066497880004
7b,goodreads,classic,181,1.0,1.0,0.0,7.0,49.0,0.23547090941494786,0.8363790531435455,0.75390625,7.2485040723706105,1.0986122886681096,0.4916666666666667,0.7563966095447541,0.17813796772538432,1.0,3.0,0.0,0.0,1.0,1.0986122886681096
7b,goodreads,classic,182,1.0,1.0,0.0,7.0,49.0,0.23547090941494786,0.8363790531435455,0.75390625,7.372118028337787,1.6094379124341003,0.4916666666666667,0.7463954746723174,0.17422737657656764,1.0,3.0,0.0,0.0,1.0,0.6931471805599453
7b,goodreads,classic,183,1.0,1.0,0.0,7.0,49.0,0.23547090941494786,0.8363790531435455,0.75390625,7.372118028337787,1.6094379124341003,0.4791666666666667,0.515007762114207,0.18460667514195891,1.0,3.0,0.0,0.0,1.0,0.6931471805599453
7b,goodreads,classic,184,1.0,1.0,0.0,7.0,49.0,0.23547090941494786,0.8363790531435455,0.75390625,7.372118028337787,1.6094379124341003,0.4791666666666667,0.5459966639677682,0.17353238820289504,1.0,3.0,0.0,0.0,1.0,0.6931471805599453
7b,goodreads,classic,185,1.0,1.0,0.0,7.0,49.0,0.23547090941494786,0.8363790531435455,0.75390625,7.115582126184454,1.0986122886681096,0.4875,0.7669424653053283,0.1809045402100675,1.0,3.0,0.0,0.0,1.0,0.6931471805599453
7b,goodreads,classic,186,1.0,1.0,0.0,7.0,49.0,0.23547090941494786,0.8363790531435455,0.75390625,7.115582126184454,1.0986122886681096,0.4875,0.7703874588012695,0.1803752729163366,1.0,3.0,0.0,0.0,1.0,1.0986122886681096
7b,goodreads,classic,187,1.0,1.0,0.0,7.0,49.0,0.23547090941494786,0.8363790531435455,0.75390625,9.011035410141815,1.9459101490553132,0.4916666666666667,0.5211623946825663,0.18422802361863697,1.0,3.0,0.0,0.0,1.0,0.6931471805599453
7b,goodreads,classic,188,1.0,1.0,0.0,7.0,49.0,0.23547090941494786,0.8363790531435455,0.75390625,9.011035410141815,1.9459101490553132,0.4916666666666667,0.49946554104487106,0.19312773461456287,1.0,2.0,0.05263157894736842,0.0,1.0,0.6931471805599453
7b,goodreads,classic,189,1.0,1.0,0.0,7.0,49.0,0.23547090941494786,0.8363790531435455,0.75390625,9.011035410141815,1.9459101490553132,0.5,0.5449134985605875,0.18222666960809,1.0,3.0,0.0,0.0,1.0,1.6094379124341003
7b,goodreads,classic,190,1.0,1.0,0.0,7.0,49.0,0.23547090941494786,0.8363790531435455,0.75390625,8.231376045573969,1.6094379124341003,0.4916666666666667,0.5387184182802836,0.18342655004002,1.0,3.0,0.0,0.0,1.0,1.3862943611198906
7b,goodreads,classic,191,0.6309297535714575,1.0,0.36907024642854247,7.0,49.0,0.23547090941494786,0.8363790531435455,0.75390625,8.231376045573969,1.6094379124341003,0.4791666666666667,0.54980073372523,0.18291932685970533,1.0,3.0,0.0,0.0,1.0,1.3862943611198906
7b,goodreads,classic,192,0.6309297535714575,1.0,0.36907024642854247,7.0,49.0,0.23547090941494786,0.8363790531435455,0.75390625,8.231376045573969,1.6094379124341003,0.4875,0.5192467252413432,0.18196482791702923,1.0,3.0,0.0,0.0,1.0,1.0986122886681096
7b,goodreads,classic,193,1.0,1.0,0.0,7.0,49.0,0.23547090941494786,0.8363790531435455,0.75390625,6.295266001439646,0.6931471805599453,0.4958333333333333,0.8021690249443054,0.18468800154650203,1.0,3.0,0.0,0.0,1.0,0.6931471805599453
7b,goodreads,classic,194,1.0,1.0,0.0,7.0,49.0,0.23547090941494786,0.8363790531435455,0.75390625,5.958424693029782,0.6931471805599453,0.4958333333333333,0.5490068892637889,0.18178461917995692,1.0,3.0,0.0,0.0,1.0,0.6931471805599453
7b,goodreads,classic,195,1.0,1.0,0.0,7.0,49.0,0.23547090941494786,0.8363790531435455,0.75390625,6.7912214627261855,0.6931471805599453,0.475,0.5534650067488353,0.18546019772783007,1.0,3.0,0.0,0.0,1.0,2.8903717578961645
7b,goodreads,classic,196,1.0,1.0,0.0,7.0,49.0,0.23547090941494786,0.8363790531435455,0.75390625,7.744569809354496,1.791759469228055,0.4833333333333333,0.4879392663637796,0.20003958660410756,1.0,2.0,0.10526315789473684,0.0,1.0,0.6931471805599453
7b,goodreads,classic,197,1.0,1.0,0.0,7.0,49.0,0.23547090941494786,0.8363790531435455,0.75390625,7.744569809354496,1.791759469228055,0.4916666666666667,0.5334743420282999,0.1856730906541744,1.0,3.0,0.0,0.0,1.0,1.0986122886681096
7b,goodreads,classic,198,1.0,1.0,0.0,7.0,49.0,0.23547090941494786,0.8363790531435455,0.75390625,7.744569809354496,1.791759469228055,0.4916666666666667,0.55563671986262,0.18764037804464004,1.0,3.0,0.0,0.0,1.0,0.6931471805599453
7b,goodreads,classic,199,1.0,1.0,0.0,7.0,49.0,0.23547090941494786,0.8363790531435455,0.75390625,10.41643093227312,4.007333185232471,0.475,0.22460474570592237,0.14925708537755006,1.0,3.0,0.0,0.0,1.0,1.0986122886681096
7b,goodreads,classic,200,0.0,0.0,0.0,7.0,49.0,0.23547090941494786,0.8363790531435455,0.75390625,10.41643093227312,4.007333185232471,0.4791666666666667,0.23920629819234207,0.15723311242327956,1.0,3.0,0.0,0.0,1.0,0.6931471805599453
7b,goodreads,classic,201,0.38685280723454163,0.0,-0.38685280723454163,7.0,49.0,0.23547090941494786,0.8363790531435455,0.75390625,10.41643093227312,4.007333185232471,0.4916666666666667,0.0035095095634460893,0.12609959957438652,1.0,3.0,0.0,0.0,1.0,1.0986122886681096
7b,goodreads,classic,202,1.0,1.0,0.0,7.0,49.0,0.23547090941494786,0.8363790531435455,0.75390625,7.421775793644647,0.6931471805599453,0.4875,0.8245316207408905,0.185190958599442,1.0,3.0,0.0,0.0,1.0,1.0986122886681096
7b,goodreads,classic,203,1.0,1.0,0.0,7.0,49.0,0.23547090941494786,0.8363790531435455,0.75390625,9.032170186304704,2.833213344056216,0.4875,0.5145820955435434,0.18707726885307305,1.0,3.0,0.0,0.0,1.0,0.6931471805599453
7b,goodreads,classic,204,1.0,1.0,0.0,7.0,49.0,0.23547090941494786,0.8363790531435455,0.75390625,9.032170186304704,2.833213344056216,0.4916666666666667,0.5291172722975412,0.18118089585130687,1.0,3.0,0.0,0.0,1.0,0.6931471805599453
7b,goodreads,classic,205,1.0,1.0,0.0,7.0,49.0,0.23547090941494786,0.8363790531435455,0.75390625,9.032170186304704,2.833213344056216,0.4958333333333333,0.5125540415445964,0.19423619846721513,1.0,3.0,0.0,0.0,1.0,2.1972245773362196
7b,goodreads,classic,206,1.0,1.0,0.0,7.0,49.0,0.23547090941494786,0.8363790531435455,0.75390625,8.395251520610994,2.302585092994046,0.4875,0.5141304115454356,0.1829396744137768,1.0,3.0,0.0,0.0,1.0,1.0986122886681096
7b,goodreads,classic,207,1.0,1.0,0.0,7.0,49.0,0.23547090941494786,0.8363790531435455,0.75390625,8.395251520610994,2.302585092994046,0.4875,0.511449615160624,0.1859917880235044,1.0,3.0,0.0,0.0,1.0,0.6931471805599453
7b,goodreads,classic,208,1.0,1.0,0.0,7.0,49.0,0.23547090941494786,0.8363790531435455,0.75390625,8.395251520610994,2.302585092994046,0.5,0.5332544187704721,0.18593994294580632,1.0,3.0,0.0,0.0,1.0,1.0986122886681096
7b,goodreads,classic,209,1.0,1.0,0.0,7.0,49.0,0.23547090941494786,0.8363790531435455,0.75390625,6.52795791762255,0.6931471805599453,0.4833333333333333,0.5497000435988109,0.18575368451513863,1.0,3.0,0.0,0.0,1.0,0.6931471805599453
7b,goodreads,classic,210,1.0,1.0,0.0,7.0,49.0,0.23547090941494786,0.8363790531435455,0.75390625,6.251903883165888,0.6931471805599453,0.4916666666666667,0.7782157182693481,0.18017073641209957,1.0,3.0,0.0,0.0,1.0,1.0986122886681096
7b,goodreads,classic,211,1.0,1.0,0.0,7.0,49.0,0.23547090941494786,0.8363790531435455,0.75390625,6.769641976852503,0.6931471805599453,0.4916666666666667,0.8003195703029633,0.18262161795069967,1.0,3.0,0.0,0.0,1.0,0.6931471805599453
7b,goodreads,classic,212,0.5,1.0,0.5,7.0,49.0,0.23547090941494786,0.8363790531435455,0.75390625,9.4097648366698,2.8903717578961645,0.4958333333333333,0.5082478443781535,0.18557560669986017,1.0,3.0,0.0,0.0,1.0,0.6931471805599453
7b,goodreads,classic,213,1.0,1.0,0.0,7.0,49.0,0.23547090941494786,0.8363790531435455,0.75390625,9.4097648366698,2.8903717578961645,0.4958333333333333,0.5027790526549021,0.18389907111125786,1.0,3.0,0.0,0.0,1.0,0.6931471805599453
7b,goodreads,classic,214,0.0,1.0,1.0,7.0,49.0,0.23547090941494786,0.8363790531435455,0.75390625,9.4097648366698,2.8903717578961645,0.4875,0.5139510969320933,0.18554048733449335,1.0,2.0,0.05263157894736842,0.0,1.0,0.6931471805599453
7b,goodreads,classic,215,1.0,1.0,0.0,7.0,49.0,0.23547090941494786,0.8363790531435455,0.75390625,6.375024819828097,0.6931471805599453,0.4875,0.7476568281650542,0.17720770023420188,1.0,3.0,0.0,0.0,1.0,0.6931471805599453
7b,goodreads,classic,216,1.0,1.0,0.0,7.0,49.0,0.23547090941494786,0.8363790531435455,0.75390625,6.150602768446279,0.6931471805599453,0.4916666666666667,0.747683846950531,0.17822268210461534,1.0,3.0,0.0,0.0,1.0,1.3862943611198906
7b,goodreads,classic,217,1.0,1.0,0.0,7.0,49.0,0.23547090941494786,0.8363790531435455,0.75390625,6.311734809152915,0.6931471805599453,0.4875,0.8017788350582122,0.18378700006836865,1.0,3.0,0.0,0.0,1.0,0.6931471805599453
7b,goodreads,classic,218,1.0,1.0,0.0,7.0,49.0,0.23547090941494786,0.8363790531435455,0.75390625,6.309918278226516,0.6931471805599453,0.4875,0.7482542276382445,0.16964682594464744,1.0,3.0,0.0,0.0,1.0,3.58351893845611
7b,goodreads,classic,219,0.6309297535714575,1.0,0.36907024642854247,7.0,49.0,0.23547090941494786,0.8363790531435455,0.75390625,6.674561391814426,0.6931471805599453,0.4791666666666667,0.7499075591564178,0.17550770040304497,1.0,3.0,0.0,0.0,1.0,3.1780538303479458
7b,goodreads,classic,220,1.0,1.0,0.0,7.0,49.0,0.23547090941494786,0.8363790531435455,0.75390625,6.874198495453294,1.0986122886681096,0.4958333333333333,0.5015093843142192,0.20083619064133218,1.0,3.0,0.0,0.0,1.0,2.4849066497880004
7b,goodreads,classic,221,1.0,1.0,0.0,7.0,49.0,0.23547090941494786,0.8363790531435455,0.75390625,6.874198495453294,1.0986122886681096,0.4833333333333333,0.7254100680351258,0.18222196657899098,1.0,3.0,0.0,0.0,1.0,1.791759469228055
7b,goodreads,classic,222,0.6309297535714575,1.0,0.36907024642854247,7.0,49.0,0.23547090941494786,0.8363790531435455,0.75390625,6.970730078143525,0.6931471805599453,0.4916666666666667,0.5803563157717387,0.18248393258950033,1.0,3.0,0.0,0.0,1.0,0.6931471805599453
7b,goodreads,classic,223,1.0,1.0,0.0,7.0,49.0,0.23547090941494786,0.8363790531435455,0.75390625,6.38856140554563,0.6931471805599453,0.4916666666666667,0.522867618004481,0.19059591443871993,1.0,3.0,0.0,0.0,1.0,0.6931471805599453
7b,goodreads,classic,224,1.0,1.0,0.0,7.0,49.0,0.23547090941494786,0.8363790531435455,0.75390625,6.71295620067707,0.6931471805599453,0.4875,0.5857892374197642,0.18730069452525755,1.0,3.0,0.0,0.0,1.0,0.6931471805599453
7b,goodreads,classic,225,1.0,1.0,0.0,7.0,49.0,0.23547090941494786,0.8363790531435455,0.75390625,5.916202062607435,0.6931471805599453,0.4958333333333333,0.7527005434036255,0.1774321995908984,1.0,3.0,0.0,0.0,1.0,0.6931471805599453
7b,goodreads,classic,226,0.43067655807339306,1.0,0.5693234419266069,7.0,49.0,0.23547090941494786,0.8363790531435455,0.75390625,8.38958706681109,1.791759469228055,0.4916666666666667,0.5353136936823526,0.17687749152830803,1.0,3.0,0.0,0.0,1.0,0.6931471805599453
7b,goodreads,classic,227,1.0,1.0,0.0,7.0,49.0,0.23547090941494786,0.8363790531435455,0.75390625,6.263398262591624,0.6931471805599453,0.4958333333333333,0.7440001726150511,0.17198688915973007,1.0,3.0,0.0,0.0,1.0,1.0986122886681096
7b,goodreads,classic,228,1.0,1.0,0.0,7.0,49.0,0.23547090941494786,0.8363790531435455,0.75390625,6.880384082186005,1.0986122886681096,0.4833333333333333,0.5355893174807231,0.18168273729104753,1.0,3.0,0.0,0.0,1.0,0.6931471805599453
7b,goodreads,classic,229,0.6309297535714575,1.0,0.36907024642854247,7.0,49.0,0.23547090941494786,0.8363790531435455,0.75390625,6.880384082186005,1.0986122886681096,0.4875,0.7463221073150634,0.17262271873403306,1.0,3.0,0.0,0.0,1.0,4.204692619390966
7b,goodreads,classic,230,1.0,1.0,0.0,7.0,49.0,0.23547090941494786,0.8363790531435455,0.75390625,10.12000922754145,2.70805020110221,0.4875,0.5194406668345133,0.17607976128578606,1.0,3.0,0.0,0.0,1.0,0.6931471805599453
7b,goodreads,classic,231,1.0,1.0,0.0,7.0,49.0,0.23547090941494786,0.8363790531435455,0.75390625,6.023447592961033,0.6931471805599453,0.4916666666666667,0.7407359778881073,0.17064432469797122,1.0,3.0,0.0,0.0,1.0,1.3862943611198906
7b,goodreads,classic,232,1.0,1.0,0.0,7.0,49.0,0.23547090941494786,0.8363790531435455,0.75390625,6.736966958001855,0.6931471805599453,0.4916666666666667,0.5338013390700023,0.18870700793933137,1.0,3.0,0.0,0.0,1.0,3.4011973816621555
7b,goodreads,classic,233,0.6309297535714575,1.0,0.36907024642854247,7.0,49.0,0.23547090941494786,0.8363790531435455,0.75390625,8.32845106681936,1.9459101490553132,0.4791666666666667,0.5105109135309855,0.1753754637385496,1.0,3.0,0.0,0.0,1.0,1.0986122886681096
7b,goodreads,classic,234,1.0,1.0,0.0,7.0,49.0,0.23547090941494786,0.8363790531435455,0.75390625,8.32845106681936,1.9459101490553132,0.4916666666666667,0.5767130533854166,0.1679266586966494,1.0,3.0,0.0,0.0,1.0,1.0986122886681096
7b,goodreads,classic,235,0.0,1.0,1.0,7.0,49.0,0.23547090941494786,0.8363790531435455,0.75390625,8.32845106681936,1.9459101490553132,0.4875,0.724842405319214,0.16718185321312493,1.0,3.0,0.0,0.0,1.0,0.6931471805599453
7b,goodreads,classic,236,1.0,1.0,0.0,7.0,49.0,0.23547090941494786,0.8363790531435455,0.75390625,7.239214973779806,0.6931471805599453,0.4833333333333333,0.7497396528720854,0.18027966792988764,1.0,3.0,0.0,0.0,1.0,1.6094379124341003
7b,goodreads,classic,237,1.0,1.0,0.0,7.0,49.0,0.23547090941494786,0.8363790531435455,0.75390625,6.8658910748834385,1.0986122886681096,0.4916666666666667,0.7702098965644837,0.1746209875675651,1.0,3.0,0.0,0.0,1.0,0.6931471805599453
7b,goodreads,classic,238,0.0,1.0,1.0,7.0,49.0,0.23547090941494786,0.8363790531435455,0.75390625,6.8658910748834385,1.0986122886681096,0.4958333333333333,0.7673633396625519,0.17750294768962066,1.0,3.0,0.0,0.0,1.0,0.6931471805599453
7b,goodreads,classic,239,1.0,1.0,0.0,7.0,49.0,0.23547090941494786,0.8363790531435455,0.75390625,6.368187186350492,0.6931471805599453,0.4916666666666667,0.7363924622535705,0.16927633150769192,1.0,3.0,0.0,0.0,1.0,1.791759469228055
7b,goodreads,classic,240,1.0,1.0,0.0,7.0,49.0,0.23547090941494786,0.8363790531435455,0.75390625,8.552174160311482,1.9459101490553132,0.4916666666666667,0.548956964413325,0.17558173838671426,1.0,3.0,0.0,0.0,1.0,0.6931471805599453
7b,goodreads,classic,241,0.43067655807339306,1.0,0.5693234419266069,7.0,49.0,0.23547090941494786,0.8363790531435455,0.75390625,8.552174160311482,1.9459101490553132,0.4791666666666667,0.4906713465849558,0.1737550981508392,1.0,3.0,0.0,0.0,1.0,1.0986122886681096
7b,goodreads,classic,242,1.0,1.0,0.0,7.0,49.0,0.23547090941494786,0.8363790531435455,0.75390625,6.650279048587422,0.6931471805599453,0.475,0.7528499782085418,0.18185527059521653,1.0,3.0,0.0,0.0,1.0,0.6931471805599453
7b,goodreads,classic,243,1.0,1.0,0.0,7.0,49.0,0.23547090941494786,0.8363790531435455,0.75390625,6.129050210060545,0.6931471805599453,0.4791666666666667,0.7608679056167602,0.17455720763226173,1.0,3.0,0.0,0.0,1.0,0.6931471805599453
7b,goodreads,classic,244,1.0,1.0,0.0,7.0,49.0,0.23547090941494786,0.8363790531435455,0.75390625,6.278521424165844,0.6931471805599453,0.4833333333333333,0.7613735020160675,0.17584987639973745,1.0,3.0,0.0,0.0,1.0,0.6931471805599453
7b,goodreads,classic,245,1.0,1.0,0.0,7.0,49.0,0.23547090941494786,0.8363790531435455,0.75390625,6.095824562432225,0.6931471805599453,0.4791666666666667,0.7511413574218749,0.17893245694592289,1.0,3.0,0.0,0.0,1.0,0.6931471805599453
7b,goodreads,classic,246,0.5,0.6309297535714575,0.13092975357145753,7.0,49.0,0.23547090941494786,0.8363790531435455,0.75390625,6.137727054086234,0.6931471805599453,0.4875,0.8464223980903625,0.19318198507439227,1.0,3.0,0.0,0.0,1.0,1.3862943611198906
7b,goodreads,classic,247,1.0,1.0,0.0,7.0,49.0,0.23547090941494786,0.8363790531435455,0.75390625,6.297109319933935,0.6931471805599453,0.4875,0.7550574004650116,0.18053860411069186,1.0,3.0,0.0,0.0,1.0,1.6094379124341003
7b,goodreads,classic,248,0.43067655807339306,1.0,0.5693234419266069,7.0,49.0,0.23547090941494786,0.8363790531435455,0.75390625,6.068425588244111,0.6931471805599453,0.4916666666666667,0.7416791856288909,0.179991091453424,1.0,3.0,0.0,0.0,1.0,1.0986122886681096
7b,goodreads,classic,249,1.0,1.0,0.0,7.0,49.0,0.23547090941494786,0.8363790531435455,0.75390625,6.115892125483034,0.6931471805599453,0.5,0.5920070270697275,0.18152554787314473,1.0,3.0,0.0,0.0,1.0,1.0986122886681096
7b,goodreads,classic,250,1.0,1.0,0.0,7.0,49.0,0.23547090941494786,0.8363790531435455,0.75390625,7.520234556474628,1.0986122886681096,0.4916666666666667,0.7331010341644287,0.17038601503793277,1.0,3.0,0.0,0.0,1.0,1.3862943611198906
7b,goodreads,classic,251,1.0,1.0,0.0,7.0,49.0,0.23547090941494786,0.8363790531435455,0.75390625,7.520234556474628,1.0986122886681096,0.4833333333333333,0.523034683863322,0.18275871122981396,1.0,3.0,0.0,0.0,1.0,0.6931471805599453
7b,goodreads,classic,252,1.0,1.0,0.0,7.0,49.0,0.23547090941494786,0.8363790531435455,0.75390625,6.648984550024776,0.6931471805599453,0.4875,0.7403161585330964,0.1767965982398582,1.0,3.0,0.0,0.0,1.0,0.6931471805599453
7b,goodreads,classic,253,1.0,1.0,0.0,7.0,49.0,0.23547090941494786,0.8363790531435455,0.75390625,6.154858094016418,0.6931471805599453,0.475,0.5115542213122051,0.18275862701195245,1.0,3.0,0.0,0.0,1.0,0.6931471805599453
7b,goodreads,classic,254,1.0,1.0,0.0,7.0,49.0,0.23547090941494786,0.8363790531435455,0.75390625,6.082218910376446,0.6931471805599453,0.4916666666666667,0.6497235248486202,0.1925981334756558,1.0,3.0,0.0,0.0,1.0,1.3862943611198906
7b,goodreads,classic,255,1.0,1.0,0.0,7.0,49.0,0.23547090941494786,0.8363790531435455,0.75390625,6.135564891081739,0.6931471805599453,0.4916666666666667,0.5606940964857736,0.18178620719528535,1.0,3.0,0.0,0.0,1.0,1.0986122886681096
7b,goodreads,classic,256,1.0,1.0,0.0,7.0,49.0,0.23547090941494786,0.8363790531435455,0.75390625,6.023447592961033,0.6931471805599453,0.4875,0.741867870092392,0.17585027088684493,1.0,3.0,0.0,0.0,1.0,0.6931471805599453
7b,goodreads,classic,257,1.0,1.0,0.0,7.0,49.0,0.23547090941494786,0.8363790531435455,0.75390625,6.313548046277095,0.6931471805599453,0.4958333333333333,0.752859079837799,0.17291401730365963,1.0,3.0,0.0,0.0,1.0,0.6931471805599453
7b,goodreads,classic,258,1.0,1.0,0.0,7.0,49.0,0.23547090941494786,0.8363790531435455,0.75390625,6.431331081933479,0.6931471805599453,0.475,0.761750602722168,0.18311981948520661,1.0,3.0,0.0,0.0,1.0,2.8903717578961645
7b,goodreads,classic,259,1.0,1.0,0.0,7.0,49.0,0.23547090941494786,0.8363790531435455,0.75390625,5.991464547107982,0.6931471805599453,0.475,0.7693114638328551,0.18077063920498207,1.0,3.0,0.0,0.0,1.0,0.6931471805599453
7b,goodreads,classic,260,1.0,1.0,0.0,7.0,49.0,0.23547090941494786,0.8363790531435455,0.75390625,6.410174881966167,0.6931471805599453,0.4833333333333333,0.7681765139102936,0.18141300724405876,1.0,3.0,0.0,0.0,1.0,3.2188758248682006
7b,goodreads,classic,261,0.0,1.0,1.0,7.0,49.0,0.23547090941494786,0.8363790531435455,0.75390625,6.249975242259483,0.6931471805599453,0.475,0.7431923091411591,0.17324460418002724,1.0,3.0,0.0,0.0,1.0,3.9318256327243257
7b,goodreads,classic,262,1.0,1.0,0.0,7.0,49.0,0.23547090941494786,0.8363790531435455,0.75390625,7.076653815443951,0.6931471805599453,0.4958333333333333,0.7645781874656677,0.1814899148803079,1.0,3.0,0.0,0.0,1.0,1.0986122886681096
7b,goodreads,classic,263,1.0,1.0,0.0,7.0,49.0,0.23547090941494786,0.8363790531435455,0.75390625,8.569595870209286,2.5649493574615367,0.4875,0.5175389806429544,0.18037733995121238,1.0,3.0,0.0,0.0,1.0,1.6094379124341003
7b,goodreads,classic,264,1.0,1.0,0.0,7.0,49.0,0.23547090941494786,0.8363790531435455,0.75390625,8.569595870209286,2.5649493574615367,0.4958333333333333,0.5014751414457957,0.18379245244345926,1.0,3.0,0.0,0.0,1.0,1.0986122886681096
7b,goodreads,classic,265,1.0,0.6309297535714575,-0.36907024642854247,7.0,49.0,0.23547090941494786,0.8363790531435455,0.75390625,6.942156705699469,1.0986122886681096,0.4875,0.5171585003534952,0.18322173494751684,1.0,2.0,0.05263157894736842,0.0,1.0,0.6931471805599453
7b,goodreads,classic,266,1.0,1.0,0.0,7.0,49.0,0.23547090941494786,0.8363790531435455,0.75390625,6.942156705699469,1.0986122886681096,0.475,0.7571581244468689,0.17327246944915575,1.0,3.0,0.0,0.0,1.0,0.6931471805599453
7b,goodreads,classic,267,1.0,1.0,0.0,7.0,49.0,0.23547090941494786,0.8363790531435455,0.75390625,6.272877006546167,0.6931471805599453,0.4916666666666667,0.7693231403827666,0.17506954566518082,1.0,3.0,0.0,0.0,1.0,0.6931471805599453
7b,goodreads,classic,268,0.38685280723454163,0.0,-0.38685280723454163,7.0,49.0,0.23547090941494786,0.8363790531435455,0.75390625,6.988413181999592,1.0986122886681096,0.4916666666666667,0.5127321044603983,0.1779305390390692,1.0,3.0,0.0,0.0,1.0,1.3862943611198906
7b,goodreads,classic,269,1.0,1.0,0.0,7.0,49.0,0.23547090941494786,0.8363790531435455,0.75390625,6.988413181999592,1.0986122886681096,0.4916666666666667,0.519502447048823,0.17784339604378885,1.0,2.0,0.05263157894736842,0.0,1.0,2.0794415416798357
7b,goodreads,classic,270,1.0,1.0,0.0,7.0,49.0,0.23547090941494786,0.8363790531435455,0.75390625,6.102558594613569,0.6931471805599453,0.4875,0.7680642545223236,0.1820782025769794,1.0,3.0,0.0,0.0,1.0,0.6931471805599453
7b,goodreads,classic,271,1.0,1.0,0.0,7.0,49.0,0.23547090941494786,0.8363790531435455,0.75390625,7.018401799069201,0.6931471805599453,0.4875,0.5526088456312815,0.19224721271045028,1.0,2.0,0.05263157894736842,0.0,1.0,1.0986122886681096
7b,goodreads,classic,272,1.0,1.0,0.0,7.0,49.0,0.23547090941494786,0.8363790531435455,0.75390625,7.1891677384203225,0.6931471805599453,0.4958333333333333,0.7500691354274749,0.18671999878574946,1.0,3.0,0.0,0.0,1.0,1.0986122886681096
7b,goodreads,classic,273,1.0,1.0,0.0,7.0,49.0,0.23547090941494786,0.8363790531435455,0.75390625,6.129050210060545,0.6931471805599453,0.4833333333333333,0.7638584077358246,0.17725333622690437,1.0,3.0,0.0,0.0,1.0,0.6931471805599453
7b,goodreads,classic,274,0.5,1.0,0.5,7.0,49.0,0.23547090941494786,0.8363790531435455,0.75390625,9.191055610564316,2.772588722239781,0.4875,0.5082259575525918,0.18361988709182803,1.0,3.0,0.0,0.0,1.0,0.6931471805599453
7b,goodreads,classic,275,1.0,1.0,0.0,7.0,49.0,0.23547090941494786,0.8363790531435455,0.75390625,9.191055610564316,2.772588722239781,0.4916666666666667,0.5077393690745036,0.18656833794893396,1.0,2.0,0.05263157894736842,0.0,1.0,0.6931471805599453
7b,goodreads,classic,276,0.6309297535714575,1.0,0.36907024642854247,7.0,49.0,0.23547090941494786,0.8363790531435455,0.75390625,9.191055610564316,2.772588722239781,0.4875,0.4988353470961252,0.18924146410778903,1.0,3.0,0.0,0.0,1.0,0.6931471805599453
7b,goodreads,classic,277,1.0,1.0,0.0,7.0,49.0,0.23547090941494786,0.8363790531435455,0.75390625,6.411818267709897,0.6931471805599453,0.4833333333333333,0.7528801262378692,0.17610837091008782,1.0,3.0,0.0,0.0,1.0,1.0986122886681096
7b,goodreads,classic,278,0.6309297535714575,1.0,0.36907024642854247,7.0,49.0,0.23547090941494786,0.8363790531435455,0.75390625,8.585412430393381,1.6094379124341003,0.4916666666666667,0.5504563192526498,0.17615094844331625,1.0,3.0,0.0,0.0,1.0,0.6931471805599453
7b,goodreads,classic,279,0.0,0.5,0.5,7.0,49.0,0.23547090941494786,0.8363790531435455,0.75390625,8.585412430393381,1.6094379124341003,0.4958333333333333,0.7527025818824769,0.17155727553310354,1.0,3.0,0.0,0.0,1.0,0.6931471805599453
7b,goodreads,classic,280,1.0,1.0,0.0,7.0,49.0,0.23547090941494786,0.8363790531435455,0.75390625,8.585412430393381,1.6094379124341003,0.4875,0.5758664945761363,0.17585378303359733,1.0,3.0,0.0,0.0,1.0,1.0986122886681096
7b,goodreads,classic,281,0.6309297535714575,0.6309297535714575,0.0,7.0,49.0,0.23547090941494786,0.8363790531435455,0.75390625,6.246106765481563,0.6931471805599453,0.4875,0.7391630411148071,0.18561629124578596,1.0,3.0,0.0,0.0,1.0,1.6094379124341003
7b,goodreads,classic,282,1.0,1.0,0.0,7.0,49.0,0.23547090941494786,0.8363790531435455,0.75390625,5.961005339623274,0.6931471805599453,0.4875,0.5544785777727763,0.1777763994102881,1.0,3.0,0.0,0.0,1.0,2.1972245773362196
7b,goodreads,classic,283,1.0,1.0,0.0,7.0,49.0,0.23547090941494786,0.8363790531435455,0.75390625,6.175867270105761,0.6931471805599453,0.4875,0.5090917030970254,0.20436372933472932,1.0,2.0,0.05263157894736842,0.0,1.0,0.6931471805599453
7b,goodreads,classic,284,1.0,1.0,0.0,7.0,49.0,0.23547090941494786,0.8363790531435455,0.75390625,6.126869184114185,0.6931471805599453,0.4791666666666667,0.7588314652442931,0.17968880429974174,1.0,3.0,0.0,0.0,1.0,0.6931471805599453
7b,goodreads,classic,285,1.0,1.0,0.0,7.0,49.0,0.23547090941494786,0.8363790531435455,0.75390625,7.552762084214147,1.0986122886681096,0.4875,0.5208164612452189,0.1790902997961402,1.0,2.0,0.05263157894736842,0.0,1.0,0.6931471805599453
7b,goodreads,classic,286,1.0,1.0,0.0,7.0,49.0,0.23547090941494786,0.8363790531435455,0.75390625,7.552762084214147,1.0986122886681096,0.4833333333333333,0.5071666280428568,0.1783662200859253,1.0,3.0,0.0,0.0,1.0,1.0986122886681096
7b,goodreads,classic,287,1.0,1.0,0.0,7.0,49.0,0.23547090941494786,0.8363790531435455,0.75390625,6.318968113746434,0.6931471805599453,0.5,0.7730653405189513,0.17599250267073113,1.0,3.0,0.0,0.0,1.0,2.1972245773362196
7b,goodreads,classic,288,1.0,1.0,0.0,7.0,49.0,0.23547090941494786,0.8363790531435455,0.75390625,7.781138509845015,0.6931471805599453,0.4916666666666667,0.7825177669525146,0.18667284746536283,1.0,3.0,0.0,0.0,1.0,0.6931471805599453
7b,goodreads,classic,289,1.0,1.0,0.0,7.0,49.0,0.23547090941494786,0.8363790531435455,0.75390625,8.020927718981577,0.6931471805599453,0.4958333333333333,0.5267118136088054,0.1915966258091404,1.0,3.0,0.0,0.0,1.0,1.0986122886681096
7b,goodreads,classic,290,1.0,1.0,0.0,7.0,49.0,0.23547090941494786,0.8363790531435455,0.75390625,6.92461239604856,1.0986122886681096,0.475,0.5293970445791879,0.1853943359152898,1.0,3.0,0.0,0.0,1.0,0.6931471805599453
7b,goodreads,classic,291,1.0,1.0,0.0,7.0,49.0,0.23547090941494786,0.8363790531435455,0.75390625,6.92461239604856,1.0986122886681096,0.4916666666666667,0.7506693065166473,0.1784699731180709,1.0,3.0,0.0,0.0,1.0,0.6931471805599453
7b,goodreads,classic,292,0.0,1.0,1.0,7.0,49.0,0.23547090941494786,0.8363790531435455,0.75390625,5.910796644040527,0.6931471805599453,0.475,0.7449694156646729,0.1713233689439882,1.0,3.0,0.0,0.0,1.0,1.0986122886681096
7b,goodreads,classic,293,1.0,1.0,0.0,7.0,49.0,0.23547090941494786,0.8363790531435455,0.75390625,6.423246963533519,0.6931471805599453,0.4833333333333333,0.7710875868797302,0.17830815981393008,1.0,3.0,0.0,0.0,1.0,1.0986122886681096
7b,goodreads,classic,294,0.0,1.0,1.0,7.0,49.0,0.23547090941494786,0.8363790531435455,0.75390625,6.98933526597456,0.6931471805599453,0.4791666666666667,0.5045638124148051,0.17944597869021583,1.0,2.0,0.05263157894736842,0.0,1.0,0.6931471805599453
7b,goodreads,classic,295,0.6309297535714575,1.0,0.36907024642854247,7.0,49.0,0.23547090941494786,0.8363790531435455,0.75390625,6.934397209928558,1.0986122886681096,0.4875,0.7660945117473602,0.17428699289731453,1.0,3.0,0.0,0.0,1.0,1.791759469228055
7b,goodreads,classic,296,1.0,1.0,0.0,7.0,49.0,0.23547090941494786,0.8363790531435455,0.75390625,6.934397209928558,1.0986122886681096,0.4875,0.550426689783732,0.18253157999120018,1.0,3.0,0.0,0.0,1.0,0.6931471805599453
7b,goodreads,classic,297,0.6309297535714575,1.0,0.36907024642854247,7.0,49.0,0.23547090941494786,0.8363790531435455,0.75390625,7.140453043101158,1.0986122886681096,0.4833333333333333,0.7629024863243102,0.1713585393735213,1.0,3.0,0.0,0.0,1.0,0.6931471805599453
7b,goodreads,classic,298,0.0,0.6309297535714575,0.6309297535714575,7.0,49.0,0.23547090941494786,0.8363790531435455,0.75390625,7.140453043101158,1.0986122886681096,0.4791666666666667,0.7479737043380738,0.17340215925792818,1.0,3.0,0.0,0.0,1.0,0.6931471805599453
7b,goodreads,classic,299,1.0,1.0,0.0,7.0,49.0,0.23547090941494786,0.8363790531435455,0.75390625,6.369900982828227,0.6931471805599453,0.475,0.7596886098384857,0.1785069712258449,1.0,3.0,0.0,0.0,1.0,0.6931471805599453
7b,goodreads,classic,300,0.43067655807339306,1.0,0.5693234419266069,7.0,49.0,0.23547090941494786,0.8363790531435455,0.75390625,6.665683717782408,1.0986122886681096,0.4875,0.4924338618914287,0.19970719333200102,1.0,3.0,0.0,0.0,1.0,1.791759469228055
7b,goodreads,classic,301,1.0,1.0,0.0,7.0,49.0,0.23547090941494786,0.8363790531435455,0.75390625,6.6320017773956295,1.0986122886681096,0.4916666666666667,0.7397328853607178,0.17373170743988786,1.0,3.0,0.0,0.0,1.0,0.6931471805599453
7b,goodreads,classic,302,0.0,1.0,1.0,7.0,49.0,0.23547090941494786,0.8363790531435455,0.75390625,6.6320017773956295,1.0986122886681096,0.4958333333333333,0.5294605950514476,0.18584826594988027,1.0,3.0,0.0,0.0,1.0,0.6931471805599453
7b,goodreads,classic,303,1.0,1.0,0.0,7.0,49.0,0.23547090941494786,0.8363790531435455,0.75390625,6.434546518787453,0.6931471805599453,0.4916666666666667,0.6067532936731974,0.18095342004417264,1.0,3.0,0.0,0.0,1.0,2.1972245773362196
7b,goodreads,classic,304,1.0,1.0,0.0,7.0,49.0,0.23547090941494786,0.8363790531435455,0.75390625,6.85751406254539,1.0986122886681096,0.475,0.7197943806648254,0.18426037965416114,1.0,3.0,0.0,0.0,1.0,1.791759469228055
7b,goodreads,classic,305,1.0,1.0,0.0,7.0,49.0,0.23547090941494786,0.8363790531435455,0.75390625,6.85751406254539,1.0986122886681096,0.4791666666666667,0.4804482499758401,0.21561663297277409,1.0,2.0,0.05263157894736842,0.0,1.0,2.0794415416798357
7b,goodreads,classic,306,1.0,1.0,0.0,7.0,49.0,0.23547090941494786,0.8363790531435455,0.75390625,6.169610732491456,0.6931471805599453,0.4916666666666667,0.7652017116546631,0.1750232034603763,1.0,3.0,0.0,0.0,1.0,0.6931471805599453
7b,goodreads,classic,307,1.0,1.0,0.0,7.0,49.0,0.23547090941494786,0.8363790531435455,0.75390625,6.400257445308821,0.6931471805599453,0.4958333333333333,0.7570677518844603,0.17936215237936737,1.0,3.0,0.0,0.0,1.0,0.6931471805599453
7b,goodreads,classic,308,1.0,1.0,0.0,7.0,49.0,0.23547090941494786,0.8363790531435455,0.75390625,7.854381210652365,1.0986122886681096,0.4791666666666667,0.7400832176208496,0.1755673534558548,1.0,3.0,0.0,0.0,1.0,1.0986122886681096
7b,goodreads,classic,309,1.0,1.0,0.0,7.0,49.0,0.23547090941494786,0.8363790531435455,0.75390625,7.854381210652365,1.0986122886681096,0.4833333333333333,0.7450542986392974,0.1743965516123719,1.0,3.0,0.0,0.0,1.0,1.0986122886681096
7b,goodreads,classic,310,1.0,1.0,0.0,7.0,49.0,0.23547090941494786,0.8363790531435455,0.75390625,6.2878585601617845,0.6931471805599453,0.4875,0.5114037136236826,0.18545296091739208,1.0,2.0,0.05263157894736842,0.0,1.0,1.0986122886681096
7b,goodreads,classic,311,0.6309297535714575,1.0,0.36907024642854247,7.0,49.0,0.23547090941494786,0.8363790531435455,0.75390625,6.885509670034818,1.0986122886681096,0.4875,0.5318596879641215,0.17981743857260926,1.0,3.0,0.0,0.0,1.0,0.6931471805599453
7b,goodreads,classic,312,1.0,1.0,0.0,7.0,49.0,0.23547090941494786,0.8363790531435455,0.75390625,6.885509670034818,1.0986122886681096,0.4875,0.5529123465220133,0.1820737821738272,1.0,3.0,0.0,0.0,1.0,1.0986122886681096
7b,goodreads,classic,313,0.6309297535714575,1.0,0.36907024642854247,7.0,49.0,0.23547090941494786,0.8363790531435455,0.75390625,6.184148890937483,0.6931471805599453,0.4875,0.7571381866931914,0.17628681076365127,1.0,3.0,0.0,0.0,1.0,1.0986122886681096
7b,goodreads,classic,314,1.0,1.0,0.0,7.0,49.0,0.23547090941494786,0.8363790531435455,0.75390625,6.450470422144176,0.6931471805599453,0.4875,0.8096602022647856,0.18281248020049293,1.0,3.0,0.0,0.0,1.0,1.0986122886681096
7b,goodreads,classic,315,1.0,1.0,0.0,7.0,49.0,0.23547090941494786,0.8363790531435455,0.75390625,7.515344571180436,0.6931471805599453,0.4958333333333333,0.7357497692108153,0.17089412086742042,1.0,3.0,0.0,0.0,1.0,3.58351893845611
7b,goodreads,classic,316,1.0,1.0,0.0,7.0,49.0,0.23547090941494786,0.8363790531435455,0.75390625,6.78332520060396,0.6931471805599453,0.475,0.7606457293033599,0.1826300155546443,1.0,3.0,0.0,0.0,1.0,1.3862943611198906
7b,goodreads,classic,317,1.0,1.0,0.0,7.0,49.0,0.23547090941494786,0.8363790531435455,0.75390625,6.194405391104672,0.6931471805599453,0.4833333333333333,0.7383273184299468,0.18701675473974524,1.0,3.0,0.0,0.0,1.0,4.418840607796598
7b,goodreads,classic,318,1.0,1.0,0.0,7.0,49.0,0.23547090941494786,0.8363790531435455,0.75390625,6.037870919922137,0.6931471805599453,0.5,0.760349041223526,0.17472796056918186,1.0,3.0,0.0,0.0,1.0,3.828641396489095
7b,goodreads,classic,319,0.0,0.0,0.0,7.0,49.0,0.23547090941494786,0.8363790531435455,0.75390625,6.421622267806518,0.6931471805599453,0.4958333333333333,0.7414959013462067,0.17774114291978615,1.0,3.0,0.0,0.0,1.0,0.6931471805599453
7b,goodreads,classic,320,1.0,1.0,0.0,7.0,49.0,0.23547090941494786,0.8363790531435455,0.75390625,6.459904454377535,0.6931471805599453,0.4958333333333333,0.5184048513571422,0.1845851544651506,1.0,2.0,0.05263157894736842,0.0,1.0,0.6931471805599453
7b,goodreads,classic,321,1.0,1.0,0.0,7.0,49.0,0.23547090941494786,0.8363790531435455,0.75390625,6.784457062637643,1.0986122886681096,0.4916666666666667,0.7528854727745056,0.17340582671798718,1.0,3.0,0.0,0.0,1.0,1.0986122886681096
7b,goodreads,classic,322,1.0,1.0,0.0,7.0,49.0,0.23547090941494786,0.8363790531435455,0.75390625,6.784457062637643,1.0986122886681096,0.5,0.5225401560465494,0.18155652097823596,1.0,2.0,0.05263157894736842,0.0,1.0,1.0986122886681096
7b,goodreads,classic,323,1.0,0.6309297535714575,-0.36907024642854247,7.0,49.0,0.23547090941494786,0.8363790531435455,0.75390625,9.890452970265668,2.3978952727983707,0.4791666666666667,0.5124939958254496,0.18063613134865478,1.0,3.0,0.0,0.0,1.0,1.0986122886681096
7b,goodreads,classic,324,1.0,1.0,0.0,7.0,49.0,0.23547090941494786,0.8363790531435455,0.75390625,9.890452970265668,2.3978952727983707,0.5,0.4947826186815897,0.18983605180700835,1.0,3.0,0.0,0.0,1.0,0.6931471805599453
7b,goodreads,classic,325,1.0,1.0,0.0,7.0,49.0,0.23547090941494786,0.8363790531435455,0.75390625,9.890452970265668,2.3978952727983707,0.4958333333333333,0.49409189621607463,0.18231318823945372,1.0,3.0,0.0,0.0,1.0,0.6931471805599453
7b,goodreads,classic,326,1.0,1.0,0.0,7.0,49.0,0.23547090941494786,0.8363790531435455,0.75390625,6.068425588244111,0.6931471805599453,0.4833333333333333,0.7167742490768432,0.18830007157912138,1.0,3.0,0.0,0.0,1.0,3.044522437723423
7b,goodreads,classic,327,0.6309297535714575,1.0,0.36907024642854247,7.0,49.0,0.23547090941494786,0.8363790531435455,0.75390625,6.056784013228625,0.6931471805599453,0.4875,0.7245628476142884,0.1760859410261912,1.0,3.0,0.0,0.0,1.0,0.6931471805599453
7b,goodreads,classic,328,1.0,1.0,0.0,7.0,49.0,0.23547090941494786,0.8363790531435455,0.75390625,6.675823221634848,1.0986122886681096,0.4958333333333333,0.5931147436300913,0.17741735915720624,1.0,3.0,0.0,0.0,1.0,0.6931471805599453
7b,goodreads,classic,329,1.0,1.0,0.0,7.0,49.0,0.23547090941494786,0.8363790531435455,0.75390625,6.675823221634848,1.0986122886681096,0.4875,0.5251883188883463,0.18407696524505496,1.0,2.0,0.05263157894736842,0.0,1.0,0.6931471805599453
7b,goodreads,classic,330,1.0,1.0,0.0,7.0,49.0,0.23547090941494786,0.8363790531435455,0.75390625,6.018593214496234,0.6931471805599453,0.4958333333333333,0.5591612497965495,0.17908057682869064,1.0,3.0,0.0,0.0,1.0,0.6931471805599453
7b,goodreads,classic,331,1.0,1.0,0.0,7.0,49.0,0.23547090941494786,0.8363790531435455,0.75390625,6.212606095751519,0.6931471805599453,0.4916666666666667,0.7934841752052306,0.17918736486477815,1.0,3.0,0.0,0.0,1.0,1.0986122886681096
7b,goodreads,classic,332,1.0,1.0,0.0,7.0,49.0,0.23547090941494786,0.8363790531435455,0.75390625,5.910796644040527,0.6931471805599453,0.4875,0.7946269035339355,0.179921649577678,1.0,3.0,0.0,0.0,1.0,1.0986122886681096
7b,goodreads,classic,333,1.0,1.0,0.0,7.0,49.0,0.23547090941494786,0.8363790531435455,0.75390625,6.5638555265321274,0.6931471805599453,0.4833333333333333,0.7681501567363739,0.17749736122609888,1.0,3.0,0.0,0.0,1.0,0.6931471805599453
7b,goodreads,classic,334,1.0,1.0,0.0,7.0,49.0,0.23547090941494786,0.8363790531435455,0.75390625,5.945420608606575,0.6931471805599453,0.475,0.740131640434265,0.17093841783506175,1.0,3.0,0.0,0.0,1.0,1.0986122886681096
7b,goodreads,classic,335,1.0,1.0,0.0,7.0,49.0,0.23547090941494786,0.8363790531435455,0.75390625,5.993961427306569,0.6931471805599453,0.4875,0.519812528292338,0.17875888188240655,1.0,3.0,0.0,0.0,1.0,0.6931471805599453
7b,goodreads,classic,336,0.6309297535714575,1.0,0.36907024642854247,7.0,49.0,0.23547090941494786,0.8363790531435455,0.75390625,6.744059186311348,0.6931471805599453,0.4958333333333333,0.7446439027786254,0.17254057262225816,1.0,3.0,0.0,0.0,1.0,0.6931471805599453
7b,goodreads,classic,337,1.0,1.0,0.0,7.0,49.0,0.23547090941494786,0.8363790531435455,0.75390625,6.5722825426940075,0.6931471805599453,0.4958333333333333,0.773619896173477,0.17491623169800827,1.0,3.0,0.0,0.0,1.0,0.6931471805599453
7b,goodreads,classic,338,1.0,1.0,0.0,7.0,49.0,0.23547090941494786,0.8363790531435455,0.75390625,6.163314804034641,0.6931471805599453,0.4791666666666667,0.7819648206233978,0.18164449287611903,1.0,3.0,0.0,0.0,1.0,0.6931471805599453
7b,goodreads,classic,339,1.0,1.0,0.0,7.0,49.0,0.23547090941494786,0.8363790531435455,0.75390625,7.046647277848756,0.6931471805599453,0.4875,0.7633568167686462,0.17802115498135507,1.0,3.0,0.0,0.0,1.0,0.6931471805599453
7b,goodreads,classic,340,1.0,1.0,0.0,7.0,49.0,0.23547090941494786,0.8363790531435455,0.75390625,6.016157159698354,0.6931471805599453,0.4958333333333333,0.5622594694296518,0.18387622551519855,1.0,3.0,0.0,0.0,1.0,1.0986122886681096
7b,goodreads,classic,341,0.6309297535714575,1.0,0.36907024642854247,7.0,49.0,0.23547090941494786,0.8363790531435455,0.75390625,6.329720905522696,0.6931471805599453,0.4875,0.738329428434372,0.1720836714512749,1.0,3.0,0.0,0.0,1.0,1.791759469228055
7b,goodreads,classic,342,1.0,1.0,0.0,7.0,49.0,0.23547090941494786,0.8363790531435455,0.75390625,6.35088571671474,0.6931471805599453,0.4958333333333333,0.5359010795752206,0.1788892513993746,1.0,3.0,0.0,0.0,1.0,1.9459101490553132
7b,goodreads,classic,343,1.0,1.0,0.0,7.0,49.0,0.23547090941494786,0.8363790531435455,0.75390625,6.059123195581797,0.6931471805599453,0.4833333333333333,0.6414468089739482,0.19531370488057057,1.0,3.0,0.0,0.0,1.0,2.302585092994046
7b,goodreads,classic,344,1.0,1.0,0.0,7.0,49.0,0.23547090941494786,0.8363790531435455,0.75390625,5.883322388488279,0.6931471805599453,0.4916666666666667,0.7514930486679076,0.17101188533511558,1.0,3.0,0.0,0.0,1.0,1.0986122886681096
7b,goodreads,classic,345,0.0,1.0,1.0,7.0,49.0,0.23547090941494786,0.8363790531435455,0.75390625,5.910796644040527,0.6931471805599453,0.4916666666666667,0.49441445867220546,0.18233215751845036,1.0,2.0,0.05263157894736842,0.0,1.0,0.6931471805599453
7b,goodreads,classic,346,1.0,1.0,0.0,7.0,49.0,0.23547090941494786,0.8363790531435455,0.75390625,6.423246963533519,0.6931471805599453,0.4875,0.5321628491083781,0.19624249945644892,1.0,2.0,0.10526315789473684,0.0,1.0,0.6931471805599453
7b,goodreads,classic,347,1.0,1.0,0.0,7.0,49.0,0.23547090941494786,0.8363790531435455,0.75390625,6.612041034833092,0.6931471805599453,0.4791666666666667,0.7730516791343689,0.18129039332686422,1.0,3.0,0.0,0.0,1.0,0.6931471805599453
7b,goodreads,classic,348,1.0,1.0,0.0,7.0,49.0,0.23547090941494786,0.8363790531435455,0.75390625,6.284134161070802,0.6931471805599453,0.4875,0.7768395841121674,0.17848773934692408,1.0,3.0,0.0,0.0,1.0,0.6931471805599453
7b,goodreads,classic,349,1.0,1.0,0.0,7.0,49.0,0.23547090941494786,0.8363790531435455,0.75390625,7.347299700743164,0.6931471805599453,0.4916666666666667,0.7863149344921112,0.1784516752944929,1.0,3.0,0.0,0.0,1.0,1.6094379124341003
7b,goodreads,classic,350,1.0,1.0,0.0,7.0,49.0,0.23547090941494786,0.8363790531435455,0.75390625,5.942799375126701,0.6931471805599453,0.4833333333333333,0.7771549582481384,0.1786686415556058,1.0,3.0,0.0,0.0,1.0,0.6931471805599453
7b,goodreads,classic,351,1.0,1.0,0.0,7.0,49.0,0.23547090941494786,0.8363790531435455,0.75390625,6.7650389767805414,0.6931471805599453,0.4833333333333333,0.5035687307516734,0.17752211179618627,1.0,2.0,0.05263157894736842,0.0,1.0,1.0986122886681096
7b,goodreads,classic,352,1.0,1.0,0.0,7.0,49.0,0.23547090941494786,0.8363790531435455,0.75390625,6.386879319362645,0.6931471805599453,0.4958333333333333,0.5274277488390605,0.17981717725918434,1.0,3.0,0.0,0.0,1.0,3.4965075614664802
7b,goodreads,classic,353,1.0,1.0,0.0,7.0,49.0,0.23547090941494786,0.8363790531435455,0.75390625,6.192362489474872,0.6931471805599453,0.4833333333333333,0.7672508835792541,0.17639188131414832,1.0,3.0,0.0,0.0,1.0,0.6931471805599453
7b,goodreads,classic,354,1.0,1.0,0.0,7.0,49.0,0.23547090941494786,0.8363790531435455,0.75390625,6.418364935936212,0.6931471805599453,0.4833333333333333,0.7627761006355285,0.1765925898619016,1.0,3.0,0.0,0.0,1.0,0.6931471805599453
7b,goodreads,classic,355,1.0,1.0,0.0,7.0,49.0,0.23547090941494786,0.8363790531435455,0.75390625,6.53813982376767,0.6931471805599453,0.4708333333333333,0.572248140970866,0.18875795760518235,1.0,3.0,0.0,0.0,1.0,0.6931471805599453
7b,goodreads,classic,356,0.6309297535714575,1.0,0.36907024642854247,7.0,49.0,0.23547090941494786,0.8363790531435455,0.75390625,6.473890696352274,0.6931471805599453,0.4833333333333333,0.49183401266733795,0.18487578628677795,1.0,2.0,0.05263157894736842,0.0,1.0,0.6931471805599453
7b,goodreads,classic,357,0.6309297535714575,1.0,0.36907024642854247,7.0,49.0,0.23547090941494786,0.8363790531435455,0.75390625,6.645090969505644,0.6931471805599453,0.4833333333333333,0.5052253345648448,0.1912497053245855,1.0,3.0,0.0,0.0,1.0,2.4849066497880004
7b,goodreads,classic,358,1.0,1.0,0.0,7.0,49.0,0.23547090941494786,0.8363790531435455,0.75390625,6.049733455231958,0.6931471805599453,0.4833333333333333,0.7765854001045227,0.18131881044692574,1.0,3.0,0.0,0.0,1.0,0.6931471805599453
7b,goodreads,classic,359,1.0,1.0,0.0,7.0,49.0,0.23547090941494786,0.8363790531435455,0.75390625,6.2422232654551655,0.6931471805599453,0.4833333333333333,0.504732737938563,0.189788421463952,1.0,2.0,0.05263157894736842,0.0,1.0,0.6931471805599453
7b,goodreads,classic,360,1.0,1.0,0.0,7.0,49.0,0.23547090941494786,0.8363790531435455,0.75390625,6.013715156042802,0.6931471805599453,0.4708333333333333,0.7626235008239746,0.1841122147516611,1.0,3.0,0.0,0.0,1.0,0.6931471805599453
7b,goodreads,classic,361,1.0,1.0,0.0,7.0,49.0,0.23547090941494786,0.8363790531435455,0.75390625,5.998936561946683,0.6931471805599453,0.4958333333333333,0.7888283610343934,0.1792122873359552,1.0,3.0,0.0,0.0,1.0,0.6931471805599453
7b,goodreads,classic,362,0.6309297535714575,1.0,0.36907024642854247,7.0,49.0,0.23547090941494786,0.8363790531435455,0.75390625,6.150602768446279,0.6931471805599453,0.4875,0.7154021382331848,0.18459501646946813,1.0,3.0,0.0,0.0,1.0,1.791759469228055
7b,goodreads,classic,363,1.0,1.0,0.0,7.0,49.0,0.23547090941494786,0.8363790531435455,0.75390625,6.419994928147142,0.6931471805599453,0.4916666666666667,0.6261441896359126,0.18241059667105441,1.0,3.0,0.0,0.0,1.0,3.9318256327243257
7b,goodreads,classic,364,1.0,1.0,0.0,7.0,49.0,0.23547090941494786,0.8363790531435455,0.75390625,7.768956044538332,0.6931471805599453,0.4958333333333333,0.6005733052889505,0.17758341222282098,1.0,3.0,0.0,0.0,1.0,0.6931471805599453
7b,goodreads,classic,365,1.0,1.0,0.0,7.0,49.0,0.23547090941494786,0.8363790531435455,0.75390625,6.113682179832232,0.6931471805599453,0.4875,0.7798526346683502,0.1827901672073963,1.0,3.0,0.0,0.0,1.0,4.204692619390966
7b,goodreads,classic,366,1.0,1.0,0.0,7.0,49.0,0.23547090941494786,0.8363790531435455,0.75390625,6.70073110954781,0.6931471805599453,0.4875,0.7611726403236387,0.18255757146497129,1.0,3.0,0.0,0.0,1.0,1.3862943611198906
7b,goodreads,classic,367,1.0,1.0,0.0,7.0,49.0,0.23547090941494786,0.8363790531435455,0.75390625,6.171700597410915,0.6931471805599453,0.4875,0.7831166148185729,0.18259981999693922,1.0,3.0,0.0,0.0,1.0,1.791759469228055
7b,goodreads,classic,368,1.0,1.0,0.0,7.0,49.0,0.23547090941494786,0.8363790531435455,0.75390625,6.066108090103747,0.6931471805599453,0.4833333333333333,0.5568601469198863,0.18285633021940104,1.0,3.0,0.0,0.0,1.0,2.0794415416798357
7b,goodreads,classic,369,1.0,1.0,0.0,7.0,49.0,0.23547090941494786,0.8363790531435455,0.75390625,6.018593214496234,0.6931471805599453,0.4791666666666667,0.7724588215351104,0.18157968051662773,1.0,3.0,0.0,0.0,1.0,0.6931471805599453
7b,goodreads,classic,370,0.6309297535714575,1.0,0.36907024642854247,7.0,49.0,0.23547090941494786,0.8363790531435455,0.75390625,6.07073772800249,0.6931471805599453,0.4666666666666667,0.47839873830477386,0.19055476913844138,1.0,2.0,0.05263157894736842,0.0,1.0,1.3862943611198906
7b,goodreads,classic,371,1.0,1.0,0.0,7.0,49.0,0.23547090941494786,0.8363790531435455,0.75390625,6.269096283706261,0.6931471805599453,0.4875,0.7751225948333739,0.18045900344383128,1.0,3.0,0.0,0.0,1.0,1.0986122886681096
7b,goodreads,classic,372,1.0,1.0,0.0,7.0,49.0,0.23547090941494786,0.8363790531435455,0.75390625,8.458928283284262,2.3978952727983707,0.5,0.48736648956934614,0.189777003793897,1.0,3.0,0.0,0.0,1.0,1.0986122886681096
7b,goodreads,classic,373,0.38685280723454163,1.0,0.6131471927654584,7.0,49.0,0.23547090941494786,0.8363790531435455,0.75390625,8.458928283284262,2.3978952727983707,0.4916666666666667,0.49802308479944857,0.18992334558864188,1.0,3.0,0.0,0.0,1.0,1.0986122886681096
7b,goodreads,classic,374,0.0,1.0,1.0,7.0,49.0,0.23547090941494786,0.8363790531435455,0.75390625,8.458928283284262,2.3978952727983707,0.4916666666666667,0.521879921356837,0.18473772853425685,1.0,3.0,0.0,0.0,1.0,0.6931471805599453
7b,goodreads,classic,375,1.0,1.0,0.0,7.0,49.0,0.23547090941494786,0.8363790531435455,0.75390625,7.4318919168078,0.6931471805599453,0.4833333333333333,0.7544632732868193,0.18063076080971152,1.0,3.0,0.0,0.0,1.0,1.3862943611198906
7b,goodreads,classic,376,1.0,1.0,0.0,7.0,49.0,0.23547090941494786,0.8363790531435455,0.75390625,6.111467339502679,0.6931471805599453,0.5,0.7722071409225464,0.17570126888348764,1.0,3.0,0.0,0.0,1.0,0.6931471805599453
7b,goodreads,classic,377,1.0,0.6309297535714575,-0.36907024642854247,7.0,49.0,0.23547090941494786,0.8363790531435455,0.75390625,6.150602768446279,0.6931471805599453,0.4875,0.7520639300346372,0.17638847802235164,1.0,3.0,0.0,0.0,1.0,0.6931471805599453
7b,goodreads,classic,378,0.5,0.6309297535714575,0.13092975357145753,7.0,49.0,0.23547090941494786,0.8363790531435455,0.75390625,5.963579343618446,0.6931471805599453,0.4875,0.7760019302368163,0.17731186821078743,1.0,3.0,0.0,0.0,1.0,0.6931471805599453
7b,goodreads,classic,379,1.0,1.0,0.0,7.0,49.0,0.23547090941494786,0.8363790531435455,0.75390625,6.811244378601294,0.6931471805599453,0.4833333333333333,0.7789673626422882,0.18345038080655732,1.0,3.0,0.0,0.0,1.0,1.0986122886681096
7b,goodreads,classic,380,1.0,1.0,0.0,7.0,49.0,0.23547090941494786,0.8363790531435455,0.75390625,5.978885764901122,0.6931471805599453,0.4833333333333333,0.7417454004287718,0.17220198875953388,1.0,3.0,0.0,0.0,1.0,3.58351893845611
7b,goodreads,classic,381,1.0,1.0,0.0,7.0,49.0,0.23547090941494786,0.8363790531435455,0.75390625,6.499787040655854,0.6931471805599453,0.4833333333333333,0.7533080279827118,0.17366490608626542,1.0,3.0,0.0,0.0,1.0,0.6931471805599453
7b,goodreads,classic,382,1.0,1.0,0.0,7.0,49.0,0.23547090941494786,0.8363790531435455,0.75390625,6.498282149476434,0.6931471805599453,0.5,0.7329819083213804,0.18232568282137393,1.0,3.0,0.0,0.0,1.0,1.0986122886681096
7b,goodreads,classic,383,1.0,1.0,0.0,7.0,49.0,0.23547090941494786,0.8363790531435455,0.75390625,6.520621127558696,0.6931471805599453,0.4708333333333333,0.7516776740550993,0.1818438699169814,1.0,3.0,0.0,0.0,1.0,1.6094379124341003
7b,goodreads,classic,384,1.0,1.0,0.0,7.0,49.0,0.23547090941494786,0.8363790531435455,0.75390625,7.4413203897176174,0.6931471805599453,0.4875,0.5235328237215677,0.18558338558967247,1.0,3.0,0.0,0.0,1.0,1.3862943611198906
7b,goodreads,classic,385,1.0,1.0,0.0,7.0,49.0,0.23547090941494786,0.8363790531435455,0.75390625,6.214608098422191,0.6931471805599453,0.4833333333333333,0.7620578408241272,0.18001702917145873,1.0,3.0,0.0,0.0,1.0,0.6931471805599453
7b,goodreads,classic,386,1.0,1.0,0.0,7.0,49.0,0.23547090941494786,0.8363790531435455,0.75390625,7.534762657037537,0.6931471805599453,0.4875,0.7752934873104096,0.18008690226851404,1.0,3.0,0.0,0.0,1.0,3.295836866004329
7b,goodreads,classic,387,1.0,1.0,0.0,7.0,49.0,0.23547090941494786,0.8363790531435455,0.75390625,6.163314804034641,0.6931471805599453,0.4875,0.7554247379302979,0.17750110270845262,1.0,3.0,0.0,0.0,1.0,1.0986122886681096
7b,goodreads,classic,388,0.0,0.0,0.0,7.0,49.0,0.23547090941494786,0.8363790531435455,0.75390625,6.452048954437226,0.6931471805599453,0.4791666666666667,0.508086375395457,0.20435408803131017,1.0,3.0,0.0,0.0,1.0,2.3978952727983707
7b,goodreads,classic,389,1.0,1.0,0.0,7.0,49.0,0.23547090941494786,0.8363790531435455,0.75390625,6.508769136971682,0.6931471805599453,0.4875,0.7845324993133544,0.18417572567155172,1.0,3.0,0.0,0.0,1.0,0.6931471805599453
7b,goodreads,classic,390,0.0,0.38685280723454163,0.38685280723454163,7.0,49.0,0.23547090941494786,0.8363790531435455,0.75390625,6.0330862217988015,0.6931471805599453,0.4958333333333333,0.747813880443573,0.1747086090225762,1.0,3.0,0.0,0.0,1.0,0.6931471805599453
7b,goodreads,classic,391,1.0,1.0,0.0,7.0,49.0,0.23547090941494786,0.8363790531435455,0.75390625,6.946013991099227,0.6931471805599453,0.4916666666666667,0.5778086463610331,0.17589679824498197,1.0,3.0,0.0,0.0,1.0,0.6931471805599453
7b,goodreads,classic,392,1.0,1.0,0.0,7.0,49.0,0.23547090941494786,0.8363790531435455,0.75390625,6.077642243349034,0.6931471805599453,0.4875,0.7883338689804076,0.17952677127932978,1.0,3.0,0.0,0.0,1.0,0.6931471805599453
7b,goodreads,classic,393,1.0,1.0,0.0,7.0,49.0,0.23547090941494786,0.8363790531435455,0.75390625,6.917705609835305,0.6931471805599453,0.4875,0.75023632645607,0.17520726344745827,1.0,3.0,0.0,0.0,1.0,0.6931471805599453
7b,goodreads,classic,394,0.5,0.6309297535714575,0.13092975357145753,7.0,49.0,0.23547090941494786,0.8363790531435455,0.75390625,6.35088571671474,0.6931471805599453,0.4916666666666667,0.5684322873751322,0.1813676751525121,1.0,3.0,0.0,0.0,1.0,0.6931471805599453
7b,goodreads,classic,395,1.0,1.0,0.0,7.0,49.0,0.23547090941494786,0.8363790531435455,0.75390625,6.056784013228625,0.6931471805599453,0.4875,0.7692238092422485,0.17618907373228906,1.0,3.0,0.0,0.0,1.0,0.6931471805599453
7b,goodreads,classic,396,0.5,0.6309297535714575,0.13092975357145753,7.0,49.0,0.23547090941494786,0.8363790531435455,0.75390625,5.966146739123692,0.6931471805599453,0.4875,0.5155370155970255,0.19018334843902193,1.0,2.0,0.05263157894736842,0.0,1.0,1.3862943611198906
7b,goodreads,classic,397,1.0,1.0,0.0,7.0,49.0,0.23547090941494786,0.8363790531435455,0.75390625,7.2115567333138015,0.6931471805599453,0.4708333333333333,0.7691780865192412,0.18286042533612165,1.0,3.0,0.0,0.0,1.0,1.9459101490553132
7b,goodreads,classic,398,0.0,1.0,1.0,7.0,49.0,0.23547090941494786,0.8363790531435455,0.75390625,8.771990436532242,2.639057329615259,0.475,0.49621790448824554,0.1825767711205974,1.0,3.0,0.0,0.0,1.0,5.225746673713202
7b,goodreads,classic,399,0.0,0.6309297535714575,0.6309297535714575,7.0,49.0,0.23547090941494786,0.8363790531435455,0.75390625,8.771990436532242,2.639057329615259,0.4875,0.23422030409177153,0.21272893810165516,1.0,2.0,0.05263157894736842,0.0,1.0,1.791759469228055
7b,goodreads,cold_start_user,0,1.0,1.0,0.0,7.0,49.0,0.23547090941494786,0.8363790531435455,0.75390625,8.352790135124629,1.3862943611198906,0.4875,0.739432978630066,0.1718629255229228,1.0,3.0,0.0,0.0,1.0,0.6931471805599453
7b,goodreads,cold_start_user,1,1.0,1.0,0.0,7.0,49.0,0.23547090941494786,0.8363790531435455,0.75390625,8.352790135124629,1.3862943611198906,0.4875,0.5707924882570903,0.17323576472490265,1.0,3.0,0.0,0.0,1.0,0.6931471805599453
7b,goodreads,cold_start_user,2,1.0,1.0,0.0,7.0,49.0,0.23547090941494786,0.8363790531435455,0.75390625,8.352790135124629,1.3862943611198906,0.5,0.7407238721847533,0.1737161570783985,1.0,3.0,0.0,0.0,1.0,1.0986122886681096
7b,goodreads,cold_start_user,3,1.0,1.0,0.0,7.0,49.0,0.23547090941494786,0.8363790531435455,0.75390625,8.558335134747413,1.3862943611198906,0.4875,0.7587192058563231,0.17678311869324234,1.0,3.0,0.0,0.0,1.0,1.0986122886681096
7b,goodreads,cold_start_user,4,1.0,1.0,0.0,7.0,49.0,0.23547090941494786,0.8363790531435455,0.75390625,8.558335134747413,1.3862943611198906,0.5,0.5200778345266978,0.18527708395662298,1.0,3.0,0.0,0.0,1.0,0.6931471805599453
7b,goodreads,cold_start_user,5,0.38685280723454163,0.6309297535714575,0.2440769463369159,7.0,49.0,0.23547090941494786,0.8363790531435455,0.75390625,8.558335134747413,1.3862943611198906,0.4833333333333333,0.7480167806148529,0.1799459833274392,1.0,3.0,0.0,0.0,1.0,0.6931471805599453
7b,goodreads,cold_start_user,6,0.5,1.0,0.5,7.0,49.0,0.23547090941494786,0.8363790531435455,0.75390625,6.313548046277095,0.6931471805599453,0.4875,0.7434641599655152,0.1782558746633061,1.0,3.0,0.0,0.0,1.0,0.6931471805599453
7b,goodreads,cold_start_user,7,1.0,1.0,0.0,7.0,49.0,0.23547090941494786,0.8363790531435455,0.75390625,8.08487062913819,2.0794415416798357,0.4833333333333333,0.5113385180632273,0.1851469068118165,1.0,3.0,0.0,0.0,1.0,0.6931471805599453
7b,goodreads,cold_start_user,8,1.0,1.0,0.0,7.0,49.0,0.23547090941494786,0.8363790531435455,0.75390625,8.08487062913819,2.0794415416798357,0.4916666666666667,0.5155301849047343,0.18459243957094196,1.0,3.0,0.0,0.0,1.0,0.6931471805599453
7b,goodreads,cold_start_user,9,1.0,1.0,0.0,7.0,49.0,0.23547090941494786,0.8363790531435455,0.75390625,5.916202062607435,0.6931471805599453,0.4916666666666667,0.7638993382453917,0.17594710289590598,1.0,3.0,0.0,0.0,1.0,0.6931471805599453
7b,goodreads,cold_start_user,10,0.5,0.6309297535714575,0.13092975357145753,7.0,49.0,0.23547090941494786,0.8363790531435455,0.75390625,6.09807428216624,0.6931471805599453,0.4833333333333333,0.7556042671203613,0.17313018055614135,1.0,3.0,0.0,0.0,1.0,0.6931471805599453
7b,goodreads,cold_start_user,11,1.0,1.0,0.0,7.0,49.0,0.23547090941494786,0.8363790531435455,0.75390625,8.148445666243235,2.0794415416798357,0.4958333333333333,0.7337982118129729,0.17311841224647762,1.0,3.0,0.0,0.0,1.0,1.0986122886681096
7b,goodreads,cold_start_user,12,1.0,1.0,0.0,7.0,49.0,0.23547090941494786,0.8363790531435455,0.75390625,8.148445666243235,2.0794415416798357,0.4916666666666667,0.49629128972689307,0.18011022235838478,1.0,3.0,0.0,0.0,1.0,0.6931471805599453
7b,goodreads,cold_start_user,13,0.6309297535714575,1.0,0.36907024642854247,7.0,49.0,0.23547090941494786,0.8363790531435455,0.75390625,6.1463292576688975,0.6931471805599453,0.4875,0.750168788433075,0.17626566729189336,1.0,3.0,0.0,0.0,1.0,0.6931471805599453
7b,goodreads,cold_start_user,14,1.0,1.0,0.0,7.0,49.0,0.23547090941494786,0.8363790531435455,0.75390625,6.747586526829315,1.0986122886681096,0.5,0.5118061522642772,0.18018500890688105,1.0,2.0,0.10526315789473684,0.0,1.0,0.6931471805599453
7b,goodreads,cold_start_user,15,0.0,1.0,1.0,7.0,49.0,0.23547090941494786,0.8363790531435455,0.75390625,6.747586526829315,1.0986122886681096,0.4958333333333333,0.5142880539099375,0.1861943798059207,1.0,3.0,0.0,0.0,1.0,2.639057329615259
7b,goodreads,cold_start_user,16,1.0,1.0,0.0,7.0,49.0,0.23547090941494786,0.8363790531435455,0.75390625,6.8679744089702925,1.0986122886681096,0.4875,0.7688548803329468,0.17722643308292338,1.0,3.0,0.0,0.0,1.0,0.6931471805599453
7b,goodreads,cold_start_user,17,1.0,1.0,0.0,7.0,49.0,0.23547090941494786,0.8363790531435455,0.75390625,6.8679744089702925,1.0986122886681096,0.4875,0.5503034869829814,0.18291558165385188,1.0,3.0,0.0,0.0,1.0,1.791759469228055
7b,goodreads,cold_start_user,18,1.0,1.0,0.0,7.0,49.0,0.23547090941494786,0.8363790531435455,0.75390625,8.316789127071518,1.6094379124341003,0.4916666666666667,0.47753292123476665,0.18429579122995848,1.0,3.0,0.0,0.0,1.0,0.6931471805599453
7b,goodreads,cold_start_user,19,0.0,0.0,0.0,7.0,49.0,0.23547090941494786,0.8363790531435455,0.75390625,8.316789127071518,1.6094379124341003,0.4833333333333333,0.5220903853575389,0.17803566521744055,1.0,3.0,0.0,0.0,1.0,3.1780538303479458
7b,goodreads,cold_start_user,20,1.0,1.0,0.0,7.0,49.0,0.23547090941494786,0.8363790531435455,0.75390625,8.316789127071518,1.6094379124341003,0.4833333333333333,0.4790554682413737,0.1748573374751193,1.0,3.0,0.0,0.0,1.0,0.6931471805599453
7b,goodreads,cold_start_user,21,1.0,1.0,0.0,7.0,49.0,0.23547090941494786,0.8363790531435455,0.75390625,8.774776816043985,2.639057329615259,0.4791666666666667,0.5037880102793375,0.18742411209925963,1.0,3.0,0.0,0.0,1.0,0.6931471805599453
7b,goodreads,cold_start_user,22,1.0,1.0,0.0,7.0,49.0,0.23547090941494786,0.8363790531435455,0.75390625,6.551080335043404,0.6931471805599453,0.4833333333333333,0.5303427557150523,0.18539499789669656,1.0,2.0,0.05263157894736842,0.0,1.0,1.6094379124341003
7b,goodreads,cold_start_user,23,1.0,1.0,0.0,7.0,49.0,0.23547090941494786,0.8363790531435455,0.75390625,6.447305862541213,0.6931471805599453,0.4916666666666667,0.7659767448902131,0.17679480433308295,1.0,3.0,0.0,0.0,1.0,1.3862943611198906
7b,goodreads,cold_start_user,24,0.5,1.0,0.5,7.0,49.0,0.23547090941494786,0.8363790531435455,0.75390625,8.18757739559151,1.9459101490553132,0.4916666666666667,0.49408796230951946,0.18068617001809678,1.0,2.0,0.10526315789473684,0.0,1.0,1.6094379124341003
7b,goodreads,cold_start_user,25,1.0,1.0,0.0,7.0,49.0,0.23547090941494786,0.8363790531435455,0.75390625,8.18757739559151,1.9459101490553132,0.4916666666666667,0.723910641670227,0.16866797691909677,1.0,3.0,0.0,0.0,1.0,0.6931471805599453
7b,goodreads,cold_start_user,26,1.0,1.0,0.0,7.0,49.0,0.23547090941494786,0.8363790531435455,0.75390625,8.18757739559151,1.9459101490553132,0.475,0.5232250491778055,0.17190484715748153,1.0,3.0,0.0,0.0,1.0,0.6931471805599453
7b,goodreads,cold_start_user,27,1.0,1.0,0.0,7.0,49.0,0.23547090941494786,0.8363790531435455,0.75390625,7.617759576608505,0.6931471805599453,0.4916666666666667,0.549220464626948,0.1844188290288788,1.0,3.0,0.0,0.0,1.0,0.6931471805599453
7b,goodreads,cold_start_user,28,1.0,1.0,0.0,7.0,49.0,0.23547090941494786,0.8363790531435455,0.75390625,8.206037762778815,1.9459101490553132,0.4958333333333333,0.741730773448944,0.16811896506424853,1.0,3.0,0.0,0.0,1.0,1.6094379124341003
7b,goodreads,cold_start_user,29,0.0,0.43067655807339306,0.43067655807339306,7.0,49.0,0.23547090941494786,0.8363790531435455,0.75390625,8.206037762778815,1.9459101490553132,0.4916666666666667,0.5152858177820842,0.17732235428203535,1.0,3.0,0.0,0.0,1.0,1.3862943611198906
7b,goodreads,cold_start_user,30,1.0,1.0,0.0,7.0,49.0,0.23547090941494786,0.8363790531435455,0.75390625,8.206037762778815,1.9459101490553132,0.4916666666666667,0.7333873331546783,0.167573376940489,1.0,3.0,0.0,0.0,1.0,0.6931471805599453
7b,goodreads,cold_start_user,31,1.0,1.0,0.0,7.0,49.0,0.23547090941494786,0.8363790531435455,0.75390625,5.908082938168931,0.6931471805599453,0.4875,0.7366674780845642,0.17998256802642634,1.0,3.0,0.0,0.0,1.0,2.302585092994046
7b,goodreads,cold_start_user,32,1.0,1.0,0.0,7.0,49.0,0.23547090941494786,0.8363790531435455,0.75390625,6.0063531596017325,0.6931471805599453,0.4833333333333333,0.7203906178474426,0.1763065022618522,1.0,3.0,0.0,0.0,1.0,0.6931471805599453
7b,goodreads,cold_start_user,33,1.0,1.0,0.0,7.0,49.0,0.23547090941494786,0.8363790531435455,0.75390625,8.287780027088433,2.1972245773362196,0.4833333333333333,0.4900236109892526,0.1785423700873029,1.0,3.0,0.0,0.0,1.0,0.6931471805599453
7b,goodreads,cold_start_user,34,1.0,1.0,0.0,7.0,49.0,0.23547090941494786,0.8363790531435455,0.75390625,8.287780027088433,2.1972245773362196,0.4875,0.5411463538805644,0.1783629965471289,1.0,3.0,0.0,0.0,1.0,1.791759469228055
7b,goodreads,cold_start_user,35,1.0,1.0,0.0,7.0,49.0,0.23547090941494786,0.8363790531435455,0.75390625,8.287780027088433,2.1972245773362196,0.4833333333333333,0.5452110449473063,0.17295963242092596,1.0,3.0,0.0,0.0,1.0,1.3862943611198906
7b,goodreads,cold_start_user,36,1.0,1.0,0.0,7.0,49.0,0.23547090941494786,0.8363790531435455,0.75390625,6.964135612418245,1.0986122886681096,0.4958333333333333,0.5021491448084512,0.17540191447350373,1.0,3.0,0.0,0.0,1.0,0.6931471805599453
7b,goodreads,cold_start_user,37,1.0,1.0,0.0,7.0,49.0,0.23547090941494786,0.8363790531435455,0.75390625,6.964135612418245,1.0986122886681096,0.4916666666666667,0.5624151984850565,0.17916498065417766,1.0,3.0,0.0,0.0,1.0,0.6931471805599453
7b,goodreads,cold_start_user,38,1.0,1.0,0.0,7.0,49.0,0.23547090941494786,0.8363790531435455,0.75390625,6.244166900663736,0.6931471805599453,0.4791666666666667,0.5505344609419504,0.18505714069284923,1.0,2.0,0.05263157894736842,0.0,1.0,1.0986122886681096
7b,goodreads,cold_start_user,39,1.0,1.0,0.0,7.0,49.0,0.23547090941494786,0.8363790531435455,0.75390625,5.948034989180646,0.6931471805599453,0.4875,0.7136550188064575,0.18768563627984386,1.0,3.0,0.0,0.0,1.0,2.0794415416798357
7b,goodreads,cold_start_user,40,1.0,1.0,0.0,7.0,49.0,0.23547090941494786,0.8363790531435455,0.75390625,6.0063531596017325,0.6931471805599453,0.4958333333333333,0.7594568490982055,0.1885028528204223,1.0,3.0,0.0,0.0,1.0,4.418840607796598
7b,goodreads,cold_start_user,41,1.0,1.0,0.0,7.0,49.0,0.23547090941494786,0.8363790531435455,0.75390625,7.450660796211539,1.6094379124341003,0.4916666666666667,0.4905253450075784,0.18337072980473404,1.0,3.0,0.0,0.0,1.0,1.0986122886681096
7b,goodreads,cold_start_user,42,0.0,1.0,1.0,7.0,49.0,0.23547090941494786,0.8363790531435455,0.75390625,7.450660796211539,1.6094379124341003,0.4875,0.7237127125263214,0.17081612558580622,1.0,3.0,0.0,0.0,1.0,1.3862943611198906
7b,goodreads,cold_start_user,43,0.5,1.0,0.5,7.0,49.0,0.23547090941494786,0.8363790531435455,0.75390625,7.450660796211539,1.6094379124341003,0.4875,0.48731365005175264,0.18071311238687007,1.0,3.0,0.0,0.0,1.0,1.0986122886681096
7b,goodreads,cold_start_user,44,1.0,1.0,0.0,7.0,49.0,0.23547090941494786,0.8363790531435455,0.75390625,6.874198495453294,1.0986122886681096,0.4958333333333333,0.756350940465927,0.1841375205361863,1.0,3.0,0.0,0.0,1.0,1.3862943611198906
7b,goodreads,cold_start_user,45,1.0,1.0,0.0,7.0,49.0,0.23547090941494786,0.8363790531435455,0.75390625,7.543273346705446,1.0986122886681096,0.4958333333333333,0.7548447012901306,0.17532051989227732,1.0,3.0,0.0,0.0,1.0,0.6931471805599453
7b,goodreads,cold_start_user,46,1.0,1.0,0.0,7.0,49.0,0.23547090941494786,0.8363790531435455,0.75390625,7.543273346705446,1.0986122886681096,0.475,0.5359342495600382,0.18615054175579054,1.0,3.0,0.0,0.0,1.0,1.0986122886681096
7b,goodreads,cold_start_user,47,1.0,1.0,0.0,7.0,49.0,0.23547090941494786,0.8363790531435455,0.75390625,6.054439346269371,0.6931471805599453,0.4875,0.7658470332622527,0.1767066725465768,1.0,3.0,0.0,0.0,1.0,0.6931471805599453
7b,goodreads,cold_start_user,48,1.0,1.0,0.0,7.0,49.0,0.23547090941494786,0.8363790531435455,0.75390625,7.698936199813447,1.6094379124341003,0.4875,0.7749390244483947,0.18229979899701976,1.0,3.0,0.0,0.0,1.0,0.6931471805599453
7b,goodreads,cold_start_user,49,1.0,1.0,0.0,7.0,49.0,0.23547090941494786,0.8363790531435455,0.75390625,7.698936199813447,1.6094379124341003,0.4916666666666667,0.5947283426920573,0.1906552699931304,1.0,3.0,0.0,0.0,1.0,0.6931471805599453
7b,goodreads,cold_start_user,50,1.0,1.0,0.0,7.0,49.0,0.23547090941494786,0.8363790531435455,0.75390625,7.698936199813447,1.6094379124341003,0.4875,0.6018191913763682,0.1837261548029691,1.0,3.0,0.0,0.0,1.0,1.3862943611198906
7b,goodreads,cold_start_user,51,1.0,1.0,0.0,7.0,49.0,0.23547090941494786,0.8363790531435455,0.75390625,6.192362489474872,0.6931471805599453,0.4833333333333333,0.5346803347269693,0.1823976375450221,1.0,3.0,0.0,0.0,1.0,0.6931471805599453
7b,goodreads,cold_start_user,52,1.0,1.0,0.0,7.0,49.0,0.23547090941494786,0.8363790531435455,0.75390625,8.48714627006394,2.1972245773362196,0.4833333333333333,0.5172163466612497,0.1769971078467405,1.0,2.0,0.05263157894736842,0.0,1.0,1.0986122886681096
7b,goodreads,cold_start_user,53,1.0,1.0,0.0,7.0,49.0,0.23547090941494786,0.8363790531435455,0.75390625,6.470799503782602,0.6931471805599453,0.475,0.5609903017679849,0.18026467128674278,1.0,3.0,0.0,0.0,1.0,3.1780538303479458
7b,goodreads,cold_start_user,54,0.6309297535714575,1.0,0.36907024642854247,7.0,49.0,0.23547090941494786,0.8363790531435455,0.75390625,6.045005314036012,0.6931471805599453,0.4791666666666667,0.7237759768962859,0.17150388695748292,1.0,3.0,0.0,0.0,1.0,1.0986122886681096
7b,goodreads,cold_start_user,55,1.0,1.0,0.0,7.0,49.0,0.23547090941494786,0.8363790531435455,0.75390625,6.558197802812269,0.6931471805599453,0.4791666666666667,0.8065420806407928,0.1863901514437582,1.0,3.0,0.0,0.0,1.0,0.6931471805599453
7b,goodreads,cold_start_user,56,0.0,1.0,1.0,7.0,49.0,0.23547090941494786,0.8363790531435455,0.75390625,8.78216942633238,1.791759469228055,0.4916666666666667,0.5214187781016032,0.1814368665049993,1.0,3.0,0.0,0.0,1.0,2.3978952727983707
7b,goodreads,cold_start_user,57,1.0,1.0,0.0,7.0,49.0,0.23547090941494786,0.8363790531435455,0.75390625,8.78216942633238,1.791759469228055,0.4833333333333333,0.7643221616744995,0.17447525458492652,1.0,3.0,0.0,0.0,1.0,0.6931471805599453
7b,goodreads,cold_start_user,58,0.6309297535714575,1.0,0.36907024642854247,7.0,49.0,0.23547090941494786,0.8363790531435455,0.75390625,8.78216942633238,1.791759469228055,0.4791666666666667,0.570387081305186,0.17478819044019853,1.0,3.0,0.0,0.0,1.0,0.6931471805599453
7b,goodreads,cold_start_user,59,1.0,1.0,0.0,7.0,49.0,0.23547090941494786,0.8363790531435455,0.75390625,9.800513076908299,3.5553480614894135,0.4708333333333333,0.48526317278544095,0.17994182917479187,1.0,3.0,0.0,0.0,1.0,1.6094379124341003
7b,goodreads,cold_start_user,60,0.38685280723454163,1.0,0.6131471927654584,7.0,49.0,0.23547090941494786,0.8363790531435455,0.75390625,8.997765772011208,2.5649493574615367,0.4875,0.5069048623243968,0.18092551667305937,1.0,3.0,0.0,0.0,1.0,3.2188758248682006
7b,goodreads,cold_start_user,61,1.0,1.0,0.0,7.0,49.0,0.23547090941494786,0.8363790531435455,0.75390625,8.997765772011208,2.5649493574615367,0.4916666666666667,0.5254237274328867,0.17505960972880372,1.0,3.0,0.0,0.0,1.0,0.6931471805599453
7b,goodreads,cold_start_user,62,1.0,1.0,0.0,7.0,49.0,0.23547090941494786,0.8363790531435455,0.75390625,7.506042178518122,1.0986122886681096,0.4958333333333333,0.7565456330776215,0.175684258708632,1.0,3.0,0.0,0.0,1.0,0.6931471805599453
7b,goodreads,cold_start_user,63,1.0,1.0,0.0,7.0,49.0,0.23547090941494786,0.8363790531435455,0.75390625,7.506042178518122,1.0986122886681096,0.4875,0.5536656538645426,0.18133580672928146,1.0,3.0,0.0,0.0,1.0,1.0986122886681096
7b,goodreads,cold_start_user,64,0.6309297535714575,1.0,0.36907024642854247,7.0,49.0,0.23547090941494786,0.8363790531435455,0.75390625,7.720905251936779,1.3862943611198906,0.4916666666666667,0.5340624610582987,0.1834200047978636,1.0,3.0,0.0,0.0,1.0,0.6931471805599453
7b,goodreads,cold_start_user,65,1.0,1.0,0.0,7.0,49.0,0.23547090941494786,0.8363790531435455,0.75390625,7.720905251936779,1.3862943611198906,0.4875,0.5291423598925271,0.18907165567298967,1.0,2.0,0.05263157894736842,0.0,1.0,1.0986122886681096
7b,goodreads,cold_start_user,66,1.0,1.0,0.0,7.0,49.0,0.23547090941494786,0.8363790531435455,0.75390625,7.720905251936779,1.3862943611198906,0.4833333333333333,0.5460365931193033,0.18222752651343416,1.0,3.0,0.0,0.0,1.0,1.0986122886681096
7b,goodreads,cold_start_user,67,0.6309297535714575,1.0,0.36907024642854247,7.0,49.0,0.23547090941494786,0.8363790531435455,0.75390625,6.07993319509559,0.6931471805599453,0.4833333333333333,0.7369449257850647,0.1739814949159223,1.0,3.0,0.0,0.0,1.0,3.1780538303479458
7b,goodreads,cold_start_user,68,1.0,1.0,0.0,7.0,49.0,0.23547090941494786,0.8363790531435455,0.75390625,10.225571051705241,3.713572066704308,0.4958333333333333,0.5194429735342662,0.18198983207654973,1.0,3.0,0.0,0.0,1.0,1.0986122886681096
7b,goodreads,cold_start_user,69,1.0,1.0,0.0,7.0,49.0,0.23547090941494786,0.8363790531435455,0.75390625,5.963579343618446,0.6931471805599453,0.4875,0.7601042985916137,0.17985920725651808,1.0,3.0,0.0,0.0,1.0,0.6931471805599453
7b,goodreads,cold_start_user,70,0.0,0.6309297535714575,0.6309297535714575,7.0,49.0,0.23547090941494786,0.8363790531435455,0.75390625,6.885509670034818,1.0986122886681096,0.475,0.7089208841323853,0.17005208971102503,1.0,3.0,0.0,0.0,1.0,1.0986122886681096
7b,goodreads,cold_start_user,71,1.0,1.0,0.0,7.0,49.0,0.23547090941494786,0.8363790531435455,0.75390625,6.885509670034818,1.0986122886681096,0.4916666666666667,0.7390150010585783,0.17731393833903938,1.0,3.0,0.0,0.0,1.0,0.6931471805599453
7b,goodreads,cold_start_user,72,1.0,1.0,0.0,7.0,49.0,0.23547090941494786,0.8363790531435455,0.75390625,6.424869023905388,0.6931471805599453,0.4875,0.5606067458788553,0.18178760566771004,1.0,3.0,0.0,0.0,1.0,0.6931471805599453
7b,goodreads,cold_start_user,73,0.0,0.0,0.0,7.0,49.0,0.23547090941494786,0.8363790531435455,0.75390625,7.428927194802272,0.6931471805599453,0.4875,0.7709497213363646,0.1796662128215021,1.0,3.0,0.0,0.0,1.0,0.6931471805599453
7b,goodreads,cold_start_user,74,0.6309297535714575,1.0,0.36907024642854247,7.0,49.0,0.23547090941494786,0.8363790531435455,0.75390625,7.585788821732034,1.3862943611198906,0.4833333333333333,0.5203720370928445,0.19001810660573348,1.0,2.0,0.05263157894736842,0.0,1.0,1.0986122886681096
7b,goodreads,cold_start_user,75,1.0,1.0,0.0,7.0,49.0,0.23547090941494786,0.8363790531435455,0.75390625,7.585788821732034,1.3862943611198906,0.4875,0.6064342180887857,0.1816649600350534,1.0,3.0,0.0,0.0,1.0,1.0986122886681096
7b,goodreads,cold_start_user,76,0.6309297535714575,1.0,0.36907024642854247,7.0,49.0,0.23547090941494786,0.8363790531435455,0.75390625,7.585788821732034,1.3862943611198906,0.4916666666666667,0.75195574760437,0.17829621483419278,1.0,3.0,0.0,0.0,1.0,0.6931471805599453
7b,goodreads,cold_start_user,77,0.43067655807339306,0.0,-0.43067655807339306,7.0,49.0,0.23547090941494786,0.8363790531435455,0.75390625,7.5766097669730375,0.6931471805599453,0.4791666666666667,0.47289672295252483,0.19213996417624277,1.0,2.0,0.05263157894736842,0.0,1.0,1.9459101490553132
7b,goodreads,cold_start_user,78,1.0,1.0,0.0,7.0,49.0,0.23547090941494786,0.8363790531435455,0.75390625,7.7279755421055585,1.3862943611198906,0.4916666666666667,0.5217961291472116,0.17812768416894448,1.0,3.0,0.0,0.0,1.0,2.4849066497880004
7b,goodreads,cold_start_user,79,1.0,1.0,0.0,7.0,49.0,0.23547090941494786,0.8363790531435455,0.75390625,7.7279755421055585,1.3862943611198906,0.4875,0.47705464760462446,0.19022065558295126,1.0,3.0,0.0,0.0,1.0,0.6931471805599453
7b,goodreads,cold_start_user,80,1.0,1.0,0.0,7.0,49.0,0.23547090941494786,0.8363790531435455,0.75390625,7.7279755421055585,1.3862943611198906,0.4916666666666667,0.7356207370758057,0.17106042751210346,1.0,3.0,0.0,0.0,1.0,0.6931471805599453
7b,goodreads,cold_start_user,81,1.0,1.0,0.0,7.0,49.0,0.23547090941494786,0.8363790531435455,0.75390625,7.270312886079025,1.0986122886681096,0.4958333333333333,0.5177788416544595,0.1811876115365829,1.0,3.0,0.0,0.0,1.0,1.0986122886681096
7b,goodreads,cold_start_user,82,1.0,1.0,0.0,7.0,49.0,0.23547090941494786,0.8363790531435455,0.75390625,7.270312886079025,1.0986122886681096,0.4833333333333333,0.6124943832556407,0.1813409459668977,1.0,3.0,0.0,0.0,1.0,1.3862943611198906
7b,goodreads,cold_start_user,83,1.0,1.0,0.0,7.0,49.0,0.23547090941494786,0.8363790531435455,0.75390625,6.150602768446279,0.6931471805599453,0.4791666666666667,0.5684061626593272,0.18141117516522298,1.0,3.0,0.0,0.0,1.0,0.6931471805599453
7b,goodreads,cold_start_user,84,0.6309297535714575,1.0,0.36907024642854247,7.0,49.0,0.23547090941494786,0.8363790531435455,0.75390625,6.947937068614969,1.0986122886681096,0.4958333333333333,0.4883481780687967,0.20188018665692828,1.0,2.0,0.05263157894736842,0.0,1.0,2.3978952727983707
7b,goodreads,cold_start_user,85,0.0,1.0,1.0,7.0,49.0,0.23547090941494786,0.8363790531435455,0.75390625,6.947937068614969,1.0986122886681096,0.4875,0.6177856663862864,0.1882488523027832,1.0,3.0,0.0,0.0,1.0,0.6931471805599453
7b,goodreads,cold_start_user,86,1.0,1.0,0.0,7.0,49.0,0.23547090941494786,0.8363790531435455,0.75390625,8.314832179284556,1.3862943611198906,0.4916666666666667,0.7169236660003662,0.17113829221399052,1.0,3.0,0.0,0.0,1.0,1.6094379124341003
7b,goodreads,cold_start_user,87,1.0,1.0,0.0,7.0,49.0,0.23547090941494786,0.8363790531435455,0.75390625,8.314832179284556,1.3862943611198906,0.4875,0.5337979237238566,0.1772189076843561,1.0,3.0,0.0,0.0,1.0,0.6931471805599453
7b,goodreads,cold_start_user,88,1.0,1.0,0.0,7.0,49.0,0.23547090941494786,0.8363790531435455,0.75390625,8.314832179284556,1.3862943611198906,0.4875,0.7188912451267242,0.17043405638733225,1.0,3.0,0.0,0.0,1.0,1.3862943611198906
7b,goodreads,cold_start_user,89,1.0,1.0,0.0,7.0,49.0,0.23547090941494786,0.8363790531435455,0.75390625,9.823578169307826,3.4011973816621555,0.4833333333333333,0.5885230700174967,0.16938545966138335,1.0,3.0,0.0,0.0,1.0,0.6931471805599453
7b,goodreads,cold_start_user,90,0.0,1.0,1.0,7.0,49.0,0.23547090941494786,0.8363790531435455,0.75390625,7.808729306744399,1.0986122886681096,0.4875,0.7400967180728911,0.17152888004358596,1.0,3.0,0.0,0.0,1.0,0.6931471805599453
7b,goodreads,cold_start_user,91,1.0,1.0,0.0,7.0,49.0,0.23547090941494786,0.8363790531435455,0.75390625,7.808729306744399,1.0986122886681096,0.4875,0.7486185252666473,0.16890902332596894,1.0,3.0,0.0,0.0,1.0,0.6931471805599453
7b,goodreads,cold_start_user,92,1.0,1.0,0.0,7.0,49.0,0.23547090941494786,0.8363790531435455,0.75390625,6.375024819828097,0.6931471805599453,0.4833333333333333,0.711626410484314,0.18735260495551606,1.0,3.0,0.0,0.0,1.0,3.4657359027997265
7b,goodreads,cold_start_user,93,1.0,1.0,0.0,7.0,49.0,0.23547090941494786,0.8363790531435455,0.75390625,7.009408932708637,1.0986122886681096,0.4833333333333333,0.7513206005096436,0.1717392074072982,1.0,3.0,0.0,0.0,1.0,0.6931471805599453
7b,goodreads,cold_start_user,94,1.0,1.0,0.0,7.0,49.0,0.23547090941494786,0.8363790531435455,0.75390625,7.009408932708637,1.0986122886681096,0.4875,0.5632787088553111,0.1717765917628279,1.0,3.0,0.0,0.0,1.0,0.6931471805599453
7b,goodreads,cold_start_user,95,1.0,1.0,0.0,7.0,49.0,0.23547090941494786,0.8363790531435455,0.75390625,6.075346031088684,0.6931471805599453,0.4875,0.7719460725784301,0.1775862784644656,1.0,3.0,0.0,0.0,1.0,0.6931471805599453
7b,goodreads,cold_start_user,96,1.0,1.0,0.0,7.0,49.0,0.23547090941494786,0.8363790531435455,0.75390625,8.15708378502887,1.3862943611198906,0.4875,0.5697937409083048,0.17867585804581654,1.0,3.0,0.0,0.0,1.0,0.6931471805599453
7b,goodreads,cold_start_user,97,1.0,1.0,0.0,7.0,49.0,0.23547090941494786,0.8363790531435455,0.75390625,8.15708378502887,1.3862943611198906,0.4916666666666667,0.5753948549429576,0.18023466863766274,1.0,3.0,0.0,0.0,1.0,3.295836866004329
7b,goodreads,cold_start_user,98,1.0,1.0,0.0,7.0,49.0,0.23547090941494786,0.8363790531435455,0.75390625,8.15708378502887,1.3862943611198906,0.4916666666666667,0.5422556261221568,0.18187546646099373,1.0,3.0,0.0,0.0,1.0,0.6931471805599453
7b,goodreads,cold_start_user,99,1.0,1.0,0.0,7.0,49.0,0.23547090941494786,0.8363790531435455,0.75390625,7.788211557847076,1.3862943611198906,0.4791666666666667,0.5335595289866129,0.185648892928194,1.0,3.0,0.0,0.0,1.0,1.0986122886681096
7b,goodreads,cold_start_user,100,1.0,1.0,0.0,7.0,49.0,0.23547090941494786,0.8363790531435455,0.75390625,7.788211557847076,1.3862943611198906,0.4875,0.6319677035013834,0.1767818168040581,1.0,3.0,0.0,0.0,1.0,1.0986122886681096
7b,goodreads,cold_start_user,101,1.0,1.0,0.0,7.0,49.0,0.23547090941494786,0.8363790531435455,0.75390625,7.788211557847076,1.3862943611198906,0.4916666666666667,0.5459500829378764,0.1881498205509523,1.0,3.0,0.0,0.0,1.0,1.0986122886681096
7b,goodreads,cold_start_user,102,1.0,1.0,0.0,7.0,49.0,0.23547090941494786,0.8363790531435455,0.75390625,6.259581464064923,0.6931471805599453,0.5,0.601567671696345,0.1859228509899274,1.0,3.0,0.0,0.0,1.0,0.6931471805599453
7b,goodreads,cold_start_user,103,1.0,1.0,0.0,7.0,49.0,0.23547090941494786,0.8363790531435455,0.75390625,6.828712071641684,0.6931471805599453,0.4833333333333333,0.47431954542795807,0.19831060420911378,1.0,2.0,0.05263157894736842,0.0,1.0,3.044522437723423
7b,goodreads,cold_start_user,104,0.0,1.0,1.0,7.0,49.0,0.23547090941494786,0.8363790531435455,0.75390625,7.494986233950533,1.6094379124341003,0.5,0.5245371500651042,0.17570428213414988,1.0,3.0,0.0,0.0,1.0,0.6931471805599453
7b,goodreads,cold_start_user,105,1.0,1.0,0.0,7.0,49.0,0.23547090941494786,0.8363790531435455,0.75390625,7.494986233950533,1.6094379124341003,0.4875,0.544549826780955,0.17718894283535405,1.0,3.0,0.0,0.0,1.0,0.6931471805599453
7b,goodreads,cold_start_user,106,0.6309297535714575,1.0,0.36907024642854247,7.0,49.0,0.23547090941494786,0.8363790531435455,0.75390625,7.494986233950533,1.6094379124341003,0.475,0.5790972332159678,0.17822139108889298,1.0,3.0,0.0,0.0,1.0,0.6931471805599453
7b,goodreads,cold_start_user,107,1.0,1.0,0.0,7.0,49.0,0.23547090941494786,0.8363790531435455,0.75390625,6.695798917058491,1.0986122886681096,0.4958333333333333,0.5163265685240428,0.1943121151739532,1.0,2.0,0.10526315789473684,0.0,1.0,0.6931471805599453
7b,goodreads,cold_start_user,108,1.0,1.0,0.0,7.0,49.0,0.23547090941494786,0.8363790531435455,0.75390625,6.695798917058491,1.0986122886681096,0.5,0.7697511851787567,0.17778834088144216,1.0,3.0,0.0,0.0,1.0,1.0986122886681096
7b,goodreads,cold_start_user,109,1.0,1.0,0.0,7.0,49.0,0.23547090941494786,0.8363790531435455,0.75390625,7.313220387090301,1.0986122886681096,0.4916666666666667,0.7407247304916382,0.17078622041910002,1.0,3.0,0.0,0.0,1.0,0.6931471805599453
7b,goodreads,cold_start_user,110,1.0,1.0,0.0,7.0,49.0,0.23547090941494786,0.8363790531435455,0.75390625,7.313220387090301,1.0986122886681096,0.4958333333333333,0.7377547025680542,0.17150523501846351,1.0,3.0,0.0,0.0,1.0,0.6931471805599453
7b,goodreads,cold_start_user,111,1.0,1.0,0.0,7.0,49.0,0.23547090941494786,0.8363790531435455,0.75390625,6.4967749901858625,0.6931471805599453,0.4791666666666667,0.5182166318098704,0.1902428789540365,1.0,2.0,0.05263157894736842,0.0,1.0,1.0986122886681096
7b,goodreads,cold_start_user,112,1.0,1.0,0.0,7.0,49.0,0.23547090941494786,0.8363790531435455,0.75390625,6.792344427470809,1.0986122886681096,0.4916666666666667,0.7587524294853211,0.17164971073608395,1.0,3.0,0.0,0.0,1.0,0.6931471805599453
7b,goodreads,cold_start_user,113,1.0,1.0,0.0,7.0,49.0,0.23547090941494786,0.8363790531435455,0.75390625,6.792344427470809,1.0986122886681096,0.4916666666666667,0.7620147109031677,0.1738410805794842,1.0,3.0,0.0,0.0,1.0,0.6931471805599453
7b,goodreads,cold_start_user,114,1.0,1.0,0.0,7.0,49.0,0.23547090941494786,0.8363790531435455,0.75390625,7.717796211013582,1.3862943611198906,0.4916666666666667,0.7865775942802429,0.18526062740716878,1.0,3.0,0.0,0.0,1.0,1.791759469228055
7b,goodreads,cold_start_user,115,0.0,1.0,1.0,7.0,49.0,0.23547090941494786,0.8363790531435455,0.75390625,7.717796211013582,1.3862943611198906,0.4958333333333333,0.7933995068073273,0.18461081047390715,1.0,3.0,0.0,0.0,1.0,2.1972245773362196
7b,goodreads,cold_start_user,116,1.0,1.0,0.0,7.0,49.0,0.23547090941494786,0.8363790531435455,0.75390625,7.717796211013582,1.3862943611198906,0.4916666666666667,0.8075727462768554,0.18481866321438012,1.0,3.0,0.0,0.0,1.0,1.9459101490553132
7b,goodreads,cold_start_user,117,1.0,1.0,0.0,7.0,49.0,0.23547090941494786,0.8363790531435455,0.75390625,6.8001700683022,0.6931471805599453,0.4791666666666667,0.7620636165142058,0.1840694304899421,1.0,3.0,0.0,0.0,1.0,0.6931471805599453
7b,goodreads,cold_start_user,118,1.0,1.0,0.0,7.0,49.0,0.23547090941494786,0.8363790531435455,0.75390625,6.9440872082295275,1.0986122886681096,0.4916666666666667,0.5690673450628916,0.17044055723585005,1.0,3.0,0.0,0.0,1.0,0.6931471805599453
7b,goodreads,cold_start_user,119,1.0,1.0,0.0,7.0,49.0,0.23547090941494786,0.8363790531435455,0.75390625,6.9440872082295275,1.0986122886681096,0.4875,0.5376760045687357,0.17673422311053666,1.0,3.0,0.0,0.0,1.0,0.6931471805599453
7b,goodreads,cold_start_user,120,1.0,1.0,0.0,7.0,49.0,0.23547090941494786,0.8363790531435455,0.75390625,6.175867270105761,0.6931471805599453,0.475,0.5425964991251628,0.1752993727546065,1.0,3.0,0.0,0.0,1.0,1.0986122886681096
7b,goodreads,cold_start_user,121,0.6309297535714575,0.6309297535714575,0.0,7.0,49.0,0.23547090941494786,0.8363790531435455,0.75390625,7.59488438721652,1.791759469228055,0.4833333333333333,0.6067496637503305,0.18884298936389884,1.0,3.0,0.0,0.0,1.0,1.0986122886681096
7b,goodreads,cold_start_user,122,1.0,1.0,0.0,7.0,49.0,0.23547090941494786,0.8363790531435455,0.75390625,7.59488438721652,1.791759469228055,0.4875,0.6247369954983394,0.18883300216943838,1.0,3.0,0.0,0.0,1.0,0.6931471805599453
7b,goodreads,cold_start_user,123,1.0,1.0,0.0,7.0,49.0,0.23547090941494786,0.8363790531435455,0.75390625,7.59488438721652,1.791759469228055,0.4916666666666667,0.6089863220850626,0.1929455045445273,1.0,3.0,0.0,0.0,1.0,1.0986122886681096
7b,goodreads,cold_start_user,124,0.0,1.0,1.0,7.0,49.0,0.23547090941494786,0.8363790531435455,0.75390625,8.826147399143558,2.4849066497880004,0.4833333333333333,0.5313923398653666,0.17950139189106906,1.0,3.0,0.0,0.0,1.0,0.6931471805599453
7b,goodreads,cold_start_user,125,1.0,1.0,0.0,7.0,49.0,0.23547090941494786,0.8363790531435455,0.75390625,8.826147399143558,2.4849066497880004,0.4833333333333333,0.5124385098616282,0.18830248093779398,1.0,3.0,0.0,0.0,1.0,0.6931471805599453
7b,goodreads,cold_start_user,126,1.0,1.0,0.0,7.0,49.0,0.23547090941494786,0.8363790531435455,0.75390625,8.203851372183879,1.0986122886681096,0.4791666666666667,0.5086500147978463,0.19671385565354885,1.0,2.0,0.05263157894736842,0.0,1.0,0.6931471805599453
7b,goodreads,cold_start_user,127,1.0,1.0,0.0,7.0,49.0,0.23547090941494786,0.8363790531435455,0.75390625,8.203851372183879,1.0986122886681096,0.4958333333333333,0.760965609550476,0.17607946985426895,1.0,3.0,0.0,0.0,1.0,1.791759469228055
7b,goodreads,cold_start_user,128,1.0,1.0,0.0,7.0,49.0,0.23547090941494786,0.8363790531435455,0.75390625,9.237663667625073,2.1972245773362196,0.4958333333333333,0.5118681649367015,0.17499716278628405,1.0,3.0,0.0,0.0,1.0,3.044522437723423
7b,goodreads,cold_start_user,129,1.0,1.0,0.0,7.0,49.0,0.23547090941494786,0.8363790531435455,0.75390625,9.237663667625073,2.1972245773362196,0.4875,0.532893983523051,0.1827993727193108,1.0,3.0,0.0,0.0,1.0,1.0986122886681096
7b,goodreads,cold_start_user,130,1.0,1.0,0.0,7.0,49.0,0.23547090941494786,0.8363790531435455,0.75390625,9.237663667625073,2.1972245773362196,0.4708333333333333,0.5778003851572673,0.17801192921727077,1.0,3.0,0.0,0.0,1.0,0.6931471805599453
7b,goodreads,cold_start_user,131,0.0,1.0,1.0,7.0,49.0,0.23547090941494786,0.8363790531435455,0.75390625,7.8013913202914855,1.3862943611198906,0.4916666666666667,0.7397972583770751,0.17346119488625636,1.0,3.0,0.0,0.0,1.0,0.6931471805599453
7b,goodreads,cold_start_user,132,1.0,1.0,0.0,7.0,49.0,0.23547090941494786,0.8363790531435455,0.75390625,7.8013913202914855,1.3862943611198906,0.4916666666666667,0.5185541431109111,0.18273373541996835,1.0,2.0,0.05263157894736842,0.0,1.0,0.6931471805599453
7b,goodreads,cold_start_user,133,1.0,1.0,0.0,7.0,49.0,0.23547090941494786,0.8363790531435455,0.75390625,7.8013913202914855,1.3862943611198906,0.4958333333333333,0.732774555683136,0.17188142098712708,1.0,3.0,0.0,0.0,1.0,0.6931471805599453
7b,goodreads,cold_start_user,134,0.5,1.0,0.5,7.0,49.0,0.23547090941494786,0.8363790531435455,0.75390625,7.552762084214147,1.6094379124341003,0.475,0.5278536478678384,0.19163863552635282,1.0,3.0,0.0,0.0,1.0,0.6931471805599453
7b,goodreads,cold_start_user,135,1.0,1.0,0.0,7.0,49.0,0.23547090941494786,0.8363790531435455,0.75390625,7.552762084214147,1.6094379124341003,0.4875,0.5198261539141337,0.1881813041811796,1.0,2.0,0.05263157894736842,0.0,1.0,1.0986122886681096
7b,goodreads,cold_start_user,136,1.0,1.0,0.0,7.0,49.0,0.23547090941494786,0.8363790531435455,0.75390625,7.552762084214147,1.6094379124341003,0.4916666666666667,0.5469737390677134,0.18087746389945528,1.0,3.0,0.0,0.0,1.0,0.6931471805599453
7b,goodreads,cold_start_user,137,1.0,1.0,0.0,7.0,49.0,0.23547090941494786,0.8363790531435455,0.75390625,8.384118837190895,1.0986122886681096,0.4791666666666667,0.7865900754928589,0.17951722487735153,1.0,3.0,0.0,0.0,1.0,0.6931471805599453
7b,goodreads,cold_start_user,138,1.0,1.0,0.0,7.0,49.0,0.23547090941494786,0.8363790531435455,0.75390625,8.384118837190895,1.0986122886681096,0.4833333333333333,0.5532351235548656,0.1846653256211409,1.0,3.0,0.0,0.0,1.0,1.3862943611198906
7b,goodreads,cold_start_user,139,1.0,1.0,0.0,7.0,49.0,0.23547090941494786,0.8363790531435455,0.75390625,5.8971538676367405,0.6931471805599453,0.4875,0.7528011798858643,0.17785052139924576,1.0,3.0,0.0,0.0,1.0,0.6931471805599453
7b,goodreads,cold_start_user,140,1.0,1.0,0.0,7.0,49.0,0.23547090941494786,0.8363790531435455,0.75390625,6.748759547491679,1.0986122886681096,0.4916666666666667,0.7502546906471252,0.17412372411226168,1.0,3.0,0.0,0.0,1.0,2.1972245773362196
7b,goodreads,cold_start_user,141,1.0,1.0,0.0,7.0,49.0,0.23547090941494786,0.8363790531435455,0.75390625,7.474204806496124,1.3862943611198906,0.4791666666666667,0.5188236693541209,0.1897461593814066,1.0,3.0,0.0,0.0,1.0,0.6931471805599453
7b,goodreads,cold_start_user,142,1.0,1.0,0.0,7.0,49.0,0.23547090941494786,0.8363790531435455,0.75390625,7.474204806496124,1.3862943611198906,0.5,0.7571719646453857,0.1720335979403727,1.0,3.0,0.0,0.0,1.0,0.6931471805599453
7b,goodreads,cold_start_user,143,1.0,1.0,0.0,7.0,49.0,0.23547090941494786,0.8363790531435455,0.75390625,7.474204806496124,1.3862943611198906,0.4875,0.7508299350738525,0.17639141974123032,1.0,3.0,0.0,0.0,1.0,1.6094379124341003
7b,goodreads,cold_start_user,144,0.0,0.0,0.0,7.0,49.0,0.23547090941494786,0.8363790531435455,0.75390625,8.031710375322042,1.6094379124341003,0.4958333333333333,0.558435837427775,0.1766512962423886,1.0,3.0,0.0,0.0,1.0,1.0986122886681096
7b,goodreads,cold_start_user,145,0.6309297535714575,0.5,-0.13092975357145753,7.0,49.0,0.23547090941494786,0.8363790531435455,0.75390625,8.031710375322042,1.6094379124341003,0.4875,0.5266143600145976,0.1809340463840416,1.0,3.0,0.0,0.0,1.0,1.0986122886681096
7b,goodreads,cold_start_user,146,1.0,1.0,0.0,7.0,49.0,0.23547090941494786,0.8363790531435455,0.75390625,8.031710375322042,1.6094379124341003,0.4916666666666667,0.5347890714804332,0.18691955467386479,1.0,3.0,0.0,0.0,1.0,0.6931471805599453
7b,goodreads,cold_start_user,147,1.0,1.0,0.0,7.0,49.0,0.23547090941494786,0.8363790531435455,0.75390625,6.618738983517219,0.6931471805599453,0.4958333333333333,0.7642872393131256,0.1776190879971524,1.0,3.0,0.0,0.0,1.0,0.6931471805599453
7b,goodreads,cold_start_user,148,0.6309297535714575,1.0,0.36907024642854247,7.0,49.0,0.23547090941494786,0.8363790531435455,0.75390625,7.2485040723706105,1.0986122886681096,0.4916666666666667,0.7551626682281494,0.1748845044814766,1.0,3.0,0.0,0.0,1.0,2.4849066497880004
7b,goodreads,cold_start_user,149,1.0,1.0,0.0,7.0,49.0,0.23547090941494786,0.8363790531435455,0.75390625,7.2485040723706105,1.0986122886681096,0.4916666666666667,0.7563966095447541,0.17813796772538432,1.0,3.0,0.0,0.0,1.0,1.0986122886681096
7b,goodreads,cold_start_user,150,1.0,1.0,0.0,7.0,49.0,0.23547090941494786,0.8363790531435455,0.75390625,7.372118028337787,1.6094379124341003,0.4916666666666667,0.7463954746723174,0.17422737657656764,1.0,3.0,0.0,0.0,1.0,0.6931471805599453
7b,goodreads,cold_start_user,151,1.0,1.0,0.0,7.0,49.0,0.23547090941494786,0.8363790531435455,0.75390625,7.372118028337787,1.6094379124341003,0.4791666666666667,0.515007762114207,0.18460667514195891,1.0,3.0,0.0,0.0,1.0,0.6931471805599453
7b,goodreads,cold_start_user,152,1.0,1.0,0.0,7.0,49.0,0.23547090941494786,0.8363790531435455,0.75390625,7.372118028337787,1.6094379124341003,0.4791666666666667,0.5459966639677682,0.17353238820289504,1.0,3.0,0.0,0.0,1.0,0.6931471805599453
7b,goodreads,cold_start_user,153,1.0,1.0,0.0,7.0,49.0,0.23547090941494786,0.8363790531435455,0.75390625,7.115582126184454,1.0986122886681096,0.4875,0.7669424653053283,0.1809045402100675,1.0,3.0,0.0,0.0,1.0,0.6931471805599453
7b,goodreads,cold_start_user,154,1.0,1.0,0.0,7.0,49.0,0.23547090941494786,0.8363790531435455,0.75390625,7.115582126184454,1.0986122886681096,0.4875,0.7703874588012695,0.1803752729163366,1.0,3.0,0.0,0.0,1.0,1.0986122886681096
7b,goodreads,cold_start_user,155,1.0,1.0,0.0,7.0,49.0,0.23547090941494786,0.8363790531435455,0.75390625,9.011035410141815,1.9459101490553132,0.4916666666666667,0.5211623946825663,0.18422802361863697,1.0,3.0,0.0,0.0,1.0,0.6931471805599453
7b,goodreads,cold_start_user,156,0.6309297535714575,1.0,0.36907024642854247,7.0,49.0,0.23547090941494786,0.8363790531435455,0.75390625,9.011035410141815,1.9459101490553132,0.4916666666666667,0.49946554104487106,0.19312773461456287,1.0,2.0,0.05263157894736842,0.0,1.0,0.6931471805599453
7b,goodreads,cold_start_user,157,1.0,1.0,0.0,7.0,49.0,0.23547090941494786,0.8363790531435455,0.75390625,9.011035410141815,1.9459101490553132,0.5,0.5449134985605875,0.18222666960809,1.0,3.0,0.0,0.0,1.0,1.6094379124341003
7b,goodreads,cold_start_user,158,1.0,1.0,0.0,7.0,49.0,0.23547090941494786,0.8363790531435455,0.75390625,8.231376045573969,1.6094379124341003,0.4916666666666667,0.5387184182802836,0.18342655004002,1.0,3.0,0.0,0.0,1.0,1.3862943611198906
7b,goodreads,cold_start_user,159,0.6309297535714575,1.0,0.36907024642854247,7.0,49.0,0.23547090941494786,0.8363790531435455,0.75390625,8.231376045573969,1.6094379124341003,0.4791666666666667,0.54980073372523,0.18291932685970533,1.0,3.0,0.0,0.0,1.0,1.3862943611198906
7b,goodreads,cold_start_user,160,0.6309297535714575,1.0,0.36907024642854247,7.0,49.0,0.23547090941494786,0.8363790531435455,0.75390625,8.231376045573969,1.6094379124341003,0.4875,0.5192467252413432,0.18196482791702923,1.0,3.0,0.0,0.0,1.0,1.0986122886681096
7b,goodreads,cold_start_user,161,1.0,1.0,0.0,7.0,49.0,0.23547090941494786,0.8363790531435455,0.75390625,6.295266001439646,0.6931471805599453,0.4958333333333333,0.8021690249443054,0.18468800154650203,1.0,3.0,0.0,0.0,1.0,0.6931471805599453
7b,goodreads,cold_start_user,162,1.0,1.0,0.0,7.0,49.0,0.23547090941494786,0.8363790531435455,0.75390625,5.958424693029782,0.6931471805599453,0.4958333333333333,0.5490068892637889,0.18178461917995692,1.0,3.0,0.0,0.0,1.0,0.6931471805599453
7b,goodreads,cold_start_user,163,1.0,1.0,0.0,7.0,49.0,0.23547090941494786,0.8363790531435455,0.75390625,6.7912214627261855,0.6931471805599453,0.475,0.5534650067488353,0.18546019772783007,1.0,3.0,0.0,0.0,1.0,2.8903717578961645
7b,goodreads,cold_start_user,164,1.0,1.0,0.0,7.0,49.0,0.23547090941494786,0.8363790531435455,0.75390625,7.744569809354496,1.791759469228055,0.4833333333333333,0.4879392663637796,0.20003958660410756,1.0,2.0,0.10526315789473684,0.0,1.0,0.6931471805599453
7b,goodreads,cold_start_user,165,1.0,1.0,0.0,7.0,49.0,0.23547090941494786,0.8363790531435455,0.75390625,7.744569809354496,1.791759469228055,0.4916666666666667,0.5334743420282999,0.1856730906541744,1.0,3.0,0.0,0.0,1.0,1.0986122886681096
7b,goodreads,cold_start_user,166,1.0,1.0,0.0,7.0,49.0,0.23547090941494786,0.8363790531435455,0.75390625,7.744569809354496,1.791759469228055,0.4916666666666667,0.55563671986262,0.18764037804464004,1.0,3.0,0.0,0.0,1.0,0.6931471805599453
7b,goodreads,cold_start_user,167,1.0,1.0,0.0,7.0,49.0,0.23547090941494786,0.8363790531435455,0.75390625,7.421775793644647,0.6931471805599453,0.4875,0.8245316207408905,0.185190958599442,1.0,3.0,0.0,0.0,1.0,1.0986122886681096
7b,goodreads,cold_start_user,168,1.0,1.0,0.0,7.0,49.0,0.23547090941494786,0.8363790531435455,0.75390625,9.032170186304704,2.833213344056216,0.4875,0.5145820955435434,0.18707726885307305,1.0,3.0,0.0,0.0,1.0,0.6931471805599453
7b,goodreads,cold_start_user,169,1.0,1.0,0.0,7.0,49.0,0.23547090941494786,0.8363790531435455,0.75390625,8.395251520610994,2.302585092994046,0.4875,0.5141304115454356,0.1829396744137768,1.0,3.0,0.0,0.0,1.0,1.0986122886681096
7b,goodreads,cold_start_user,170,1.0,1.0,0.0,7.0,49.0,0.23547090941494786,0.8363790531435455,0.75390625,8.395251520610994,2.302585092994046,0.4875,0.511449615160624,0.1859917880235044,1.0,3.0,0.0,0.0,1.0,0.6931471805599453
7b,goodreads,cold_start_user,171,1.0,1.0,0.0,7.0,49.0,0.23547090941494786,0.8363790531435455,0.75390625,8.395251520610994,2.302585092994046,0.5,0.5332544187704721,0.18593994294580632,1.0,3.0,0.0,0.0,1.0,1.0986122886681096
7b,goodreads,cold_start_user,172,1.0,1.0,0.0,7.0,49.0,0.23547090941494786,0.8363790531435455,0.75390625,6.52795791762255,0.6931471805599453,0.4833333333333333,0.5497000435988109,0.18575368451513863,1.0,3.0,0.0,0.0,1.0,0.6931471805599453
7b,goodreads,cold_start_user,173,1.0,1.0,0.0,7.0,49.0,0.23547090941494786,0.8363790531435455,0.75390625,6.251903883165888,0.6931471805599453,0.4916666666666667,0.7782157182693481,0.18017073641209957,1.0,3.0,0.0,0.0,1.0,1.0986122886681096
7b,goodreads,cold_start_user,174,1.0,1.0,0.0,7.0,49.0,0.23547090941494786,0.8363790531435455,0.75390625,6.769641976852503,0.6931471805599453,0.4916666666666667,0.8003195703029633,0.18262161795069967,1.0,3.0,0.0,0.0,1.0,0.6931471805599453
7b,goodreads,cold_start_user,175,0.0,1.0,1.0,7.0,49.0,0.23547090941494786,0.8363790531435455,0.75390625,9.4097648366698,2.8903717578961645,0.4958333333333333,0.5082478443781535,0.18557560669986017,1.0,3.0,0.0,0.0,1.0,0.6931471805599453
7b,goodreads,cold_start_user,176,1.0,1.0,0.0,7.0,49.0,0.23547090941494786,0.8363790531435455,0.75390625,6.375024819828097,0.6931471805599453,0.4875,0.7476568281650542,0.17720770023420188,1.0,3.0,0.0,0.0,1.0,0.6931471805599453
7b,goodreads,cold_start_user,177,1.0,1.0,0.0,7.0,49.0,0.23547090941494786,0.8363790531435455,0.75390625,6.150602768446279,0.6931471805599453,0.4916666666666667,0.747683846950531,0.17822268210461534,1.0,3.0,0.0,0.0,1.0,1.3862943611198906
7b,goodreads,cold_start_user,178,1.0,1.0,0.0,7.0,49.0,0.23547090941494786,0.8363790531435455,0.75390625,6.311734809152915,0.6931471805599453,0.4875,0.8017788350582122,0.18378700006836865,1.0,3.0,0.0,0.0,1.0,0.6931471805599453
7b,goodreads,cold_start_user,179,1.0,1.0,0.0,7.0,49.0,0.23547090941494786,0.8363790531435455,0.75390625,6.309918278226516,0.6931471805599453,0.4875,0.7482542276382445,0.16964682594464744,1.0,3.0,0.0,0.0,1.0,3.58351893845611
7b,goodreads,cold_start_user,180,0.6309297535714575,1.0,0.36907024642854247,7.0,49.0,0.23547090941494786,0.8363790531435455,0.75390625,6.674561391814426,0.6931471805599453,0.4791666666666667,0.7499075591564178,0.17550770040304497,1.0,3.0,0.0,0.0,1.0,3.1780538303479458
7b,goodreads,cold_start_user,181,1.0,1.0,0.0,7.0,49.0,0.23547090941494786,0.8363790531435455,0.75390625,6.874198495453294,1.0986122886681096,0.4958333333333333,0.5015093843142192,0.20083619064133218,1.0,3.0,0.0,0.0,1.0,2.4849066497880004
7b,goodreads,cold_start_user,182,1.0,1.0,0.0,7.0,49.0,0.23547090941494786,0.8363790531435455,0.75390625,6.874198495453294,1.0986122886681096,0.4833333333333333,0.7254100680351258,0.18222196657899098,1.0,3.0,0.0,0.0,1.0,1.791759469228055
7b,goodreads,cold_start_user,183,0.6309297535714575,1.0,0.36907024642854247,7.0,49.0,0.23547090941494786,0.8363790531435455,0.75390625,6.970730078143525,0.6931471805599453,0.4916666666666667,0.5803563157717387,0.18248393258950033,1.0,3.0,0.0,0.0,1.0,0.6931471805599453
7b,goodreads,cold_start_user,184,1.0,1.0,0.0,7.0,49.0,0.23547090941494786,0.8363790531435455,0.75390625,6.38856140554563,0.6931471805599453,0.4916666666666667,0.522867618004481,0.19059591443871993,1.0,3.0,0.0,0.0,1.0,0.6931471805599453
7b,goodreads,cold_start_user,185,1.0,1.0,0.0,7.0,49.0,0.23547090941494786,0.8363790531435455,0.75390625,6.71295620067707,0.6931471805599453,0.4875,0.5857892374197642,0.18730069452525755,1.0,3.0,0.0,0.0,1.0,0.6931471805599453
7b,goodreads,cold_start_user,186,1.0,1.0,0.0,7.0,49.0,0.23547090941494786,0.8363790531435455,0.75390625,5.916202062607435,0.6931471805599453,0.4958333333333333,0.7527005434036255,0.1774321995908984,1.0,3.0,0.0,0.0,1.0,0.6931471805599453
7b,goodreads,cold_start_user,187,0.43067655807339306,1.0,0.5693234419266069,7.0,49.0,0.23547090941494786,0.8363790531435455,0.75390625,8.38958706681109,1.791759469228055,0.4916666666666667,0.5353136936823526,0.17687749152830803,1.0,3.0,0.0,0.0,1.0,0.6931471805599453
7b,goodreads,cold_start_user,188,1.0,1.0,0.0,7.0,49.0,0.23547090941494786,0.8363790531435455,0.75390625,6.263398262591624,0.6931471805599453,0.4958333333333333,0.7440001726150511,0.17198688915973007,1.0,3.0,0.0,0.0,1.0,1.0986122886681096
7b,goodreads,cold_start_user,189,1.0,1.0,0.0,7.0,49.0,0.23547090941494786,0.8363790531435455,0.75390625,6.880384082186005,1.0986122886681096,0.4833333333333333,0.5355893174807231,0.18168273729104753,1.0,3.0,0.0,0.0,1.0,0.6931471805599453
7b,goodreads,cold_start_user,190,0.6309297535714575,1.0,0.36907024642854247,7.0,49.0,0.23547090941494786,0.8363790531435455,0.75390625,6.880384082186005,1.0986122886681096,0.4875,0.7463221073150634,0.17262271873403306,1.0,3.0,0.0,0.0,1.0,4.204692619390966
7b,goodreads,cold_start_user,191,1.0,1.0,0.0,7.0,49.0,0.23547090941494786,0.8363790531435455,0.75390625,6.023447592961033,0.6931471805599453,0.4916666666666667,0.7407359778881073,0.17064432469797122,1.0,3.0,0.0,0.0,1.0,1.3862943611198906
7b,goodreads,cold_start_user,192,1.0,1.0,0.0,7.0,49.0,0.23547090941494786,0.8363790531435455,0.75390625,6.736966958001855,0.6931471805599453,0.4916666666666667,0.5338013390700023,0.18870700793933137,1.0,3.0,0.0,0.0,1.0,3.4011973816621555
7b,goodreads,cold_start_user,193,0.6309297535714575,1.0,0.36907024642854247,7.0,49.0,0.23547090941494786,0.8363790531435455,0.75390625,8.32845106681936,1.9459101490553132,0.4791666666666667,0.5105109135309855,0.1753754637385496,1.0,3.0,0.0,0.0,1.0,1.0986122886681096
7b,goodreads,cold_start_user,194,1.0,1.0,0.0,7.0,49.0,0.23547090941494786,0.8363790531435455,0.75390625,8.32845106681936,1.9459101490553132,0.4916666666666667,0.5767130533854166,0.1679266586966494,1.0,3.0,0.0,0.0,1.0,1.0986122886681096
7b,goodreads,cold_start_user,195,0.0,1.0,1.0,7.0,49.0,0.23547090941494786,0.8363790531435455,0.75390625,8.32845106681936,1.9459101490553132,0.4875,0.724842405319214,0.16718185321312493,1.0,3.0,0.0,0.0,1.0,0.6931471805599453
7b,goodreads,cold_start_user,196,1.0,1.0,0.0,7.0,49.0,0.23547090941494786,0.8363790531435455,0.75390625,7.239214973779806,0.6931471805599453,0.4833333333333333,0.7497396528720854,0.18027966792988764,1.0,3.0,0.0,0.0,1.0,1.6094379124341003
7b,goodreads,cold_start_user,197,1.0,1.0,0.0,7.0,49.0,0.23547090941494786,0.8363790531435455,0.75390625,6.8658910748834385,1.0986122886681096,0.4916666666666667,0.7702098965644837,0.1746209875675651,1.0,3.0,0.0,0.0,1.0,0.6931471805599453
7b,goodreads,cold_start_user,198,0.0,1.0,1.0,7.0,49.0,0.23547090941494786,0.8363790531435455,0.75390625,6.8658910748834385,1.0986122886681096,0.4958333333333333,0.7673633396625519,0.17750294768962066,1.0,3.0,0.0,0.0,1.0,0.6931471805599453
7b,goodreads,cold_start_user,199,1.0,1.0,0.0,7.0,49.0,0.23547090941494786,0.8363790531435455,0.75390625,6.368187186350492,0.6931471805599453,0.4916666666666667,0.7363924622535705,0.16927633150769192,1.0,3.0,0.0,0.0,1.0,1.791759469228055
7b,goodreads,cold_start_user,200,1.0,1.0,0.0,7.0,49.0,0.23547090941494786,0.8363790531435455,0.75390625,8.552174160311482,1.9459101490553132,0.4916666666666667,0.548956964413325,0.17558173838671426,1.0,3.0,0.0,0.0,1.0,0.6931471805599453
7b,goodreads,cold_start_user,201,0.43067655807339306,1.0,0.5693234419266069,7.0,49.0,0.23547090941494786,0.8363790531435455,0.75390625,8.552174160311482,1.9459101490553132,0.4791666666666667,0.4906713465849558,0.1737550981508392,1.0,3.0,0.0,0.0,1.0,1.0986122886681096
7b,goodreads,cold_start_user,202,1.0,1.0,0.0,7.0,49.0,0.23547090941494786,0.8363790531435455,0.75390625,6.650279048587422,0.6931471805599453,0.475,0.7528499782085418,0.18185527059521653,1.0,3.0,0.0,0.0,1.0,0.6931471805599453
7b,goodreads,cold_start_user,203,1.0,1.0,0.0,7.0,49.0,0.23547090941494786,0.8363790531435455,0.75390625,6.129050210060545,0.6931471805599453,0.4791666666666667,0.7608679056167602,0.17455720763226173,1.0,3.0,0.0,0.0,1.0,0.6931471805599453
7b,goodreads,cold_start_user,204,1.0,1.0,0.0,7.0,49.0,0.23547090941494786,0.8363790531435455,0.75390625,6.278521424165844,0.6931471805599453,0.4833333333333333,0.7613735020160675,0.17584987639973745,1.0,3.0,0.0,0.0,1.0,0.6931471805599453
7b,goodreads,cold_start_user,205,1.0,1.0,0.0,7.0,49.0,0.23547090941494786,0.8363790531435455,0.75390625,6.095824562432225,0.6931471805599453,0.4791666666666667,0.7511413574218749,0.17893245694592289,1.0,3.0,0.0,0.0,1.0,0.6931471805599453
7b,goodreads,cold_start_user,206,0.5,0.6309297535714575,0.13092975357145753,7.0,49.0,0.23547090941494786,0.8363790531435455,0.75390625,6.137727054086234,0.6931471805599453,0.4875,0.8464223980903625,0.19318198507439227,1.0,3.0,0.0,0.0,1.0,1.3862943611198906
7b,goodreads,cold_start_user,207,1.0,1.0,0.0,7.0,49.0,0.23547090941494786,0.8363790531435455,0.75390625,6.297109319933935,0.6931471805599453,0.4875,0.7550574004650116,0.18053860411069186,1.0,3.0,0.0,0.0,1.0,1.6094379124341003
7b,goodreads,cold_start_user,208,0.43067655807339306,1.0,0.5693234419266069,7.0,49.0,0.23547090941494786,0.8363790531435455,0.75390625,6.068425588244111,0.6931471805599453,0.4916666666666667,0.7416791856288909,0.179991091453424,1.0,3.0,0.0,0.0,1.0,1.0986122886681096
7b,goodreads,cold_start_user,209,1.0,1.0,0.0,7.0,49.0,0.23547090941494786,0.8363790531435455,0.75390625,6.115892125483034,0.6931471805599453,0.5,0.5920070270697275,0.18152554787314473,1.0,3.0,0.0,0.0,1.0,1.0986122886681096
7b,goodreads,cold_start_user,210,1.0,1.0,0.0,7.0,49.0,0.23547090941494786,0.8363790531435455,0.75390625,7.520234556474628,1.0986122886681096,0.4916666666666667,0.7331010341644287,0.17038601503793277,1.0,3.0,0.0,0.0,1.0,1.3862943611198906
7b,goodreads,cold_start_user,211,1.0,1.0,0.0,7.0,49.0,0.23547090941494786,0.8363790531435455,0.75390625,7.520234556474628,1.0986122886681096,0.4833333333333333,0.523034683863322,0.18275871122981396,1.0,3.0,0.0,0.0,1.0,0.6931471805599453
7b,goodreads,cold_start_user,212,1.0,1.0,0.0,7.0,49.0,0.23547090941494786,0.8363790531435455,0.75390625,6.648984550024776,0.6931471805599453,0.4875,0.7403161585330964,0.1767965982398582,1.0,3.0,0.0,0.0,1.0,0.6931471805599453
7b,goodreads,cold_start_user,213,1.0,1.0,0.0,7.0,49.0,0.23547090941494786,0.8363790531435455,0.75390625,6.154858094016418,0.6931471805599453,0.475,0.5115542213122051,0.18275862701195245,1.0,3.0,0.0,0.0,1.0,0.6931471805599453
7b,goodreads,cold_start_user,214,1.0,1.0,0.0,7.0,49.0,0.23547090941494786,0.8363790531435455,0.75390625,6.082218910376446,0.6931471805599453,0.4916666666666667,0.6497235248486202,0.1925981334756558,1.0,3.0,0.0,0.0,1.0,1.3862943611198906
7b,goodreads,cold_start_user,215,1.0,1.0,0.0,7.0,49.0,0.23547090941494786,0.8363790531435455,0.75390625,6.135564891081739,0.6931471805599453,0.4916666666666667,0.5606940964857736,0.18178620719528535,1.0,3.0,0.0,0.0,1.0,1.0986122886681096
7b,goodreads,cold_start_user,216,1.0,1.0,0.0,7.0,49.0,0.23547090941494786,0.8363790531435455,0.75390625,6.023447592961033,0.6931471805599453,0.4875,0.741867870092392,0.17585027088684493,1.0,3.0,0.0,0.0,1.0,0.6931471805599453
7b,goodreads,cold_start_user,217,1.0,1.0,0.0,7.0,49.0,0.23547090941494786,0.8363790531435455,0.75390625,6.313548046277095,0.6931471805599453,0.4958333333333333,0.752859079837799,0.17291401730365963,1.0,3.0,0.0,0.0,1.0,0.6931471805599453
7b,goodreads,cold_start_user,218,1.0,1.0,0.0,7.0,49.0,0.23547090941494786,0.8363790531435455,0.75390625,6.431331081933479,0.6931471805599453,0.475,0.761750602722168,0.18311981948520661,1.0,3.0,0.0,0.0,1.0,2.8903717578961645
7b,goodreads,cold_start_user,219,1.0,1.0,0.0,7.0,49.0,0.23547090941494786,0.8363790531435455,0.75390625,5.991464547107982,0.6931471805599453,0.475,0.7693114638328551,0.18077063920498207,1.0,3.0,0.0,0.0,1.0,0.6931471805599453
7b,goodreads,cold_start_user,220,1.0,1.0,0.0,7.0,49.0,0.23547090941494786,0.8363790531435455,0.75390625,6.410174881966167,0.6931471805599453,0.4833333333333333,0.7681765139102936,0.18141300724405876,1.0,3.0,0.0,0.0,1.0,3.2188758248682006
7b,goodreads,cold_start_user,221,0.0,1.0,1.0,7.0,49.0,0.23547090941494786,0.8363790531435455,0.75390625,6.249975242259483,0.6931471805599453,0.475,0.7431923091411591,0.17324460418002724,1.0,3.0,0.0,0.0,1.0,3.9318256327243257
7b,goodreads,cold_start_user,222,1.0,1.0,0.0,7.0,49.0,0.23547090941494786,0.8363790531435455,0.75390625,7.076653815443951,0.6931471805599453,0.4958333333333333,0.7645781874656677,0.1814899148803079,1.0,3.0,0.0,0.0,1.0,1.0986122886681096
7b,goodreads,cold_start_user,223,1.0,1.0,0.0,7.0,49.0,0.23547090941494786,0.8363790531435455,0.75390625,8.569595870209286,2.5649493574615367,0.4875,0.5175389806429544,0.18037733995121238,1.0,3.0,0.0,0.0,1.0,1.6094379124341003
7b,goodreads,cold_start_user,224,0.6309297535714575,1.0,0.36907024642854247,7.0,49.0,0.23547090941494786,0.8363790531435455,0.75390625,8.569595870209286,2.5649493574615367,0.4958333333333333,0.5014751414457957,0.18379245244345926,1.0,3.0,0.0,0.0,1.0,1.0986122886681096
7b,goodreads,cold_start_user,225,1.0,0.6309297535714575,-0.36907024642854247,7.0,49.0,0.23547090941494786,0.8363790531435455,0.75390625,6.942156705699469,1.0986122886681096,0.4875,0.5171585003534952,0.18322173494751684,1.0,2.0,0.05263157894736842,0.0,1.0,0.6931471805599453
7b,goodreads,cold_start_user,226,1.0,1.0,0.0,7.0,49.0,0.23547090941494786,0.8363790531435455,0.75390625,6.942156705699469,1.0986122886681096,0.475,0.7571581244468689,0.17327246944915575,1.0,3.0,0.0,0.0,1.0,0.6931471805599453
7b,goodreads,cold_start_user,227,1.0,1.0,0.0,7.0,49.0,0.23547090941494786,0.8363790531435455,0.75390625,6.272877006546167,0.6931471805599453,0.4916666666666667,0.7693231403827666,0.17506954566518082,1.0,3.0,0.0,0.0,1.0,0.6931471805599453
7b,goodreads,cold_start_user,228,0.43067655807339306,0.0,-0.43067655807339306,7.0,49.0,0.23547090941494786,0.8363790531435455,0.75390625,6.988413181999592,1.0986122886681096,0.4916666666666667,0.5127321044603983,0.1779305390390692,1.0,3.0,0.0,0.0,1.0,1.3862943611198906
7b,goodreads,cold_start_user,229,1.0,1.0,0.0,7.0,49.0,0.23547090941494786,0.8363790531435455,0.75390625,6.988413181999592,1.0986122886681096,0.4916666666666667,0.519502447048823,0.17784339604378885,1.0,2.0,0.05263157894736842,0.0,1.0,2.0794415416798357
7b,goodreads,cold_start_user,230,0.0,1.0,1.0,7.0,49.0,0.23547090941494786,0.8363790531435455,0.75390625,6.102558594613569,0.6931471805599453,0.4875,0.7680642545223236,0.1820782025769794,1.0,3.0,0.0,0.0,1.0,0.6931471805599453
7b,goodreads,cold_start_user,231,1.0,1.0,0.0,7.0,49.0,0.23547090941494786,0.8363790531435455,0.75390625,7.018401799069201,0.6931471805599453,0.4875,0.5526088456312815,0.19224721271045028,1.0,2.0,0.05263157894736842,0.0,1.0,1.0986122886681096
7b,goodreads,cold_start_user,232,1.0,1.0,0.0,7.0,49.0,0.23547090941494786,0.8363790531435455,0.75390625,7.1891677384203225,0.6931471805599453,0.4958333333333333,0.7500691354274749,0.18671999878574946,1.0,3.0,0.0,0.0,1.0,1.0986122886681096
7b,goodreads,cold_start_user,233,1.0,1.0,0.0,7.0,49.0,0.23547090941494786,0.8363790531435455,0.75390625,6.129050210060545,0.6931471805599453,0.4833333333333333,0.7638584077358246,0.17725333622690437,1.0,3.0,0.0,0.0,1.0,0.6931471805599453
7b,goodreads,cold_start_user,234,1.0,1.0,0.0,7.0,49.0,0.23547090941494786,0.8363790531435455,0.75390625,6.411818267709897,0.6931471805599453,0.4833333333333333,0.7528801262378692,0.17610837091008782,1.0,3.0,0.0,0.0,1.0,1.0986122886681096
7b,goodreads,cold_start_user,235,0.6309297535714575,1.0,0.36907024642854247,7.0,49.0,0.23547090941494786,0.8363790531435455,0.75390625,8.585412430393381,1.6094379124341003,0.4916666666666667,0.5504563192526498,0.17615094844331625,1.0,3.0,0.0,0.0,1.0,0.6931471805599453
7b,goodreads,cold_start_user,236,0.0,0.5,0.5,7.0,49.0,0.23547090941494786,0.8363790531435455,0.75390625,8.585412430393381,1.6094379124341003,0.4958333333333333,0.7527025818824769,0.17155727553310354,1.0,3.0,0.0,0.0,1.0,0.6931471805599453
7b,goodreads,cold_start_user,237,1.0,1.0,0.0,7.0,49.0,0.23547090941494786,0.8363790531435455,0.75390625,8.585412430393381,1.6094379124341003,0.4875,0.5758664945761363,0.17585378303359733,1.0,3.0,0.0,0.0,1.0,1.0986122886681096
7b,goodreads,cold_start_user,238,0.6309297535714575,0.6309297535714575,0.0,7.0,49.0,0.23547090941494786,0.8363790531435455,0.75390625,6.246106765481563,0.6931471805599453,0.4875,0.7391630411148071,0.18561629124578596,1.0,3.0,0.0,0.0,1.0,1.6094379124341003
7b,goodreads,cold_start_user,239,1.0,1.0,0.0,7.0,49.0,0.23547090941494786,0.8363790531435455,0.75390625,5.961005339623274,0.6931471805599453,0.4875,0.5544785777727763,0.1777763994102881,1.0,3.0,0.0,0.0,1.0,2.1972245773362196
7b,goodreads,cold_start_user,240,1.0,1.0,0.0,7.0,49.0,0.23547090941494786,0.8363790531435455,0.75390625,6.175867270105761,0.6931471805599453,0.4875,0.5090917030970254,0.20436372933472932,1.0,2.0,0.05263157894736842,0.0,1.0,0.6931471805599453
7b,goodreads,cold_start_user,241,1.0,1.0,0.0,7.0,49.0,0.23547090941494786,0.8363790531435455,0.75390625,6.126869184114185,0.6931471805599453,0.4791666666666667,0.7588314652442931,0.17968880429974174,1.0,3.0,0.0,0.0,1.0,0.6931471805599453
7b,goodreads,cold_start_user,242,1.0,1.0,0.0,7.0,49.0,0.23547090941494786,0.8363790531435455,0.75390625,7.552762084214147,1.0986122886681096,0.4875,0.5208164612452189,0.1790902997961402,1.0,2.0,0.05263157894736842,0.0,1.0,0.6931471805599453
7b,goodreads,cold_start_user,243,1.0,1.0,0.0,7.0,49.0,0.23547090941494786,0.8363790531435455,0.75390625,7.552762084214147,1.0986122886681096,0.4833333333333333,0.5071666280428568,0.1783662200859253,1.0,3.0,0.0,0.0,1.0,1.0986122886681096
7b,goodreads,cold_start_user,244,1.0,1.0,0.0,7.0,49.0,0.23547090941494786,0.8363790531435455,0.75390625,6.318968113746434,0.6931471805599453,0.5,0.7730653405189513,0.17599250267073113,1.0,3.0,0.0,0.0,1.0,2.1972245773362196
7b,goodreads,cold_start_user,245,1.0,1.0,0.0,7.0,49.0,0.23547090941494786,0.8363790531435455,0.75390625,7.781138509845015,0.6931471805599453,0.4916666666666667,0.7825177669525146,0.18667284746536283,1.0,3.0,0.0,0.0,1.0,0.6931471805599453
7b,goodreads,cold_start_user,246,1.0,1.0,0.0,7.0,49.0,0.23547090941494786,0.8363790531435455,0.75390625,8.020927718981577,0.6931471805599453,0.4958333333333333,0.5267118136088054,0.1915966258091404,1.0,3.0,0.0,0.0,1.0,1.0986122886681096
7b,goodreads,cold_start_user,247,1.0,1.0,0.0,7.0,49.0,0.23547090941494786,0.8363790531435455,0.75390625,6.92461239604856,1.0986122886681096,0.475,0.5293970445791879,0.1853943359152898,1.0,3.0,0.0,0.0,1.0,0.6931471805599453
7b,goodreads,cold_start_user,248,1.0,1.0,0.0,7.0,49.0,0.23547090941494786,0.8363790531435455,0.75390625,6.92461239604856,1.0986122886681096,0.4916666666666667,0.7506693065166473,0.1784699731180709,1.0,3.0,0.0,0.0,1.0,0.6931471805599453
7b,goodreads,cold_start_user,249,0.0,1.0,1.0,7.0,49.0,0.23547090941494786,0.8363790531435455,0.75390625,5.910796644040527,0.6931471805599453,0.475,0.7449694156646729,0.1713233689439882,1.0,3.0,0.0,0.0,1.0,1.0986122886681096
7b,goodreads,cold_start_user,250,1.0,1.0,0.0,7.0,49.0,0.23547090941494786,0.8363790531435455,0.75390625,6.423246963533519,0.6931471805599453,0.4833333333333333,0.7710875868797302,0.17830815981393008,1.0,3.0,0.0,0.0,1.0,1.0986122886681096
7b,goodreads,cold_start_user,251,0.0,1.0,1.0,7.0,49.0,0.23547090941494786,0.8363790531435455,0.75390625,6.98933526597456,0.6931471805599453,0.4791666666666667,0.5045638124148051,0.17944597869021583,1.0,2.0,0.05263157894736842,0.0,1.0,0.6931471805599453
7b,goodreads,cold_start_user,252,0.6309297535714575,1.0,0.36907024642854247,7.0,49.0,0.23547090941494786,0.8363790531435455,0.75390625,6.934397209928558,1.0986122886681096,0.4875,0.7660945117473602,0.17428699289731453,1.0,3.0,0.0,0.0,1.0,1.791759469228055
7b,goodreads,cold_start_user,253,1.0,1.0,0.0,7.0,49.0,0.23547090941494786,0.8363790531435455,0.75390625,6.934397209928558,1.0986122886681096,0.4875,0.550426689783732,0.18253157999120018,1.0,3.0,0.0,0.0,1.0,0.6931471805599453
7b,goodreads,cold_start_user,254,0.6309297535714575,1.0,0.36907024642854247,7.0,49.0,0.23547090941494786,0.8363790531435455,0.75390625,7.140453043101158,1.0986122886681096,0.4833333333333333,0.7629024863243102,0.1713585393735213,1.0,3.0,0.0,0.0,1.0,0.6931471805599453
7b,goodreads,cold_start_user,255,0.0,0.6309297535714575,0.6309297535714575,7.0,49.0,0.23547090941494786,0.8363790531435455,0.75390625,7.140453043101158,1.0986122886681096,0.4791666666666667,0.7479737043380738,0.17340215925792818,1.0,3.0,0.0,0.0,1.0,0.6931471805599453
7b,goodreads,cold_start_user,256,1.0,1.0,0.0,7.0,49.0,0.23547090941494786,0.8363790531435455,0.75390625,6.369900982828227,0.6931471805599453,0.475,0.7596886098384857,0.1785069712258449,1.0,3.0,0.0,0.0,1.0,0.6931471805599453
7b,goodreads,cold_start_user,257,0.43067655807339306,1.0,0.5693234419266069,7.0,49.0,0.23547090941494786,0.8363790531435455,0.75390625,6.665683717782408,1.0986122886681096,0.4875,0.4924338618914287,0.19970719333200102,1.0,3.0,0.0,0.0,1.0,1.791759469228055
7b,goodreads,cold_start_user,258,1.0,1.0,0.0,7.0,49.0,0.23547090941494786,0.8363790531435455,0.75390625,6.6320017773956295,1.0986122886681096,0.4916666666666667,0.7397328853607178,0.17373170743988786,1.0,3.0,0.0,0.0,1.0,0.6931471805599453
7b,goodreads,cold_start_user,259,0.0,1.0,1.0,7.0,49.0,0.23547090941494786,0.8363790531435455,0.75390625,6.6320017773956295,1.0986122886681096,0.4958333333333333,0.5294605950514476,0.18584826594988027,1.0,3.0,0.0,0.0,1.0,0.6931471805599453
7b,goodreads,cold_start_user,260,1.0,1.0,0.0,7.0,49.0,0.23547090941494786,0.8363790531435455,0.75390625,6.434546518787453,0.6931471805599453,0.4916666666666667,0.6067532936731974,0.18095342004417264,1.0,3.0,0.0,0.0,1.0,2.1972245773362196
7b,goodreads,cold_start_user,261,1.0,1.0,0.0,7.0,49.0,0.23547090941494786,0.8363790531435455,0.75390625,6.85751406254539,1.0986122886681096,0.475,0.7197943806648254,0.18426037965416114,1.0,3.0,0.0,0.0,1.0,1.791759469228055
7b,goodreads,cold_start_user,262,1.0,1.0,0.0,7.0,49.0,0.23547090941494786,0.8363790531435455,0.75390625,6.85751406254539,1.0986122886681096,0.4791666666666667,0.4804482499758401,0.21561663297277409,1.0,2.0,0.05263157894736842,0.0,1.0,2.0794415416798357
7b,goodreads,cold_start_user,263,1.0,1.0,0.0,7.0,49.0,0.23547090941494786,0.8363790531435455,0.75390625,6.169610732491456,0.6931471805599453,0.4916666666666667,0.7652017116546631,0.1750232034603763,1.0,3.0,0.0,0.0,1.0,0.6931471805599453
7b,goodreads,cold_start_user,264,1.0,1.0,0.0,7.0,49.0,0.23547090941494786,0.8363790531435455,0.75390625,6.400257445308821,0.6931471805599453,0.4958333333333333,0.7570677518844603,0.17936215237936737,1.0,3.0,0.0,0.0,1.0,0.6931471805599453
7b,goodreads,cold_start_user,265,1.0,1.0,0.0,7.0,49.0,0.23547090941494786,0.8363790531435455,0.75390625,7.854381210652365,1.0986122886681096,0.4791666666666667,0.7400832176208496,0.1755673534558548,1.0,3.0,0.0,0.0,1.0,1.0986122886681096
7b,goodreads,cold_start_user,266,1.0,1.0,0.0,7.0,49.0,0.23547090941494786,0.8363790531435455,0.75390625,7.854381210652365,1.0986122886681096,0.4833333333333333,0.7450542986392974,0.1743965516123719,1.0,3.0,0.0,0.0,1.0,1.0986122886681096
7b,goodreads,cold_start_user,267,1.0,1.0,0.0,7.0,49.0,0.23547090941494786,0.8363790531435455,0.75390625,6.2878585601617845,0.6931471805599453,0.4875,0.5114037136236826,0.18545296091739208,1.0,2.0,0.05263157894736842,0.0,1.0,1.0986122886681096
7b,goodreads,cold_start_user,268,0.6309297535714575,1.0,0.36907024642854247,7.0,49.0,0.23547090941494786,0.8363790531435455,0.75390625,6.885509670034818,1.0986122886681096,0.4875,0.5318596879641215,0.17981743857260926,1.0,3.0,0.0,0.0,1.0,0.6931471805599453
7b,goodreads,cold_start_user,269,1.0,1.0,0.0,7.0,49.0,0.23547090941494786,0.8363790531435455,0.75390625,6.885509670034818,1.0986122886681096,0.4875,0.5529123465220133,0.1820737821738272,1.0,3.0,0.0,0.0,1.0,1.0986122886681096
7b,goodreads,cold_start_user,270,0.6309297535714575,1.0,0.36907024642854247,7.0,49.0,0.23547090941494786,0.8363790531435455,0.75390625,6.184148890937483,0.6931471805599453,0.4875,0.7571381866931914,0.17628681076365127,1.0,3.0,0.0,0.0,1.0,1.0986122886681096
7b,goodreads,cold_start_user,271,1.0,1.0,0.0,7.0,49.0,0.23547090941494786,0.8363790531435455,0.75390625,6.450470422144176,0.6931471805599453,0.4875,0.8096602022647856,0.18281248020049293,1.0,3.0,0.0,0.0,1.0,1.0986122886681096
7b,goodreads,cold_start_user,272,1.0,1.0,0.0,7.0,49.0,0.23547090941494786,0.8363790531435455,0.75390625,7.515344571180436,0.6931471805599453,0.4958333333333333,0.7357497692108153,0.17089412086742042,1.0,3.0,0.0,0.0,1.0,3.58351893845611
7b,goodreads,cold_start_user,273,1.0,1.0,0.0,7.0,49.0,0.23547090941494786,0.8363790531435455,0.75390625,6.78332520060396,0.6931471805599453,0.475,0.7606457293033599,0.1826300155546443,1.0,3.0,0.0,0.0,1.0,1.3862943611198906
7b,goodreads,cold_start_user,274,1.0,1.0,0.0,7.0,49.0,0.23547090941494786,0.8363790531435455,0.75390625,6.194405391104672,0.6931471805599453,0.4833333333333333,0.7383273184299468,0.18701675473974524,1.0,3.0,0.0,0.0,1.0,4.418840607796598
7b,goodreads,cold_start_user,275,1.0,1.0,0.0,7.0,49.0,0.23547090941494786,0.8363790531435455,0.75390625,6.037870919922137,0.6931471805599453,0.5,0.760349041223526,0.17472796056918186,1.0,3.0,0.0,0.0,1.0,3.828641396489095
7b,goodreads,cold_start_user,276,0.0,0.0,0.0,7.0,49.0,0.23547090941494786,0.8363790531435455,0.75390625,6.421622267806518,0.6931471805599453,0.4958333333333333,0.7414959013462067,0.17774114291978615,1.0,3.0,0.0,0.0,1.0,0.6931471805599453
7b,goodreads,cold_start_user,277,1.0,1.0,0.0,7.0,49.0,0.23547090941494786,0.8363790531435455,0.75390625,6.459904454377535,0.6931471805599453,0.4958333333333333,0.5184048513571422,0.1845851544651506,1.0,2.0,0.05263157894736842,0.0,1.0,0.6931471805599453
7b,goodreads,cold_start_user,278,1.0,1.0,0.0,7.0,49.0,0.23547090941494786,0.8363790531435455,0.75390625,6.784457062637643,1.0986122886681096,0.4916666666666667,0.7528854727745056,0.17340582671798718,1.0,3.0,0.0,0.0,1.0,1.0986122886681096
7b,goodreads,cold_start_user,279,1.0,1.0,0.0,7.0,49.0,0.23547090941494786,0.8363790531435455,0.75390625,6.784457062637643,1.0986122886681096,0.5,0.5225401560465494,0.18155652097823596,1.0,2.0,0.05263157894736842,0.0,1.0,1.0986122886681096
7b,goodreads,cold_start_user,280,1.0,1.0,0.0,7.0,49.0,0.23547090941494786,0.8363790531435455,0.75390625,9.890452970265668,2.3978952727983707,0.5,0.4947826186815897,0.18983605180700835,1.0,3.0,0.0,0.0,1.0,0.6931471805599453
7b,goodreads,cold_start_user,281,1.0,1.0,0.0,7.0,49.0,0.23547090941494786,0.8363790531435455,0.75390625,9.890452970265668,2.3978952727983707,0.4958333333333333,0.49409189621607463,0.18231318823945372,1.0,3.0,0.0,0.0,1.0,0.6931471805599453
7b,goodreads,cold_start_user,282,1.0,1.0,0.0,7.0,49.0,0.23547090941494786,0.8363790531435455,0.75390625,6.068425588244111,0.6931471805599453,0.4833333333333333,0.7167742490768432,0.18830007157912138,1.0,3.0,0.0,0.0,1.0,3.044522437723423
7b,goodreads,cold_start_user,283,0.6309297535714575,1.0,0.36907024642854247,7.0,49.0,0.23547090941494786,0.8363790531435455,0.75390625,6.056784013228625,0.6931471805599453,0.4875,0.7245628476142884,0.1760859410261912,1.0,3.0,0.0,0.0,1.0,0.6931471805599453
7b,goodreads,cold_start_user,284,1.0,1.0,0.0,7.0,49.0,0.23547090941494786,0.8363790531435455,0.75390625,6.675823221634848,1.0986122886681096,0.4958333333333333,0.5931147436300913,0.17741735915720624,1.0,3.0,0.0,0.0,1.0,0.6931471805599453
7b,goodreads,cold_start_user,285,1.0,1.0,0.0,7.0,49.0,0.23547090941494786,0.8363790531435455,0.75390625,6.675823221634848,1.0986122886681096,0.4875,0.5251883188883463,0.18407696524505496,1.0,2.0,0.05263157894736842,0.0,1.0,0.6931471805599453
7b,goodreads,cold_start_user,286,1.0,1.0,0.0,7.0,49.0,0.23547090941494786,0.8363790531435455,0.75390625,6.018593214496234,0.6931471805599453,0.4958333333333333,0.5591612497965495,0.17908057682869064,1.0,3.0,0.0,0.0,1.0,0.6931471805599453
7b,goodreads,cold_start_user,287,1.0,1.0,0.0,7.0,49.0,0.23547090941494786,0.8363790531435455,0.75390625,6.212606095751519,0.6931471805599453,0.4916666666666667,0.7934841752052306,0.17918736486477815,1.0,3.0,0.0,0.0,1.0,1.0986122886681096
7b,goodreads,cold_start_user,288,1.0,1.0,0.0,7.0,49.0,0.23547090941494786,0.8363790531435455,0.75390625,5.910796644040527,0.6931471805599453,0.4875,0.7946269035339355,0.179921649577678,1.0,3.0,0.0,0.0,1.0,1.0986122886681096
7b,goodreads,cold_start_user,289,1.0,1.0,0.0,7.0,49.0,0.23547090941494786,0.8363790531435455,0.75390625,6.5638555265321274,0.6931471805599453,0.4833333333333333,0.7681501567363739,0.17749736122609888,1.0,3.0,0.0,0.0,1.0,0.6931471805599453
7b,goodreads,cold_start_user,290,1.0,1.0,0.0,7.0,49.0,0.23547090941494786,0.8363790531435455,0.75390625,5.945420608606575,0.6931471805599453,0.475,0.740131640434265,0.17093841783506175,1.0,3.0,0.0,0.0,1.0,1.0986122886681096
7b,goodreads,cold_start_user,291,1.0,1.0,0.0,7.0,49.0,0.23547090941494786,0.8363790531435455,0.75390625,5.993961427306569,0.6931471805599453,0.4875,0.519812528292338,0.17875888188240655,1.0,3.0,0.0,0.0,1.0,0.6931471805599453
7b,goodreads,cold_start_user,292,0.6309297535714575,1.0,0.36907024642854247,7.0,49.0,0.23547090941494786,0.8363790531435455,0.75390625,6.744059186311348,0.6931471805599453,0.4958333333333333,0.7446439027786254,0.17254057262225816,1.0,3.0,0.0,0.0,1.0,0.6931471805599453
7b,goodreads,cold_start_user,293,1.0,1.0,0.0,7.0,49.0,0.23547090941494786,0.8363790531435455,0.75390625,6.5722825426940075,0.6931471805599453,0.4958333333333333,0.773619896173477,0.17491623169800827,1.0,3.0,0.0,0.0,1.0,0.6931471805599453
7b,goodreads,cold_start_user,294,1.0,1.0,0.0,7.0,49.0,0.23547090941494786,0.8363790531435455,0.75390625,6.163314804034641,0.6931471805599453,0.4791666666666667,0.7819648206233978,0.18164449287611903,1.0,3.0,0.0,0.0,1.0,0.6931471805599453
7b,goodreads,cold_start_user,295,1.0,1.0,0.0,7.0,49.0,0.23547090941494786,0.8363790531435455,0.75390625,7.046647277848756,0.6931471805599453,0.4875,0.7633568167686462,0.17802115498135507,1.0,3.0,0.0,0.0,1.0,0.6931471805599453
7b,goodreads,cold_start_user,296,1.0,1.0,0.0,7.0,49.0,0.23547090941494786,0.8363790531435455,0.75390625,6.016157159698354,0.6931471805599453,0.4958333333333333,0.5622594694296518,0.18387622551519855,1.0,3.0,0.0,0.0,1.0,1.0986122886681096
7b,goodreads,cold_start_user,297,0.6309297535714575,1.0,0.36907024642854247,7.0,49.0,0.23547090941494786,0.8363790531435455,0.75390625,6.329720905522696,0.6931471805599453,0.4875,0.738329428434372,0.1720836714512749,1.0,3.0,0.0,0.0,1.0,1.791759469228055
7b,goodreads,cold_start_user,298,1.0,1.0,0.0,7.0,49.0,0.23547090941494786,0.8363790531435455,0.75390625,6.35088571671474,0.6931471805599453,0.4958333333333333,0.5359010795752206,0.1788892513993746,1.0,3.0,0.0,0.0,1.0,1.9459101490553132
7b,goodreads,cold_start_user,299,1.0,1.0,0.0,7.0,49.0,0.23547090941494786,0.8363790531435455,0.75390625,6.059123195581797,0.6931471805599453,0.4833333333333333,0.6414468089739482,0.19531370488057057,1.0,3.0,0.0,0.0,1.0,2.302585092994046
7b,goodreads,cold_start_user,300,1.0,1.0,0.0,7.0,49.0,0.23547090941494786,0.8363790531435455,0.75390625,5.883322388488279,0.6931471805599453,0.4916666666666667,0.7514930486679076,0.17101188533511558,1.0,3.0,0.0,0.0,1.0,1.0986122886681096
7b,goodreads,cold_start_user,301,0.0,1.0,1.0,7.0,49.0,0.23547090941494786,0.8363790531435455,0.75390625,5.910796644040527,0.6931471805599453,0.4916666666666667,0.49441445867220546,0.18233215751845036,1.0,2.0,0.05263157894736842,0.0,1.0,0.6931471805599453
7b,goodreads,cold_start_user,302,1.0,1.0,0.0,7.0,49.0,0.23547090941494786,0.8363790531435455,0.75390625,6.423246963533519,0.6931471805599453,0.4875,0.5321628491083781,0.19624249945644892,1.0,2.0,0.10526315789473684,0.0,1.0,0.6931471805599453
7b,goodreads,cold_start_user,303,1.0,1.0,0.0,7.0,49.0,0.23547090941494786,0.8363790531435455,0.75390625,6.612041034833092,0.6931471805599453,0.4791666666666667,0.7730516791343689,0.18129039332686422,1.0,3.0,0.0,0.0,1.0,0.6931471805599453
7b,goodreads,cold_start_user,304,1.0,1.0,0.0,7.0,49.0,0.23547090941494786,0.8363790531435455,0.75390625,6.284134161070802,0.6931471805599453,0.4875,0.7768395841121674,0.17848773934692408,1.0,3.0,0.0,0.0,1.0,0.6931471805599453
7b,goodreads,cold_start_user,305,1.0,1.0,0.0,7.0,49.0,0.23547090941494786,0.8363790531435455,0.75390625,7.347299700743164,0.6931471805599453,0.4916666666666667,0.7863149344921112,0.1784516752944929,1.0,3.0,0.0,0.0,1.0,1.6094379124341003
7b,goodreads,cold_start_user,306,1.0,1.0,0.0,7.0,49.0,0.23547090941494786,0.8363790531435455,0.75390625,5.942799375126701,0.6931471805599453,0.4833333333333333,0.7771549582481384,0.1786686415556058,1.0,3.0,0.0,0.0,1.0,0.6931471805599453
7b,goodreads,cold_start_user,307,1.0,1.0,0.0,7.0,49.0,0.23547090941494786,0.8363790531435455,0.75390625,6.7650389767805414,0.6931471805599453,0.4833333333333333,0.5035687307516734,0.17752211179618627,1.0,2.0,0.05263157894736842,0.0,1.0,1.0986122886681096
7b,goodreads,cold_start_user,308,1.0,1.0,0.0,7.0,49.0,0.23547090941494786,0.8363790531435455,0.75390625,6.386879319362645,0.6931471805599453,0.4958333333333333,0.5274277488390605,0.17981717725918434,1.0,3.0,0.0,0.0,1.0,3.4965075614664802
7b,goodreads,cold_start_user,309,1.0,1.0,0.0,7.0,49.0,0.23547090941494786,0.8363790531435455,0.75390625,6.192362489474872,0.6931471805599453,0.4833333333333333,0.7672508835792541,0.17639188131414832,1.0,3.0,0.0,0.0,1.0,0.6931471805599453
7b,goodreads,cold_start_user,310,1.0,1.0,0.0,7.0,49.0,0.23547090941494786,0.8363790531435455,0.75390625,6.418364935936212,0.6931471805599453,0.4833333333333333,0.7627761006355285,0.1765925898619016,1.0,3.0,0.0,0.0,1.0,0.6931471805599453
7b,goodreads,cold_start_user,311,1.0,1.0,0.0,7.0,49.0,0.23547090941494786,0.8363790531435455,0.75390625,6.53813982376767,0.6931471805599453,0.4708333333333333,0.572248140970866,0.18875795760518235,1.0,3.0,0.0,0.0,1.0,0.6931471805599453
7b,goodreads,cold_start_user,312,0.6309297535714575,1.0,0.36907024642854247,7.0,49.0,0.23547090941494786,0.8363790531435455,0.75390625,6.473890696352274,0.6931471805599453,0.4833333333333333,0.49183401266733795,0.18487578628677795,1.0,2.0,0.05263157894736842,0.0,1.0,0.6931471805599453
7b,goodreads,cold_start_user,313,0.6309297535714575,1.0,0.36907024642854247,7.0,49.0,0.23547090941494786,0.8363790531435455,0.75390625,6.645090969505644,0.6931471805599453,0.4833333333333333,0.5052253345648448,0.1912497053245855,1.0,3.0,0.0,0.0,1.0,2.4849066497880004
7b,goodreads,cold_start_user,314,1.0,1.0,0.0,7.0,49.0,0.23547090941494786,0.8363790531435455,0.75390625,6.049733455231958,0.6931471805599453,0.4833333333333333,0.7765854001045227,0.18131881044692574,1.0,3.0,0.0,0.0,1.0,0.6931471805599453
7b,goodreads,cold_start_user,315,1.0,1.0,0.0,7.0,49.0,0.23547090941494786,0.8363790531435455,0.75390625,6.2422232654551655,0.6931471805599453,0.4833333333333333,0.504732737938563,0.189788421463952,1.0,2.0,0.05263157894736842,0.0,1.0,0.6931471805599453
7b,goodreads,cold_start_user,316,1.0,1.0,0.0,7.0,49.0,0.23547090941494786,0.8363790531435455,0.75390625,6.013715156042802,0.6931471805599453,0.4708333333333333,0.7626235008239746,0.1841122147516611,1.0,3.0,0.0,0.0,1.0,0.6931471805599453
7b,goodreads,cold_start_user,317,1.0,1.0,0.0,7.0,49.0,0.23547090941494786,0.8363790531435455,0.75390625,5.998936561946683,0.6931471805599453,0.4958333333333333,0.7888283610343934,0.1792122873359552,1.0,3.0,0.0,0.0,1.0,0.6931471805599453
7b,goodreads,cold_start_user,318,0.6309297535714575,1.0,0.36907024642854247,7.0,49.0,0.23547090941494786,0.8363790531435455,0.75390625,6.150602768446279,0.6931471805599453,0.4875,0.7154021382331848,0.18459501646946813,1.0,3.0,0.0,0.0,1.0,1.791759469228055
7b,goodreads,cold_start_user,319,1.0,1.0,0.0,7.0,49.0,0.23547090941494786,0.8363790531435455,0.75390625,6.419994928147142,0.6931471805599453,0.4916666666666667,0.6261441896359126,0.18241059667105441,1.0,3.0,0.0,0.0,1.0,3.9318256327243257
7b,goodreads,cold_start_user,320,1.0,1.0,0.0,7.0,49.0,0.23547090941494786,0.8363790531435455,0.75390625,7.768956044538332,0.6931471805599453,0.4958333333333333,0.6005733052889505,0.17758341222282098,1.0,3.0,0.0,0.0,1.0,0.6931471805599453
7b,goodreads,cold_start_user,321,1.0,1.0,0.0,7.0,49.0,0.23547090941494786,0.8363790531435455,0.75390625,6.113682179832232,0.6931471805599453,0.4875,0.7798526346683502,0.1827901672073963,1.0,3.0,0.0,0.0,1.0,4.204692619390966
7b,goodreads,cold_start_user,322,1.0,1.0,0.0,7.0,49.0,0.23547090941494786,0.8363790531435455,0.75390625,6.70073110954781,0.6931471805599453,0.4875,0.7611726403236387,0.18255757146497129,1.0,3.0,0.0,0.0,1.0,1.3862943611198906
7b,goodreads,cold_start_user,323,1.0,1.0,0.0,7.0,49.0,0.23547090941494786,0.8363790531435455,0.75390625,6.171700597410915,0.6931471805599453,0.4875,0.7831166148185729,0.18259981999693922,1.0,3.0,0.0,0.0,1.0,1.791759469228055
7b,goodreads,cold_start_user,324,1.0,1.0,0.0,7.0,49.0,0.23547090941494786,0.8363790531435455,0.75390625,6.066108090103747,0.6931471805599453,0.4833333333333333,0.5568601469198863,0.18285633021940104,1.0,3.0,0.0,0.0,1.0,2.0794415416798357
7b,goodreads,cold_start_user,325,1.0,1.0,0.0,7.0,49.0,0.23547090941494786,0.8363790531435455,0.75390625,6.018593214496234,0.6931471805599453,0.4791666666666667,0.7724588215351104,0.18157968051662773,1.0,3.0,0.0,0.0,1.0,0.6931471805599453
7b,goodreads,cold_start_user,326,0.6309297535714575,1.0,0.36907024642854247,7.0,49.0,0.23547090941494786,0.8363790531435455,0.75390625,6.07073772800249,0.6931471805599453,0.4666666666666667,0.47839873830477386,0.19055476913844138,1.0,2.0,0.05263157894736842,0.0,1.0,1.3862943611198906
7b,goodreads,cold_start_user,327,1.0,1.0,0.0,7.0,49.0,0.23547090941494786,0.8363790531435455,0.75390625,6.269096283706261,0.6931471805599453,0.4875,0.7751225948333739,0.18045900344383128,1.0,3.0,0.0,0.0,1.0,1.0986122886681096
7b,goodreads,cold_start_user,328,1.0,1.0,0.0,7.0,49.0,0.23547090941494786,0.8363790531435455,0.75390625,8.458928283284262,2.3978952727983707,0.5,0.48736648956934614,0.189777003793897,1.0,3.0,0.0,0.0,1.0,1.0986122886681096
7b,goodreads,cold_start_user,329,0.5,1.0,0.5,7.0,49.0,0.23547090941494786,0.8363790531435455,0.75390625,8.458928283284262,2.3978952727983707,0.4916666666666667,0.49802308479944857,0.18992334558864188,1.0,3.0,0.0,0.0,1.0,1.0986122886681096
7b,goodreads,cold_start_user,330,0.0,1.0,1.0,7.0,49.0,0.23547090941494786,0.8363790531435455,0.75390625,8.458928283284262,2.3978952727983707,0.4916666666666667,0.521879921356837,0.18473772853425685,1.0,3.0,0.0,0.0,1.0,0.6931471805599453
7b,goodreads,cold_start_user,331,1.0,1.0,0.0,7.0,49.0,0.23547090941494786,0.8363790531435455,0.75390625,7.4318919168078,0.6931471805599453,0.4833333333333333,0.7544632732868193,0.18063076080971152,1.0,3.0,0.0,0.0,1.0,1.3862943611198906
7b,goodreads,cold_start_user,332,1.0,1.0,0.0,7.0,49.0,0.23547090941494786,0.8363790531435455,0.75390625,6.111467339502679,0.6931471805599453,0.5,0.7722071409225464,0.17570126888348764,1.0,3.0,0.0,0.0,1.0,0.6931471805599453
7b,goodreads,cold_start_user,333,1.0,0.6309297535714575,-0.36907024642854247,7.0,49.0,0.23547090941494786,0.8363790531435455,0.75390625,6.150602768446279,0.6931471805599453,0.4875,0.7520639300346372,0.17638847802235164,1.0,3.0,0.0,0.0,1.0,0.6931471805599453
7b,goodreads,cold_start_user,334,0.5,0.6309297535714575,0.13092975357145753,7.0,49.0,0.23547090941494786,0.8363790531435455,0.75390625,5.963579343618446,0.6931471805599453,0.4875,0.7760019302368163,0.17731186821078743,1.0,3.0,0.0,0.0,1.0,0.6931471805599453
7b,goodreads,cold_start_user,335,1.0,1.0,0.0,7.0,49.0,0.23547090941494786,0.8363790531435455,0.75390625,6.811244378601294,0.6931471805599453,0.4833333333333333,0.7789673626422882,0.18345038080655732,1.0,3.0,0.0,0.0,1.0,1.0986122886681096
7b,goodreads,cold_start_user,336,1.0,1.0,0.0,7.0,49.0,0.23547090941494786,0.8363790531435455,0.75390625,5.978885764901122,0.6931471805599453,0.4833333333333333,0.7417454004287718,0.17220198875953388,1.0,3.0,0.0,0.0,1.0,3.58351893845611
7b,goodreads,cold_start_user,337,1.0,1.0,0.0,7.0,49.0,0.23547090941494786,0.8363790531435455,0.75390625,6.499787040655854,0.6931471805599453,0.4833333333333333,0.7533080279827118,0.17366490608626542,1.0,3.0,0.0,0.0,1.0,0.6931471805599453
7b,goodreads,cold_start_user,338,1.0,1.0,0.0,7.0,49.0,0.23547090941494786,0.8363790531435455,0.75390625,6.498282149476434,0.6931471805599453,0.5,0.7329819083213804,0.18232568282137393,1.0,3.0,0.0,0.0,1.0,1.0986122886681096
7b,goodreads,cold_start_user,339,1.0,1.0,0.0,7.0,49.0,0.23547090941494786,0.8363790531435455,0.75390625,6.520621127558696,0.6931471805599453,0.4708333333333333,0.7516776740550993,0.1818438699169814,1.0,3.0,0.0,0.0,1.0,1.6094379124341003
7b,goodreads,cold_start_user,340,1.0,1.0,0.0,7.0,49.0,0.23547090941494786,0.8363790531435455,0.75390625,7.4413203897176174,0.6931471805599453,0.4875,0.5235328237215677,0.18558338558967247,1.0,3.0,0.0,0.0,1.0,1.3862943611198906
7b,goodreads,cold_start_user,341,1.0,1.0,0.0,7.0,49.0,0.23547090941494786,0.8363790531435455,0.75390625,6.214608098422191,0.6931471805599453,0.4833333333333333,0.7620578408241272,0.18001702917145873,1.0,3.0,0.0,0.0,1.0,0.6931471805599453
7b,goodreads,cold_start_user,342,1.0,1.0,0.0,7.0,49.0,0.23547090941494786,0.8363790531435455,0.75390625,7.534762657037537,0.6931471805599453,0.4875,0.7752934873104096,0.18008690226851404,1.0,3.0,0.0,0.0,1.0,3.295836866004329
7b,goodreads,cold_start_user,343,1.0,1.0,0.0,7.0,49.0,0.23547090941494786,0.8363790531435455,0.75390625,6.163314804034641,0.6931471805599453,0.4875,0.7554247379302979,0.17750110270845262,1.0,3.0,0.0,0.0,1.0,1.0986122886681096
7b,goodreads,cold_start_user,344,0.0,0.43067655807339306,0.43067655807339306,7.0,49.0,0.23547090941494786,0.8363790531435455,0.75390625,6.452048954437226,0.6931471805599453,0.4791666666666667,0.508086375395457,0.20435408803131017,1.0,3.0,0.0,0.0,1.0,2.3978952727983707
7b,goodreads,cold_start_user,345,1.0,1.0,0.0,7.0,49.0,0.23547090941494786,0.8363790531435455,0.75390625,6.508769136971682,0.6931471805599453,0.4875,0.7845324993133544,0.18417572567155172,1.0,3.0,0.0,0.0,1.0,0.6931471805599453
7b,goodreads,cold_start_user,346,0.0,0.0,0.0,7.0,49.0,0.23547090941494786,0.8363790531435455,0.75390625,6.0330862217988015,0.6931471805599453,0.4958333333333333,0.747813880443573,0.1747086090225762,1.0,3.0,0.0,0.0,1.0,0.6931471805599453
7b,goodreads,cold_start_user,347,1.0,1.0,0.0,7.0,49.0,0.23547090941494786,0.8363790531435455,0.75390625,6.946013991099227,0.6931471805599453,0.4916666666666667,0.5778086463610331,0.17589679824498197,1.0,3.0,0.0,0.0,1.0,0.6931471805599453
7b,goodreads,cold_start_user,348,1.0,1.0,0.0,7.0,49.0,0.23547090941494786,0.8363790531435455,0.75390625,6.077642243349034,0.6931471805599453,0.4875,0.7883338689804076,0.17952677127932978,1.0,3.0,0.0,0.0,1.0,0.6931471805599453
7b,goodreads,cold_start_user,349,1.0,1.0,0.0,7.0,49.0,0.23547090941494786,0.8363790531435455,0.75390625,6.917705609835305,0.6931471805599453,0.4875,0.75023632645607,0.17520726344745827,1.0,3.0,0.0,0.0,1.0,0.6931471805599453
7b,goodreads,cold_start_user,350,0.5,0.6309297535714575,0.13092975357145753,7.0,49.0,0.23547090941494786,0.8363790531435455,0.75390625,6.35088571671474,0.6931471805599453,0.4916666666666667,0.5684322873751322,0.1813676751525121,1.0,3.0,0.0,0.0,1.0,0.6931471805599453
7b,goodreads,cold_start_user,351,1.0,1.0,0.0,7.0,49.0,0.23547090941494786,0.8363790531435455,0.75390625,6.056784013228625,0.6931471805599453,0.4875,0.7692238092422485,0.17618907373228906,1.0,3.0,0.0,0.0,1.0,0.6931471805599453
7b,goodreads,cold_start_user,352,0.5,1.0,0.5,7.0,49.0,0.23547090941494786,0.8363790531435455,0.75390625,5.966146739123692,0.6931471805599453,0.4875,0.5155370155970255,0.19018334843902193,1.0,2.0,0.05263157894736842,0.0,1.0,1.3862943611198906
7b,goodreads,cold_start_user,353,1.0,1.0,0.0,7.0,49.0,0.23547090941494786,0.8363790531435455,0.75390625,7.2115567333138015,0.6931471805599453,0.4708333333333333,0.7691780865192412,0.18286042533612165,1.0,3.0,0.0,0.0,1.0,1.9459101490553132
7b,goodreads,cold_start_user,354,0.0,1.0,1.0,7.0,49.0,0.23547090941494786,0.8363790531435455,0.75390625,8.771990436532242,2.639057329615259,0.475,0.49621790448824554,0.1825767711205974,1.0,3.0,0.0,0.0,1.0,5.225746673713202
7b,goodreads,cold_start_item,0,0.5,1.0,0.5,7.0,49.0,0.23547090941494786,0.8363790531435455,0.75390625,6.313548046277095,0.6931471805599453,0.4875,0.7434641599655152,0.1782558746633061,1.0,3.0,0.0,0.0,1.0,0.6931471805599453
7b,goodreads,cold_start_item,1,1.0,1.0,0.0,7.0,49.0,0.23547090941494786,0.8363790531435455,0.75390625,8.08487062913819,2.0794415416798357,0.4875,0.5021014908949533,0.18589757679504618,1.0,3.0,0.0,0.0,1.0,1.0986122886681096
7b,goodreads,cold_start_item,2,1.0,1.0,0.0,7.0,49.0,0.23547090941494786,0.8363790531435455,0.75390625,8.08487062913819,2.0794415416798357,0.4833333333333333,0.5113385180632273,0.1851469068118165,1.0,3.0,0.0,0.0,1.0,0.6931471805599453
7b,goodreads,cold_start_item,3,1.0,1.0,0.0,7.0,49.0,0.23547090941494786,0.8363790531435455,0.75390625,8.08487062913819,2.0794415416798357,0.4916666666666667,0.5155301849047343,0.18459243957094196,1.0,3.0,0.0,0.0,1.0,0.6931471805599453
7b,goodreads,cold_start_item,4,1.0,1.0,0.0,7.0,49.0,0.23547090941494786,0.8363790531435455,0.75390625,5.916202062607435,0.6931471805599453,0.4916666666666667,0.7638993382453917,0.17594710289590598,1.0,3.0,0.0,0.0,1.0,0.6931471805599453
7b,goodreads,cold_start_item,5,0.0,0.0,0.0,7.0,49.0,0.23547090941494786,0.8363790531435455,0.75390625,8.148445666243235,2.0794415416798357,0.4916666666666667,0.5135985831419626,0.17873176854754635,1.0,3.0,0.0,0.0,1.0,1.0986122886681096
7b,goodreads,cold_start_item,6,1.0,1.0,0.0,7.0,49.0,0.23547090941494786,0.8363790531435455,0.75390625,8.148445666243235,2.0794415416798357,0.4916666666666667,0.49629128972689307,0.18011022235838478,1.0,3.0,0.0,0.0,1.0,0.6931471805599453
7b,goodreads,cold_start_item,7,1.0,1.0,0.0,7.0,49.0,0.23547090941494786,0.8363790531435455,0.75390625,6.8679744089702925,1.0986122886681096,0.4875,0.7688548803329468,0.17722643308292338,1.0,3.0,0.0,0.0,1.0,0.6931471805599453
7b,goodreads,cold_start_item,8,0.0,0.0,0.0,7.0,49.0,0.23547090941494786,0.8363790531435455,0.75390625,8.316789127071518,1.6094379124341003,0.4833333333333333,0.5220903853575389,0.17803566521744055,1.0,3.0,0.0,0.0,1.0,3.1780538303479458
7b,goodreads,cold_start_item,9,0.0,0.5,0.5,7.0,49.0,0.23547090941494786,0.8363790531435455,0.75390625,8.774776816043985,2.639057329615259,0.4791666666666667,0.542061326901118,0.17298354612942798,1.0,3.0,0.0,0.0,1.0,0.6931471805599453
7b,goodreads,cold_start_item,10,0.0,1.0,1.0,7.0,49.0,0.23547090941494786,0.8363790531435455,0.75390625,9.927936232938437,3.7612001156935624,0.4833333333333333,0.47184874812761946,0.19498083529236454,1.0,3.0,0.0,0.0,1.0,0.6931471805599453
7b,goodreads,cold_start_item,11,0.0,1.0,1.0,7.0,49.0,0.23547090941494786,0.8363790531435455,0.75390625,9.927936232938437,3.7612001156935624,0.4791666666666667,0.011061215400695823,0.09675212203618337,1.0,3.0,0.0,0.0,1.0,0.6931471805599453
7b,goodreads,cold_start_item,12,0.5,1.0,0.5,7.0,49.0,0.23547090941494786,0.8363790531435455,0.75390625,8.18757739559151,1.9459101490553132,0.4916666666666667,0.49408796230951946,0.18068617001809678,1.0,2.0,0.10526315789473684,0.0,1.0,1.6094379124341003
7b,goodreads,cold_start_item,13,1.0,1.0,0.0,7.0,49.0,0.23547090941494786,0.8363790531435455,0.75390625,8.18757739559151,1.9459101490553132,0.475,0.5232250491778055,0.17190484715748153,1.0,3.0,0.0,0.0,1.0,0.6931471805599453
7b,goodreads,cold_start_item,14,1.0,1.0,0.0,7.0,49.0,0.23547090941494786,0.8363790531435455,0.75390625,8.206037762778815,1.9459101490553132,0.4958333333333333,0.741730773448944,0.16811896506424853,1.0,3.0,0.0,0.0,1.0,1.6094379124341003
7b,goodreads,cold_start_item,15,0.0,0.6309297535714575,0.6309297535714575,7.0,49.0,0.23547090941494786,0.8363790531435455,0.75390625,8.206037762778815,1.9459101490553132,0.4916666666666667,0.5152858177820842,0.17732235428203535,1.0,3.0,0.0,0.0,1.0,1.3862943611198906
7b,goodreads,cold_start_item,16,0.0,0.0,0.0,7.0,49.0,0.23547090941494786,0.8363790531435455,0.75390625,10.477485139124067,4.574710978503383,0.4875,0.23766688903172806,0.13969408321640459,1.0,3.0,0.0,0.0,1.0,0.6931471805599453
7b,goodreads,cold_start_item,17,0.0,0.5,0.5,7.0,49.0,0.23547090941494786,0.8363790531435455,0.75390625,10.477485139124067,4.574710978503383,0.475,0.0015289127826689786,0.121309537615443,1.0,3.0,0.0,0.0,1.0,0.6931471805599453
7b,goodreads,cold_start_item,18,0.0,0.0,0.0,7.0,49.0,0.23547090941494786,0.8363790531435455,0.75390625,10.477485139124067,4.574710978503383,0.4875,0.010816812515258789,0.12544932956555815,1.0,3.0,0.0,0.0,1.0,0.6931471805599453
7b,goodreads,cold_start_item,19,1.0,1.0,0.0,7.0,49.0,0.23547090941494786,0.8363790531435455,0.75390625,6.0063531596017325,0.6931471805599453,0.4833333333333333,0.7203906178474426,0.1763065022618522,1.0,3.0,0.0,0.0,1.0,0.6931471805599453
7b,goodreads,cold_start_item,20,1.0,1.0,0.0,7.0,49.0,0.23547090941494786,0.8363790531435455,0.75390625,6.0063531596017325,0.6931471805599453,0.4958333333333333,0.7594568490982055,0.1885028528204223,1.0,3.0,0.0,0.0,1.0,4.418840607796598
7b,goodreads,cold_start_item,21,1.0,1.0,0.0,7.0,49.0,0.23547090941494786,0.8363790531435455,0.75390625,7.543273346705446,1.0986122886681096,0.475,0.5359342495600382,0.18615054175579054,1.0,3.0,0.0,0.0,1.0,1.0986122886681096
7b,goodreads,cold_start_item,22,1.0,1.0,0.0,7.0,49.0,0.23547090941494786,0.8363790531435455,0.75390625,7.698936199813447,1.6094379124341003,0.4916666666666667,0.5947283426920573,0.1906552699931304,1.0,3.0,0.0,0.0,1.0,0.6931471805599453
7b,goodreads,cold_start_item,23,1.0,1.0,0.0,7.0,49.0,0.23547090941494786,0.8363790531435455,0.75390625,7.698936199813447,1.6094379124341003,0.4875,0.6018191913763682,0.1837261548029691,1.0,3.0,0.0,0.0,1.0,1.3862943611198906
7b,goodreads,cold_start_item,24,0.6309297535714575,1.0,0.36907024642854247,7.0,49.0,0.23547090941494786,0.8363790531435455,0.75390625,6.045005314036012,0.6931471805599453,0.4791666666666667,0.7237759768962859,0.17150388695748292,1.0,3.0,0.0,0.0,1.0,1.0986122886681096
7b,goodreads,cold_start_item,25,0.6309297535714575,1.0,0.36907024642854247,7.0,49.0,0.23547090941494786,0.8363790531435455,0.75390625,8.78216942633238,1.791759469228055,0.4791666666666667,0.570387081305186,0.17478819044019853,1.0,3.0,0.0,0.0,1.0,0.6931471805599453
7b,goodreads,cold_start_item,26,0.0,0.43067655807339306,0.43067655807339306,7.0,49.0,0.23547090941494786,0.8363790531435455,0.75390625,8.997765772011208,2.5649493574615367,0.4791666666666667,0.501117334763209,0.1860571009152216,1.0,3.0,0.0,0.0,1.0,0.6931471805599453
7b,goodreads,cold_start_item,27,0.5,1.0,0.5,7.0,49.0,0.23547090941494786,0.8363790531435455,0.75390625,10.225571051705241,3.713572066704308,0.4916666666666667,0.0002894282341003862,0.11397041669481581,1.0,3.0,0.0,0.0,1.0,1.791759469228055
7b,goodreads,cold_start_item,28,1.0,1.0,0.0,7.0,49.0,0.23547090941494786,0.8363790531435455,0.75390625,10.225571051705241,3.713572066704308,0.4958333333333333,0.5194429735342662,0.18198983207654973,1.0,3.0,0.0,0.0,1.0,1.0986122886681096
7b,goodreads,cold_start_item,29,1.0,1.0,0.0,7.0,49.0,0.23547090941494786,0.8363790531435455,0.75390625,10.225571051705241,3.713572066704308,0.4791666666666667,0.005945420265197732,0.12836154475038583,1.0,3.0,0.0,0.0,1.0,1.3862943611198906
7b,goodreads,cold_start_item,30,0.0,0.6309297535714575,0.6309297535714575,7.0,49.0,0.23547090941494786,0.8363790531435455,0.75390625,6.885509670034818,1.0986122886681096,0.475,0.7089208841323853,0.17005208971102503,1.0,3.0,0.0,0.0,1.0,1.0986122886681096
7b,goodreads,cold_start_item,31,1.0,1.0,0.0,7.0,49.0,0.23547090941494786,0.8363790531435455,0.75390625,6.885509670034818,1.0986122886681096,0.4916666666666667,0.7390150010585783,0.17731393833903938,1.0,3.0,0.0,0.0,1.0,0.6931471805599453
7b,goodreads,cold_start_item,32,1.0,1.0,0.0,7.0,49.0,0.23547090941494786,0.8363790531435455,0.75390625,6.424869023905388,0.6931471805599453,0.4875,0.5606067458788553,0.18178760566771004,1.0,3.0,0.0,0.0,1.0,0.6931471805599453
7b,goodreads,cold_start_item,33,0.6309297535714575,1.0,0.36907024642854247,7.0,49.0,0.23547090941494786,0.8363790531435455,0.75390625,7.585788821732034,1.3862943611198906,0.4916666666666667,0.75195574760437,0.17829621483419278,1.0,3.0,0.0,0.0,1.0,0.6931471805599453
7b,goodreads,cold_start_item,34,0.43067655807339306,0.0,-0.43067655807339306,7.0,49.0,0.23547090941494786,0.8363790531435455,0.75390625,7.5766097669730375,0.6931471805599453,0.4791666666666667,0.47289672295252483,0.19213996417624277,1.0,2.0,0.05263157894736842,0.0,1.0,1.9459101490553132
7b,goodreads,cold_start_item,35,0.5,0.0,-0.5,7.0,49.0,0.23547090941494786,0.8363790531435455,0.75390625,10.71541726908554,4.499809670330265,0.4833333333333333,0.007875466346740745,0.12577848920458565,1.0,3.0,0.0,0.0,1.0,0.6931471805599453
7b,goodreads,cold_start_item,36,1.0,1.0,0.0,7.0,49.0,0.23547090941494786,0.8363790531435455,0.75390625,8.314832179284556,1.3862943611198906,0.4916666666666667,0.7169236660003662,0.17113829221399052,1.0,3.0,0.0,0.0,1.0,1.6094379124341003
7b,goodreads,cold_start_item,37,1.0,1.0,0.0,7.0,49.0,0.23547090941494786,0.8363790531435455,0.75390625,8.314832179284556,1.3862943611198906,0.4875,0.5337979237238566,0.1772189076843561,1.0,3.0,0.0,0.0,1.0,0.6931471805599453
7b,goodreads,cold_start_item,38,1.0,1.0,0.0,7.0,49.0,0.23547090941494786,0.8363790531435455,0.75390625,8.314832179284556,1.3862943611198906,0.4875,0.7188912451267242,0.17043405638733225,1.0,3.0,0.0,0.0,1.0,1.3862943611198906
7b,goodreads,cold_start_item,39,0.6309297535714575,1.0,0.36907024642854247,7.0,49.0,0.23547090941494786,0.8363790531435455,0.75390625,9.823578169307826,3.4011973816621555,0.4791666666666667,0.4871193329493204,0.18846103818716872,1.0,3.0,0.0,0.0,1.0,0.6931471805599453
7b,goodreads,cold_start_item,40,1.0,1.0,0.0,7.0,49.0,0.23547090941494786,0.8363790531435455,0.75390625,7.808729306744399,1.0986122886681096,0.4875,0.7486185252666473,0.16890902332596894,1.0,3.0,0.0,0.0,1.0,0.6931471805599453
7b,goodreads,cold_start_item,41,1.0,1.0,0.0,7.0,49.0,0.23547090941494786,0.8363790531435455,0.75390625,6.375024819828097,0.6931471805599453,0.4833333333333333,0.711626410484314,0.18735260495551606,1.0,3.0,0.0,0.0,1.0,3.4657359027997265
7b,goodreads,cold_start_item,42,0.6309297535714575,1.0,0.36907024642854247,7.0,49.0,0.23547090941494786,0.8363790531435455,0.75390625,7.009408932708637,1.0986122886681096,0.4833333333333333,0.7513206005096436,0.1717392074072982,1.0,3.0,0.0,0.0,1.0,0.6931471805599453
7b,goodreads,cold_start_item,43,1.0,1.0,0.0,7.0,49.0,0.23547090941494786,0.8363790531435455,0.75390625,6.075346031088684,0.6931471805599453,0.4875,0.7719460725784301,0.1775862784644656,1.0,3.0,0.0,0.0,1.0,0.6931471805599453
7b,goodreads,cold_start_item,44,1.0,1.0,0.0,7.0,49.0,0.23547090941494786,0.8363790531435455,0.75390625,7.788211557847076,1.3862943611198906,0.4875,0.6319677035013834,0.1767818168040581,1.0,3.0,0.0,0.0,1.0,1.0986122886681096
7b,goodreads,cold_start_item,45,1.0,1.0,0.0,7.0,49.0,0.23547090941494786,0.8363790531435455,0.75390625,6.259581464064923,0.6931471805599453,0.5,0.601567671696345,0.1859228509899274,1.0,3.0,0.0,0.0,1.0,0.6931471805599453
7b,goodreads,cold_start_item,46,1.0,1.0,0.0,7.0,49.0,0.23547090941494786,0.8363790531435455,0.75390625,6.828712071641684,0.6931471805599453,0.4833333333333333,0.47431954542795807,0.19831060420911378,1.0,2.0,0.05263157894736842,0.0,1.0,3.044522437723423
7b,goodreads,cold_start_item,47,0.6309297535714575,1.0,0.36907024642854247,7.0,49.0,0.23547090941494786,0.8363790531435455,0.75390625,7.494986233950533,1.6094379124341003,0.475,0.5790972332159678,0.17822139108889298,1.0,3.0,0.0,0.0,1.0,0.6931471805599453
7b,goodreads,cold_start_item,48,1.0,1.0,0.0,7.0,49.0,0.23547090941494786,0.8363790531435455,0.75390625,7.717796211013582,1.3862943611198906,0.4958333333333333,0.7933995068073273,0.18461081047390715,1.0,3.0,0.0,0.0,1.0,2.1972245773362196
7b,goodreads,cold_start_item,49,1.0,1.0,0.0,7.0,49.0,0.23547090941494786,0.8363790531435455,0.75390625,6.8001700683022,0.6931471805599453,0.4791666666666667,0.7620636165142058,0.1840694304899421,1.0,3.0,0.0,0.0,1.0,0.6931471805599453
7b,goodreads,cold_start_item,50,1.0,1.0,0.0,7.0,49.0,0.23547090941494786,0.8363790531435455,0.75390625,6.9440872082295275,1.0986122886681096,0.4916666666666667,0.5690673450628916,0.17044055723585005,1.0,3.0,0.0,0.0,1.0,0.6931471805599453
7b,goodreads,cold_start_item,51,0.0,1.0,1.0,7.0,49.0,0.23547090941494786,0.8363790531435455,0.75390625,7.59488438721652,1.791759469228055,0.4916666666666667,0.6089863220850626,0.1929455045445273,1.0,3.0,0.0,0.0,1.0,1.0986122886681096
7b,goodreads,cold_start_item,52,0.0,0.38685280723454163,0.38685280723454163,7.0,49.0,0.23547090941494786,0.8363790531435455,0.75390625,10.580835581187099,5.497168225293202,0.4916666666666667,0.21208957632382708,0.13857450117928913,1.0,3.0,0.0,0.0,1.0,0.6931471805599453
7b,goodreads,cold_start_item,53,1.0,1.0,0.0,7.0,49.0,0.23547090941494786,0.8363790531435455,0.75390625,9.237663667625073,2.1972245773362196,0.4958333333333333,0.5118681649367015,0.17499716278628405,1.0,3.0,0.0,0.0,1.0,3.044522437723423
7b,goodreads,cold_start_item,54,0.0,1.0,1.0,7.0,49.0,0.23547090941494786,0.8363790531435455,0.75390625,7.8013913202914855,1.3862943611198906,0.4916666666666667,0.7397972583770751,0.17346119488625636,1.0,3.0,0.0,0.0,1.0,0.6931471805599453
7b,goodreads,cold_start_item,55,1.0,1.0,0.0,7.0,49.0,0.23547090941494786,0.8363790531435455,0.75390625,7.8013913202914855,1.3862943611198906,0.4916666666666667,0.5185541431109111,0.18273373541996835,1.0,2.0,0.05263157894736842,0.0,1.0,0.6931471805599453
7b,goodreads,cold_start_item,56,1.0,1.0,0.0,7.0,49.0,0.23547090941494786,0.8363790531435455,0.75390625,7.8013913202914855,1.3862943611198906,0.4958333333333333,0.732774555683136,0.17188142098712708,1.0,3.0,0.0,0.0,1.0,0.6931471805599453
7b,goodreads,cold_start_item,57,1.0,1.0,0.0,7.0,49.0,0.23547090941494786,0.8363790531435455,0.75390625,7.552762084214147,1.6094379124341003,0.4875,0.5198261539141337,0.1881813041811796,1.0,2.0,0.05263157894736842,0.0,1.0,1.0986122886681096
7b,goodreads,cold_start_item,58,1.0,1.0,0.0,7.0,49.0,0.23547090941494786,0.8363790531435455,0.75390625,7.552762084214147,1.6094379124341003,0.4916666666666667,0.5469737390677134,0.18087746389945528,1.0,3.0,0.0,0.0,1.0,0.6931471805599453
7b,goodreads,cold_start_item,59,1.0,1.0,0.0,7.0,49.0,0.23547090941494786,0.8363790531435455,0.75390625,8.384118837190895,1.0986122886681096,0.4791666666666667,0.7865900754928589,0.17951722487735153,1.0,3.0,0.0,0.0,1.0,0.6931471805599453
7b,goodreads,cold_start_item,60,0.6309297535714575,1.0,0.36907024642854247,7.0,49.0,0.23547090941494786,0.8363790531435455,0.75390625,8.384118837190895,1.0986122886681096,0.4833333333333333,0.5532351235548656,0.1846653256211409,1.0,3.0,0.0,0.0,1.0,1.3862943611198906
7b,goodreads,cold_start_item,61,1.0,1.0,0.0,7.0,49.0,0.23547090941494786,0.8363790531435455,0.75390625,7.474204806496124,1.3862943611198906,0.4791666666666667,0.5188236693541209,0.1897461593814066,1.0,3.0,0.0,0.0,1.0,0.6931471805599453
7b,goodreads,cold_start_item,62,1.0,1.0,0.0,7.0,49.0,0.23547090941494786,0.8363790531435455,0.75390625,7.474204806496124,1.3862943611198906,0.5,0.7571719646453857,0.1720335979403727,1.0,3.0,0.0,0.0,1.0,0.6931471805599453
7b,goodreads,cold_start_item,63,1.0,1.0,0.0,7.0,49.0,0.23547090941494786,0.8363790531435455,0.75390625,7.474204806496124,1.3862943611198906,0.4875,0.7508299350738525,0.17639141974123032,1.0,3.0,0.0,0.0,1.0,1.6094379124341003
7b,goodreads,cold_start_item,64,1.0,1.0,0.0,7.0,49.0,0.23547090941494786,0.8363790531435455,0.75390625,8.031710375322042,1.6094379124341003,0.4916666666666667,0.5347890714804332,0.18691955467386479,1.0,3.0,0.0,0.0,1.0,0.6931471805599453
7b,goodreads,cold_start_item,65,1.0,1.0,0.0,7.0,49.0,0.23547090941494786,0.8363790531435455,0.75390625,7.372118028337787,1.6094379124341003,0.4916666666666667,0.7463954746723174,0.17422737657656764,1.0,3.0,0.0,0.0,1.0,0.6931471805599453
7b,goodreads,cold_start_item,66,1.0,1.0,0.0,7.0,49.0,0.23547090941494786,0.8363790531435455,0.75390625,7.372118028337787,1.6094379124341003,0.4791666666666667,0.515007762114207,0.18460667514195891,1.0,3.0,0.0,0.0,1.0,0.6931471805599453
7b,goodreads,cold_start_item,67,1.0,1.0,0.0,7.0,49.0,0.23547090941494786,0.8363790531435455,0.75390625,7.115582126184454,1.0986122886681096,0.4875,0.7669424653053283,0.1809045402100675,1.0,3.0,0.0,0.0,1.0,0.6931471805599453
7b,goodreads,cold_start_item,68,1.0,1.0,0.0,7.0,49.0,0.23547090941494786,0.8363790531435455,0.75390625,7.115582126184454,1.0986122886681096,0.4875,0.7703874588012695,0.1803752729163366,1.0,3.0,0.0,0.0,1.0,1.0986122886681096
7b,goodreads,cold_start_item,69,1.0,1.0,0.0,7.0,49.0,0.23547090941494786,0.8363790531435455,0.75390625,9.011035410141815,1.9459101490553132,0.4916666666666667,0.5211623946825663,0.18422802361863697,1.0,3.0,0.0,0.0,1.0,0.6931471805599453
7b,goodreads,cold_start_item,70,1.0,1.0,0.0,7.0,49.0,0.23547090941494786,0.8363790531435455,0.75390625,9.011035410141815,1.9459101490553132,0.4916666666666667,0.49946554104487106,0.19312773461456287,1.0,2.0,0.05263157894736842,0.0,1.0,0.6931471805599453
7b,goodreads,cold_start_item,71,1.0,1.0,0.0,7.0,49.0,0.23547090941494786,0.8363790531435455,0.75390625,7.744569809354496,1.791759469228055,0.4833333333333333,0.4879392663637796,0.20003958660410756,1.0,2.0,0.10526315789473684,0.0,1.0,0.6931471805599453
7b,goodreads,cold_start_item,72,1.0,1.0,0.0,7.0,49.0,0.23547090941494786,0.8363790531435455,0.75390625,7.744569809354496,1.791759469228055,0.4916666666666667,0.55563671986262,0.18764037804464004,1.0,3.0,0.0,0.0,1.0,0.6931471805599453
7b,goodreads,cold_start_item,73,1.0,1.0,0.0,7.0,49.0,0.23547090941494786,0.8363790531435455,0.75390625,10.41643093227312,4.007333185232471,0.475,0.22460474570592237,0.14925708537755006,1.0,3.0,0.0,0.0,1.0,1.0986122886681096
7b,goodreads,cold_start_item,74,0.0,0.0,0.0,7.0,49.0,0.23547090941494786,0.8363790531435455,0.75390625,10.41643093227312,4.007333185232471,0.4791666666666667,0.23920629819234207,0.15723311242327956,1.0,3.0,0.0,0.0,1.0,0.6931471805599453
7b,goodreads,cold_start_item,75,0.0,0.0,0.0,7.0,49.0,0.23547090941494786,0.8363790531435455,0.75390625,10.41643093227312,4.007333185232471,0.4916666666666667,0.0035095095634460893,0.12609959957438652,1.0,3.0,0.0,0.0,1.0,1.0986122886681096
7b,goodreads,cold_start_item,76,1.0,1.0,0.0,7.0,49.0,0.23547090941494786,0.8363790531435455,0.75390625,7.421775793644647,0.6931471805599453,0.4875,0.8245316207408905,0.185190958599442,1.0,3.0,0.0,0.0,1.0,1.0986122886681096
7b,goodreads,cold_start_item,77,1.0,1.0,0.0,7.0,49.0,0.23547090941494786,0.8363790531435455,0.75390625,8.395251520610994,2.302585092994046,0.5,0.5332544187704721,0.18593994294580632,1.0,3.0,0.0,0.0,1.0,1.0986122886681096
7b,goodreads,cold_start_item,78,0.0,1.0,1.0,7.0,49.0,0.23547090941494786,0.8363790531435455,0.75390625,9.4097648366698,2.8903717578961645,0.4958333333333333,0.5082478443781535,0.18557560669986017,1.0,3.0,0.0,0.0,1.0,0.6931471805599453
7b,goodreads,cold_start_item,79,0.6309297535714575,1.0,0.36907024642854247,7.0,49.0,0.23547090941494786,0.8363790531435455,0.75390625,6.375024819828097,0.6931471805599453,0.4875,0.7476568281650542,0.17720770023420188,1.0,3.0,0.0,0.0,1.0,0.6931471805599453
7b,goodreads,cold_start_item,80,1.0,1.0,0.0,7.0,49.0,0.23547090941494786,0.8363790531435455,0.75390625,6.311734809152915,0.6931471805599453,0.4875,0.8017788350582122,0.18378700006836865,1.0,3.0,0.0,0.0,1.0,0.6931471805599453
7b,goodreads,cold_start_item,81,0.6309297535714575,1.0,0.36907024642854247,7.0,49.0,0.23547090941494786,0.8363790531435455,0.75390625,6.970730078143525,0.6931471805599453,0.4916666666666667,0.5803563157717387,0.18248393258950033,1.0,3.0,0.0,0.0,1.0,0.6931471805599453
7b,goodreads,cold_start_item,82,1.0,1.0,0.0,7.0,49.0,0.23547090941494786,0.8363790531435455,0.75390625,6.71295620067707,0.6931471805599453,0.4875,0.5857892374197642,0.18730069452525755,1.0,3.0,0.0,0.0,1.0,0.6931471805599453
7b,goodreads,cold_start_item,83,1.0,1.0,0.0,7.0,49.0,0.23547090941494786,0.8363790531435455,0.75390625,6.263398262591624,0.6931471805599453,0.4958333333333333,0.7440001726150511,0.17198688915973007,1.0,3.0,0.0,0.0,1.0,1.0986122886681096
7b,goodreads,cold_start_item,84,1.0,1.0,0.0,7.0,49.0,0.23547090941494786,0.8363790531435455,0.75390625,6.880384082186005,1.0986122886681096,0.4833333333333333,0.5355893174807231,0.18168273729104753,1.0,3.0,0.0,0.0,1.0,0.6931471805599453
7b,goodreads,cold_start_item,85,1.0,1.0,0.0,7.0,49.0,0.23547090941494786,0.8363790531435455,0.75390625,6.736966958001855,0.6931471805599453,0.4916666666666667,0.5338013390700023,0.18870700793933137,1.0,3.0,0.0,0.0,1.0,3.4011973816621555
7b,goodreads,cold_start_item,86,0.38685280723454163,1.0,0.6131471927654584,7.0,49.0,0.23547090941494786,0.8363790531435455,0.75390625,8.32845106681936,1.9459101490553132,0.4791666666666667,0.5105109135309855,0.1753754637385496,1.0,3.0,0.0,0.0,1.0,1.0986122886681096
7b,goodreads,cold_start_item,87,0.0,1.0,1.0,7.0,49.0,0.23547090941494786,0.8363790531435455,0.75390625,8.32845106681936,1.9459101490553132,0.4875,0.724842405319214,0.16718185321312493,1.0,3.0,0.0,0.0,1.0,0.6931471805599453
7b,goodreads,cold_start_item,88,0.0,1.0,1.0,7.0,49.0,0.23547090941494786,0.8363790531435455,0.75390625,6.8658910748834385,1.0986122886681096,0.4958333333333333,0.7673633396625519,0.17750294768962066,1.0,3.0,0.0,0.0,1.0,0.6931471805599453
7b,goodreads,cold_start_item,89,1.0,1.0,0.0,7.0,49.0,0.23547090941494786,0.8363790531435455,0.75390625,6.095824562432225,0.6931471805599453,0.4791666666666667,0.7511413574218749,0.17893245694592289,1.0,3.0,0.0,0.0,1.0,0.6931471805599453
7b,goodreads,cold_start_item,90,1.0,1.0,0.0,7.0,49.0,0.23547090941494786,0.8363790531435455,0.75390625,7.520234556474628,1.0986122886681096,0.4916666666666667,0.7331010341644287,0.17038601503793277,1.0,3.0,0.0,0.0,1.0,1.3862943611198906
7b,goodreads,cold_start_item,91,1.0,1.0,0.0,7.0,49.0,0.23547090941494786,0.8363790531435455,0.75390625,7.520234556474628,1.0986122886681096,0.4833333333333333,0.523034683863322,0.18275871122981396,1.0,3.0,0.0,0.0,1.0,0.6931471805599453
7b,goodreads,cold_start_item,92,1.0,1.0,0.0,7.0,49.0,0.23547090941494786,0.8363790531435455,0.75390625,6.154858094016418,0.6931471805599453,0.475,0.5115542213122051,0.18275862701195245,1.0,3.0,0.0,0.0,1.0,0.6931471805599453
7b,goodreads,cold_start_item,93,1.0,1.0,0.0,7.0,49.0,0.23547090941494786,0.8363790531435455,0.75390625,6.082218910376446,0.6931471805599453,0.4916666666666667,0.6497235248486202,0.1925981334756558,1.0,3.0,0.0,0.0,1.0,1.3862943611198906
7b,goodreads,cold_start_item,94,1.0,1.0,0.0,7.0,49.0,0.23547090941494786,0.8363790531435455,0.75390625,6.023447592961033,0.6931471805599453,0.4875,0.741867870092392,0.17585027088684493,1.0,3.0,0.0,0.0,1.0,0.6931471805599453
7b,goodreads,cold_start_item,95,1.0,1.0,0.0,7.0,49.0,0.23547090941494786,0.8363790531435455,0.75390625,6.313548046277095,0.6931471805599453,0.4958333333333333,0.752859079837799,0.17291401730365963,1.0,3.0,0.0,0.0,1.0,0.6931471805599453
7b,goodreads,cold_start_item,96,1.0,1.0,0.0,7.0,49.0,0.23547090941494786,0.8363790531435455,0.75390625,8.569595870209286,2.5649493574615367,0.4958333333333333,0.5014751414457957,0.18379245244345926,1.0,3.0,0.0,0.0,1.0,1.0986122886681096
7b,goodreads,cold_start_item,97,1.0,0.5,-0.5,7.0,49.0,0.23547090941494786,0.8363790531435455,0.75390625,6.942156705699469,1.0986122886681096,0.4875,0.5171585003534952,0.18322173494751684,1.0,2.0,0.05263157894736842,0.0,1.0,0.6931471805599453
7b,goodreads,cold_start_item,98,1.0,1.0,0.0,7.0,49.0,0.23547090941494786,0.8363790531435455,0.75390625,6.942156705699469,1.0986122886681096,0.475,0.7571581244468689,0.17327246944915575,1.0,3.0,0.0,0.0,1.0,0.6931471805599453
7b,goodreads,cold_start_item,99,0.0,0.0,0.0,7.0,49.0,0.23547090941494786,0.8363790531435455,0.75390625,6.988413181999592,1.0986122886681096,0.4916666666666667,0.5127321044603983,0.1779305390390692,1.0,3.0,0.0,0.0,1.0,1.3862943611198906
7b,goodreads,cold_start_item,100,0.0,1.0,1.0,7.0,49.0,0.23547090941494786,0.8363790531435455,0.75390625,9.191055610564316,2.772588722239781,0.4875,0.5082259575525918,0.18361988709182803,1.0,3.0,0.0,0.0,1.0,0.6931471805599453
7b,goodreads,cold_start_item,101,1.0,1.0,0.0,7.0,49.0,0.23547090941494786,0.8363790531435455,0.75390625,9.191055610564316,2.772588722239781,0.4916666666666667,0.5077393690745036,0.18656833794893396,1.0,2.0,0.05263157894736842,0.0,1.0,0.6931471805599453
7b,goodreads,cold_start_item,102,0.5,1.0,0.5,7.0,49.0,0.23547090941494786,0.8363790531435455,0.75390625,9.191055610564316,2.772588722239781,0.4875,0.4988353470961252,0.18924146410778903,1.0,3.0,0.0,0.0,1.0,0.6931471805599453
7b,goodreads,cold_start_item,103,0.6309297535714575,1.0,0.36907024642854247,7.0,49.0,0.23547090941494786,0.8363790531435455,0.75390625,8.585412430393381,1.6094379124341003,0.4916666666666667,0.5504563192526498,0.17615094844331625,1.0,3.0,0.0,0.0,1.0,0.6931471805599453
7b,goodreads,cold_start_item,104,0.0,0.5,0.5,7.0,49.0,0.23547090941494786,0.8363790531435455,0.75390625,8.585412430393381,1.6094379124341003,0.4958333333333333,0.7527025818824769,0.17155727553310354,1.0,3.0,0.0,0.0,1.0,0.6931471805599453
7b,goodreads,cold_start_item,105,0.6309297535714575,0.6309297535714575,0.0,7.0,49.0,0.23547090941494786,0.8363790531435455,0.75390625,6.246106765481563,0.6931471805599453,0.4875,0.7391630411148071,0.18561629124578596,1.0,3.0,0.0,0.0,1.0,1.6094379124341003
7b,goodreads,cold_start_item,106,1.0,1.0,0.0,7.0,49.0,0.23547090941494786,0.8363790531435455,0.75390625,7.552762084214147,1.0986122886681096,0.4875,0.5208164612452189,0.1790902997961402,1.0,2.0,0.05263157894736842,0.0,1.0,0.6931471805599453
7b,goodreads,cold_start_item,107,1.0,1.0,0.0,7.0,49.0,0.23547090941494786,0.8363790531435455,0.75390625,6.92461239604856,1.0986122886681096,0.4916666666666667,0.7506693065166473,0.1784699731180709,1.0,3.0,0.0,0.0,1.0,0.6931471805599453
7b,goodreads,cold_start_item,108,1.0,1.0,0.0,7.0,49.0,0.23547090941494786,0.8363790531435455,0.75390625,6.423246963533519,0.6931471805599453,0.4833333333333333,0.7710875868797302,0.17830815981393008,1.0,3.0,0.0,0.0,1.0,1.0986122886681096
7b,goodreads,cold_start_item,109,1.0,1.0,0.0,7.0,49.0,0.23547090941494786,0.8363790531435455,0.75390625,6.369900982828227,0.6931471805599453,0.475,0.7596886098384857,0.1785069712258449,1.0,3.0,0.0,0.0,1.0,0.6931471805599453
7b,goodreads,cold_start_item,110,0.43067655807339306,1.0,0.5693234419266069,7.0,49.0,0.23547090941494786,0.8363790531435455,0.75390625,6.665683717782408,1.0986122886681096,0.4875,0.4924338618914287,0.19970719333200102,1.0,3.0,0.0,0.0,1.0,1.791759469228055
7b,goodreads,cold_start_item,111,1.0,1.0,0.0,7.0,49.0,0.23547090941494786,0.8363790531435455,0.75390625,6.85751406254539,1.0986122886681096,0.475,0.7197943806648254,0.18426037965416114,1.0,3.0,0.0,0.0,1.0,1.791759469228055
7b,goodreads,cold_start_item,112,1.0,1.0,0.0,7.0,49.0,0.23547090941494786,0.8363790531435455,0.75390625,6.85751406254539,1.0986122886681096,0.4791666666666667,0.4804482499758401,0.21561663297277409,1.0,2.0,0.05263157894736842,0.0,1.0,2.0794415416798357
7b,goodreads,cold_start_item,113,1.0,1.0,0.0,7.0,49.0,0.23547090941494786,0.8363790531435455,0.75390625,7.854381210652365,1.0986122886681096,0.4791666666666667,0.7400832176208496,0.1755673534558548,1.0,3.0,0.0,0.0,1.0,1.0986122886681096
7b,goodreads,cold_start_item,114,1.0,1.0,0.0,7.0,49.0,0.23547090941494786,0.8363790531435455,0.75390625,6.78332520060396,0.6931471805599453,0.475,0.7606457293033599,0.1826300155546443,1.0,3.0,0.0,0.0,1.0,1.3862943611198906
7b,goodreads,cold_start_item,115,1.0,1.0,0.0,7.0,49.0,0.23547090941494786,0.8363790531435455,0.75390625,6.194405391104672,0.6931471805599453,0.4833333333333333,0.7383273184299468,0.18701675473974524,1.0,3.0,0.0,0.0,1.0,4.418840607796598
7b,goodreads,cold_start_item,116,1.0,1.0,0.0,7.0,49.0,0.23547090941494786,0.8363790531435455,0.75390625,6.784457062637643,1.0986122886681096,0.5,0.5225401560465494,0.18155652097823596,1.0,2.0,0.05263157894736842,0.0,1.0,1.0986122886681096
7b,goodreads,cold_start_item,117,1.0,1.0,0.0,7.0,49.0,0.23547090941494786,0.8363790531435455,0.75390625,6.068425588244111,0.6931471805599453,0.4833333333333333,0.7167742490768432,0.18830007157912138,1.0,3.0,0.0,0.0,1.0,3.044522437723423
7b,goodreads,cold_start_item,118,0.6309297535714575,1.0,0.36907024642854247,7.0,49.0,0.23547090941494786,0.8363790531435455,0.75390625,6.056784013228625,0.6931471805599453,0.4875,0.7245628476142884,0.1760859410261912,1.0,3.0,0.0,0.0,1.0,0.6931471805599453
7b,goodreads,cold_start_item,119,0.6309297535714575,1.0,0.36907024642854247,7.0,49.0,0.23547090941494786,0.8363790531435455,0.75390625,6.744059186311348,0.6931471805599453,0.4958333333333333,0.7446439027786254,0.17254057262225816,1.0,3.0,0.0,0.0,1.0,0.6931471805599453
7b,goodreads,cold_start_item,120,1.0,1.0,0.0,7.0,49.0,0.23547090941494786,0.8363790531435455,0.75390625,6.5722825426940075,0.6931471805599453,0.4958333333333333,0.773619896173477,0.17491623169800827,1.0,3.0,0.0,0.0,1.0,0.6931471805599453
7b,goodreads,cold_start_item,121,1.0,1.0,0.0,7.0,49.0,0.23547090941494786,0.8363790531435455,0.75390625,7.046647277848756,0.6931471805599453,0.4875,0.7633568167686462,0.17802115498135507,1.0,3.0,0.0,0.0,1.0,0.6931471805599453
7b,goodreads,cold_start_item,122,1.0,1.0,0.0,7.0,49.0,0.23547090941494786,0.8363790531435455,0.75390625,5.883322388488279,0.6931471805599453,0.4916666666666667,0.7514930486679076,0.17101188533511558,1.0,3.0,0.0,0.0,1.0,1.0986122886681096
7b,goodreads,cold_start_item,123,1.0,1.0,0.0,7.0,49.0,0.23547090941494786,0.8363790531435455,0.75390625,6.423246963533519,0.6931471805599453,0.4875,0.5321628491083781,0.19624249945644892,1.0,2.0,0.10526315789473684,0.0,1.0,0.6931471805599453
7b,goodreads,cold_start_item,124,1.0,1.0,0.0,7.0,49.0,0.23547090941494786,0.8363790531435455,0.75390625,6.284134161070802,0.6931471805599453,0.4875,0.7768395841121674,0.17848773934692408,1.0,3.0,0.0,0.0,1.0,0.6931471805599453
7b,goodreads,cold_start_item,125,1.0,1.0,0.0,7.0,49.0,0.23547090941494786,0.8363790531435455,0.75390625,7.347299700743164,0.6931471805599453,0.4916666666666667,0.7863149344921112,0.1784516752944929,1.0,3.0,0.0,0.0,1.0,1.6094379124341003
7b,goodreads,cold_start_item,126,1.0,1.0,0.0,7.0,49.0,0.23547090941494786,0.8363790531435455,0.75390625,6.386879319362645,0.6931471805599453,0.4958333333333333,0.5274277488390605,0.17981717725918434,1.0,3.0,0.0,0.0,1.0,3.4965075614664802
7b,goodreads,cold_start_item,127,1.0,1.0,0.0,7.0,49.0,0.23547090941494786,0.8363790531435455,0.75390625,6.53813982376767,0.6931471805599453,0.4708333333333333,0.572248140970866,0.18875795760518235,1.0,3.0,0.0,0.0,1.0,0.6931471805599453
7b,goodreads,cold_start_item,128,1.0,1.0,0.0,7.0,49.0,0.23547090941494786,0.8363790531435455,0.75390625,6.2422232654551655,0.6931471805599453,0.4833333333333333,0.504732737938563,0.189788421463952,1.0,2.0,0.05263157894736842,0.0,1.0,0.6931471805599453
7b,goodreads,cold_start_item,129,0.6309297535714575,1.0,0.36907024642854247,7.0,49.0,0.23547090941494786,0.8363790531435455,0.75390625,6.150602768446279,0.6931471805599453,0.4875,0.7154021382331848,0.18459501646946813,1.0,3.0,0.0,0.0,1.0,1.791759469228055
7b,goodreads,cold_start_item,130,1.0,1.0,0.0,7.0,49.0,0.23547090941494786,0.8363790531435455,0.75390625,6.018593214496234,0.6931471805599453,0.4791666666666667,0.7724588215351104,0.18157968051662773,1.0,3.0,0.0,0.0,1.0,0.6931471805599453
7b,goodreads,cold_start_item,131,0.6309297535714575,1.0,0.36907024642854247,7.0,49.0,0.23547090941494786,0.8363790531435455,0.75390625,6.07073772800249,0.6931471805599453,0.4666666666666667,0.47839873830477386,0.19055476913844138,1.0,2.0,0.05263157894736842,0.0,1.0,1.3862943611198906
7b,goodreads,cold_start_item,132,1.0,1.0,0.0,7.0,49.0,0.23547090941494786,0.8363790531435455,0.75390625,8.458928283284262,2.3978952727983707,0.5,0.48736648956934614,0.189777003793897,1.0,3.0,0.0,0.0,1.0,1.0986122886681096
7b,goodreads,cold_start_item,133,0.43067655807339306,1.0,0.5693234419266069,7.0,49.0,0.23547090941494786,0.8363790531435455,0.75390625,8.458928283284262,2.3978952727983707,0.4916666666666667,0.49802308479944857,0.18992334558864188,1.0,3.0,0.0,0.0,1.0,1.0986122886681096
7b,goodreads,cold_start_item,134,0.0,1.0,1.0,7.0,49.0,0.23547090941494786,0.8363790531435455,0.75390625,8.458928283284262,2.3978952727983707,0.4916666666666667,0.521879921356837,0.18473772853425685,1.0,3.0,0.0,0.0,1.0,0.6931471805599453
7b,goodreads,cold_start_item,135,1.0,1.0,0.0,7.0,49.0,0.23547090941494786,0.8363790531435455,0.75390625,6.811244378601294,0.6931471805599453,0.4833333333333333,0.7789673626422882,0.18345038080655732,1.0,3.0,0.0,0.0,1.0,1.0986122886681096
7b,goodreads,cold_start_item,136,1.0,1.0,0.0,7.0,49.0,0.23547090941494786,0.8363790531435455,0.75390625,6.520621127558696,0.6931471805599453,0.4708333333333333,0.7516776740550993,0.1818438699169814,1.0,3.0,0.0,0.0,1.0,1.6094379124341003
7b,goodreads,cold_start_item,137,0.0,0.0,0.0,7.0,49.0,0.23547090941494786,0.8363790531435455,0.75390625,6.452048954437226,0.6931471805599453,0.4791666666666667,0.508086375395457,0.20435408803131017,1.0,3.0,0.0,0.0,1.0,2.3978952727983707
7b,goodreads,cold_start_item,138,1.0,1.0,0.0,7.0,49.0,0.23547090941494786,0.8363790531435455,0.75390625,6.508769136971682,0.6931471805599453,0.4875,0.7845324993133544,0.18417572567155172,1.0,3.0,0.0,0.0,1.0,0.6931471805599453
7b,goodreads,cold_start_item,139,1.0,1.0,0.0,7.0,49.0,0.23547090941494786,0.8363790531435455,0.75390625,6.917705609835305,0.6931471805599453,0.4875,0.75023632645607,0.17520726344745827,1.0,3.0,0.0,0.0,1.0,0.6931471805599453
7b,goodreads,cold_start_item,140,1.0,1.0,0.0,7.0,49.0,0.23547090941494786,0.8363790531435455,0.75390625,6.056784013228625,0.6931471805599453,0.4875,0.7692238092422485,0.17618907373228906,1.0,3.0,0.0,0.0,1.0,0.6931471805599453
7b,goodreads,evolving_interest,0,1.0,1.0,0.0,7.0,49.0,0.23547090941494786,0.8363790531435455,0.75390625,8.774776816043985,2.639057329615259,0.5,0.5237268189589183,0.1823829074196983,1.0,3.0,0.0,0.0,1.0,0.6931471805599453
7b,goodreads,evolving_interest,1,1.0,1.0,0.0,7.0,49.0,0.23547090941494786,0.8363790531435455,0.75390625,9.927936232938437,3.7612001156935624,0.4958333333333333,0.013565576076507546,0.12532809968292116,1.0,2.0,0.05263157894736842,0.0,1.0,1.0986122886681096
7b,goodreads,evolving_interest,2,0.0,1.0,1.0,7.0,49.0,0.23547090941494786,0.8363790531435455,0.75390625,9.927936232938437,3.7612001156935624,0.4833333333333333,0.47184874812761946,0.19498083529236454,1.0,3.0,0.0,0.0,1.0,0.6931471805599453
7b,goodreads,evolving_interest,3,0.0,1.0,1.0,7.0,49.0,0.23547090941494786,0.8363790531435455,0.75390625,9.927936232938437,3.7612001156935624,0.4791666666666667,0.011061215400695823,0.09675212203618337,1.0,3.0,0.0,0.0,1.0,0.6931471805599453
7b,goodreads,evolving_interest,4,0.0,0.0,0.0,7.0,49.0,0.23547090941494786,0.8363790531435455,0.75390625,10.477485139124067,4.574710978503383,0.4875,0.23766688903172806,0.13969408321640459,1.0,3.0,0.0,0.0,1.0,0.6931471805599453
7b,goodreads,evolving_interest,5,0.38685280723454163,0.5,0.11314719276545837,7.0,49.0,0.23547090941494786,0.8363790531435455,0.75390625,10.477485139124067,4.574710978503383,0.475,0.0015289127826689786,0.121309537615443,1.0,3.0,0.0,0.0,1.0,0.6931471805599453
7b,goodreads,evolving_interest,6,0.0,0.6309297535714575,0.6309297535714575,7.0,49.0,0.23547090941494786,0.8363790531435455,0.75390625,10.477485139124067,4.574710978503383,0.4875,0.010816812515258789,0.12544932956555815,1.0,3.0,0.0,0.0,1.0,0.6931471805599453
7b,goodreads,evolving_interest,7,1.0,0.0,-1.0,7.0,49.0,0.23547090941494786,0.8363790531435455,0.75390625,9.800513076908299,3.5553480614894135,0.475,4.2378902435302734e-05,0.12782144475090484,1.0,3.0,0.0,0.0,1.0,1.9459101490553132
7b,goodreads,evolving_interest,8,1.0,1.0,0.0,7.0,49.0,0.23547090941494786,0.8363790531435455,0.75390625,9.800513076908299,3.5553480614894135,0.4916666666666667,0.5009663263956705,0.1836557310655379,1.0,3.0,0.0,0.0,1.0,0.6931471805599453
7b,goodreads,evolving_interest,9,0.6309297535714575,1.0,0.36907024642854247,7.0,49.0,0.23547090941494786,0.8363790531435455,0.75390625,10.128309694228893,3.6888794541139363,0.4916666666666667,0.007787168025970459,0.1224703018396422,1.0,3.0,0.0,0.0,1.0,0.6931471805599453
7b,goodreads,evolving_interest,10,0.38685280723454163,0.6309297535714575,0.2440769463369159,7.0,49.0,0.23547090941494786,0.8363790531435455,0.75390625,10.128309694228893,3.6888794541139363,0.4833333333333333,0.008207702636718772,0.11456586058336944,1.0,3.0,0.0,0.0,1.0,1.3862943611198906
7b,goodreads,evolving_interest,11,0.6309297535714575,1.0,0.36907024642854247,7.0,49.0,0.23547090941494786,0.8363790531435455,0.75390625,10.225571051705241,3.713572066704308,0.4916666666666667,0.0002894282341003862,0.11397041669481581,1.0,3.0,0.0,0.0,1.0,1.791759469228055
7b,goodreads,evolving_interest,12,1.0,1.0,0.0,7.0,49.0,0.23547090941494786,0.8363790531435455,0.75390625,10.225571051705241,3.713572066704308,0.4791666666666667,0.005945420265197732,0.12836154475038583,1.0,3.0,0.0,0.0,1.0,1.3862943611198906
7b,goodreads,evolving_interest,13,0.43067655807339306,0.38685280723454163,-0.04382375083885143,7.0,49.0,0.23547090941494786,0.8363790531435455,0.75390625,10.752505361534784,4.553876891600541,0.4916666666666667,0.2068081100781758,0.14822100567471186,1.0,3.0,0.0,0.0,1.0,0.6931471805599453
7b,goodreads,evolving_interest,14,0.0,1.0,1.0,7.0,49.0,0.23547090941494786,0.8363790531435455,0.75390625,10.752505361534784,4.553876891600541,0.4708333333333333,0.029748183488845892,0.10752584747930845,1.0,3.0,0.0,0.0,1.0,0.6931471805599453
7b,goodreads,evolving_interest,15,0.6309297535714575,0.6309297535714575,0.0,7.0,49.0,0.23547090941494786,0.8363790531435455,0.75390625,10.752505361534784,4.553876891600541,0.4916666666666667,0.009280031919479459,0.12592926274026287,1.0,2.0,0.05263157894736842,0.0,1.0,1.0986122886681096
7b,goodreads,evolving_interest,16,1.0,0.43067655807339306,-0.5693234419266069,7.0,49.0,0.23547090941494786,0.8363790531435455,0.75390625,10.71541726908554,4.499809670330265,0.4875,0.0035333275794983132,0.11561487812227415,1.0,3.0,0.0,0.0,1.0,0.6931471805599453
7b,goodreads,evolving_interest,17,1.0,1.0,0.0,7.0,49.0,0.23547090941494786,0.8363790531435455,0.75390625,10.71541726908554,4.499809670330265,0.4833333333333333,0.4788029293219248,0.19150897405417694,1.0,3.0,0.0,0.0,1.0,1.0986122886681096
7b,goodreads,evolving_interest,18,0.5,0.0,-0.5,7.0,49.0,0.23547090941494786,0.8363790531435455,0.75390625,10.71541726908554,4.499809670330265,0.4833333333333333,0.007875466346740745,0.12577848920458565,1.0,3.0,0.0,0.0,1.0,0.6931471805599453
7b,goodreads,evolving_interest,19,0.0,0.6309297535714575,0.6309297535714575,7.0,49.0,0.23547090941494786,0.8363790531435455,0.75390625,9.823578169307826,3.4011973816621555,0.4958333333333333,0.021214467287063554,0.12734033182107815,1.0,3.0,0.0,0.0,1.0,0.6931471805599453
7b,goodreads,evolving_interest,20,0.0,0.0,0.0,7.0,49.0,0.23547090941494786,0.8363790531435455,0.75390625,10.580835581187099,5.497168225293202,0.4875,0.012649261951446555,0.10801852656231307,1.0,3.0,0.0,0.0,1.0,1.0986122886681096
7b,goodreads,evolving_interest,21,0.0,0.6309297535714575,0.6309297535714575,7.0,49.0,0.23547090941494786,0.8363790531435455,0.75390625,10.580835581187099,5.497168225293202,0.4916666666666667,0.21208957632382708,0.13857450117928913,1.0,3.0,0.0,0.0,1.0,0.6931471805599453
7b,goodreads,evolving_interest,22,1.0,1.0,0.0,7.0,49.0,0.23547090941494786,0.8363790531435455,0.75390625,10.580835581187099,5.497168225293202,0.4958333333333333,0.00010027885437002837,0.11317254793104453,1.0,3.0,0.0,0.0,1.0,1.0986122886681096
7b,goodreads,evolving_interest,23,1.0,1.0,0.0,7.0,49.0,0.23547090941494786,0.8363790531435455,0.75390625,10.41643093227312,4.007333185232471,0.475,0.22460474570592237,0.14925708537755006,1.0,3.0,0.0,0.0,1.0,1.0986122886681096
7b,goodreads,evolving_interest,24,0.0,0.43067655807339306,0.43067655807339306,7.0,49.0,0.23547090941494786,0.8363790531435455,0.75390625,10.41643093227312,4.007333185232471,0.4791666666666667,0.23920629819234207,0.15723311242327956,1.0,3.0,0.0,0.0,1.0,0.6931471805599453
7b,goodreads,evolving_interest,25,0.0,0.0,0.0,7.0,49.0,0.23547090941494786,0.8363790531435455,0.75390625,10.41643093227312,4.007333185232471,0.4916666666666667,0.0035095095634460893,0.12609959957438652,1.0,3.0,0.0,0.0,1.0,1.0986122886681096
7b,goodreads,evolving_interest,26,1.0,1.0,0.0,7.0,49.0,0.23547090941494786,0.8363790531435455,0.75390625,9.032170186304704,2.833213344056216,0.4958333333333333,0.5125540415445964,0.19423619846721513,1.0,3.0,0.0,0.0,1.0,2.1972245773362196
7b,goodreads,evolving_interest,27,0.0,1.0,1.0,7.0,49.0,0.23547090941494786,0.8363790531435455,0.75390625,9.4097648366698,2.8903717578961645,0.4875,0.5139510969320933,0.18554048733449335,1.0,2.0,0.05263157894736842,0.0,1.0,0.6931471805599453
7b,goodreads,evolving_interest,28,0.6309297535714575,1.0,0.36907024642854247,7.0,49.0,0.23547090941494786,0.8363790531435455,0.75390625,9.191055610564316,2.772588722239781,0.4875,0.4988353470961252,0.18924146410778903,1.0,3.0,0.0,0.0,1.0,0.6931471805599453
7b,goodreads,evolving_interest,29,0.0,0.6309297535714575,0.6309297535714575,7.0,49.0,0.23547090941494786,0.8363790531435455,0.75390625,8.771990436532242,2.639057329615259,0.4875,0.23422030409177153,0.21272893810165516,1.0,2.0,0.05263157894736842,0.0,1.0,1.791759469228055
7b,yelp,classic,0,1.0,1.0,0.0,7.0,49.0,0.07073534333262343,0.7305006207590723,1.0,7.00850518208228,0.6931471805599453,0.6625,0.5325149158636729,0.16875976405456708,1.0,3.0,0.0,0.0,1.0,0.6931471805599453
7b,yelp,classic,1,1.0,1.0,0.0,7.0,49.0,0.07073534333262343,0.7305006207590723,1.0,6.796823718274855,1.0986122886681096,0.6583333333333333,0.48921385208765655,0.1733647890346805,1.0,3.0,0.0,0.0,1.0,0.6931471805599453
7b,yelp,classic,2,1.0,1.0,0.0,7.0,49.0,0.07073534333262343,0.7305006207590723,1.0,6.796823718274855,1.0986122886681096,0.6625,0.7134422302246093,0.16634913993202866,1.0,3.0,0.0,0.0,1.0,0.6931471805599453
7b,yelp,classic,3,0.0,1.0,1.0,7.0,49.0,0.07073534333262343,0.7305006207590723,1.0,7.393263094763838,1.0986122886681096,0.6625,0.7101016998291014,0.16749754633109923,1.0,3.0,0.0,0.0,1.0,0.6931471805599453
7b,yelp,classic,4,1.0,1.0,0.0,7.0,49.0,0.07073534333262343,0.7305006207590723,1.0,7.393263094763838,1.0986122886681096,0.6666666666666666,0.4808212916056316,0.16518031048348228,1.0,3.0,0.0,0.0,1.0,0.6931471805599453
7b,yelp,classic,5,1.0,1.0,0.0,7.0,49.0,0.07073534333262343,0.7305006207590723,1.0,8.935640333747571,1.0986122886681096,0.6583333333333333,0.7228973031044006,0.16988992600304334,1.0,3.0,0.0,0.0,1.0,0.6931471805599453
7b,yelp,classic,6,1.0,1.0,0.0,7.0,49.0,0.07073534333262343,0.7305006207590723,1.0,6.656726524178391,0.6931471805599453,0.6625,0.7189654350280761,0.16841197654338783,1.0,3.0,0.0,0.0,1.0,0.6931471805599453
7b,yelp,classic,7,1.0,1.0,0.0,7.0,49.0,0.07073534333262343,0.7305006207590723,1.0,6.169610732491456,0.6931471805599453,0.6625,0.7108798265457152,0.1662250590158705,1.0,3.0,0.0,0.0,1.0,0.6931471805599453
7b,yelp,classic,8,1.0,1.0,0.0,7.0,49.0,0.07073534333262343,0.7305006207590723,1.0,6.508769136971682,0.6931471805599453,0.6666666666666666,0.7188016593456268,0.16274757919543534,1.0,3.0,0.0,0.0,1.0,0.6931471805599453
7b,yelp,classic,9,1.0,1.0,0.0,7.0,49.0,0.07073534333262343,0.7305006207590723,1.0,6.535241271013659,1.0986122886681096,0.65,0.7320738196372985,0.17235987696202035,1.0,3.0,0.0,0.0,1.0,0.6931471805599453
7b,yelp,classic,10,0.6309297535714575,1.0,0.36907024642854247,7.0,49.0,0.07073534333262343,0.7305006207590723,1.0,6.535241271013659,1.0986122886681096,0.6583333333333333,0.7217381775379181,0.16500460494464286,1.0,3.0,0.0,0.0,1.0,0.6931471805599453
7b,yelp,classic,11,1.0,1.0,0.0,7.0,49.0,0.07073534333262343,0.7305006207590723,1.0,8.275121630216509,1.791759469228055,0.6625,0.5128113905588786,0.16143596179216516,1.0,3.0,0.0,0.0,1.0,0.6931471805599453
7b,yelp,classic,12,0.0,0.6309297535714575,0.6309297535714575,7.0,49.0,0.07073534333262343,0.7305006207590723,1.0,8.275121630216509,1.791759469228055,0.65,0.2519815524419148,0.19272203072396663,1.0,3.0,0.0,0.0,1.0,0.6931471805599453
7b,yelp,classic,13,1.0,1.0,0.0,7.0,49.0,0.07073534333262343,0.7305006207590723,1.0,8.275121630216509,1.791759469228055,0.6541666666666666,0.4721178094546,0.18241901163489835,1.0,3.0,0.0,0.0,1.0,0.6931471805599453
7b,yelp,classic,14,0.0,1.0,1.0,7.0,49.0,0.07073534333262343,0.7305006207590723,1.0,7.55171221535131,1.0986122886681096,0.65,0.7150491416454314,0.17493366027752352,1.0,3.0,0.0,0.0,1.0,0.6931471805599453
7b,yelp,classic,15,1.0,1.0,0.0,7.0,49.0,0.07073534333262343,0.7305006207590723,1.0,7.55171221535131,1.0986122886681096,0.6625,0.4863454441229502,0.1706272042352418,1.0,2.0,0.05263157894736842,0.0,1.0,0.6931471805599453
7b,yelp,classic,16,1.0,1.0,0.0,7.0,49.0,0.07073534333262343,0.7305006207590723,1.0,8.885025658050846,2.1972245773362196,0.6625,0.4782317618529002,0.17129866646918626,1.0,3.0,0.0,0.0,1.0,0.6931471805599453
7b,yelp,classic,17,1.0,1.0,0.0,7.0,49.0,0.07073534333262343,0.7305006207590723,1.0,8.885025658050846,2.1972245773362196,0.6541666666666666,0.47411961356798804,0.18129727007987245,1.0,3.0,0.0,0.0,1.0,0.6931471805599453
7b,yelp,classic,18,0.5,1.0,0.5,7.0,49.0,0.07073534333262343,0.7305006207590723,1.0,8.885025658050846,2.1972245773362196,0.6458333333333333,0.7086344420909881,0.1648593594441966,1.0,3.0,0.0,0.0,1.0,0.6931471805599453
7b,yelp,classic,19,1.0,1.0,0.0,7.0,49.0,0.07073534333262343,0.7305006207590723,1.0,6.2422232654551655,0.6931471805599453,0.6625,0.7129774391651154,0.16558892655409582,1.0,3.0,0.0,0.0,1.0,0.6931471805599453
7b,yelp,classic,20,1.0,1.0,0.0,7.0,49.0,0.07073534333262343,0.7305006207590723,1.0,10.487461402332547,4.204692619390966,0.6583333333333333,0.4750697950522105,0.1931784499735245,1.0,3.0,0.0,0.0,1.0,0.6931471805599453
7b,yelp,classic,21,1.0,1.0,0.0,7.0,49.0,0.07073534333262343,0.7305006207590723,1.0,10.487461402332547,4.204692619390966,0.6583333333333333,0.0005021631717682107,0.11562770889757452,1.0,3.0,0.0,0.0,1.0,0.6931471805599453
7b,yelp,classic,22,1.0,1.0,0.0,7.0,49.0,0.07073534333262343,0.7305006207590723,1.0,10.487461402332547,4.204692619390966,0.6625,0.4724787990252177,0.18973461527106047,1.0,3.0,0.0,0.0,1.0,0.6931471805599453
7b,yelp,classic,23,1.0,1.0,0.0,7.0,49.0,0.07073534333262343,0.7305006207590723,1.0,5.820082930352362,0.6931471805599453,0.6625,0.7126205801963806,0.16774853062772732,1.0,3.0,0.0,0.0,1.0,0.6931471805599453
7b,yelp,classic,24,1.0,1.0,0.0,7.0,49.0,0.07073534333262343,0.7305006207590723,1.0,6.173786103901937,0.6931471805599453,0.6625,0.5426919321219127,0.17272290920180425,1.0,3.0,0.0,0.0,1.0,0.6931471805599453
7b,yelp,classic,25,1.0,1.0,0.0,7.0,49.0,0.07073534333262343,0.7305006207590723,1.0,7.614312146452,1.6094379124341003,0.6625,0.7104750454425811,0.1692892717867925,1.0,3.0,0.0,0.0,1.0,0.6931471805599453
7b,yelp,classic,26,1.0,1.0,0.0,7.0,49.0,0.07073534333262343,0.7305006207590723,1.0,7.614312146452,1.6094379124341003,0.6583333333333333,0.47765542666117355,0.17556684559962565,1.0,3.0,0.0,0.0,1.0,0.6931471805599453
7b,yelp,classic,27,1.0,1.0,0.0,7.0,49.0,0.07073534333262343,0.7305006207590723,1.0,7.614312146452,1.6094379124341003,0.6583333333333333,0.7117170870304108,0.16804634430637289,1.0,3.0,0.0,0.0,1.0,0.6931471805599453
7b,yelp,classic,28,1.0,1.0,0.0,7.0,49.0,0.07073534333262343,0.7305006207590723,1.0,6.771935555839602,0.6931471805599453,0.6666666666666666,0.4770035425821939,0.16676242160282506,1.0,2.0,0.05263157894736842,0.0,1.0,0.6931471805599453
7b,yelp,classic,29,1.0,1.0,0.0,7.0,49.0,0.07073534333262343,0.7305006207590723,1.0,5.932245187448011,0.6931471805599453,0.6583333333333333,0.4814291695753732,0.1791117512809304,1.0,3.0,0.0,0.0,1.0,1.0986122886681096
7b,yelp,classic,30,1.0,1.0,0.0,7.0,49.0,0.07073534333262343,0.7305006207590723,1.0,6.566672429803241,0.6931471805599453,0.6583333333333333,0.7149648487567901,0.1707753921372648,1.0,3.0,0.0,0.0,1.0,0.6931471805599453
7b,yelp,classic,31,1.0,1.0,0.0,7.0,49.0,0.07073534333262343,0.7305006207590723,1.0,7.422971251049421,0.6931471805599453,0.6625,0.7142733216285706,0.16531479526110424,1.0,3.0,0.0,0.0,1.0,0.6931471805599453
7b,yelp,classic,32,1.0,1.0,0.0,7.0,49.0,0.07073534333262343,0.7305006207590723,1.0,6.744059186311348,0.6931471805599453,0.6625,0.7207618355751038,0.16767040739542557,1.0,3.0,0.0,0.0,1.0,0.6931471805599453
7b,yelp,classic,33,1.0,1.0,0.0,7.0,49.0,0.07073534333262343,0.7305006207590723,1.0,7.7886260656250315,1.6094379124341003,0.6541666666666666,0.5196654538313548,0.1716148808627333,1.0,3.0,0.0,0.0,1.0,0.6931471805599453
7b,yelp,classic,34,1.0,1.0,0.0,7.0,49.0,0.07073534333262343,0.7305006207590723,1.0,7.7886260656250315,1.6094379124341003,0.65,0.4782963315645853,0.1721726546577886,1.0,3.0,0.0,0.0,1.0,0.6931471805599453
7b,yelp,classic,35,0.43067655807339306,1.0,0.5693234419266069,7.0,49.0,0.07073534333262343,0.7305006207590723,1.0,7.7886260656250315,1.6094379124341003,0.6666666666666666,0.48118045727411907,0.17086393348268902,1.0,3.0,0.0,0.0,1.0,0.6931471805599453
7b,yelp,classic,36,1.0,1.0,0.0,7.0,49.0,0.07073534333262343,0.7305006207590723,1.0,5.926926025970411,0.6931471805599453,0.6541666666666666,0.7203971982002259,0.17839875285464515,1.0,3.0,0.0,0.0,1.0,0.6931471805599453
7b,yelp,classic,37,1.0,1.0,0.0,7.0,49.0,0.07073534333262343,0.7305006207590723,1.0,6.92461239604856,1.0986122886681096,0.6625,0.7163088858127594,0.1676534485879593,1.0,3.0,0.0,0.0,1.0,0.6931471805599453
7b,yelp,classic,38,1.0,1.0,0.0,7.0,49.0,0.07073534333262343,0.7305006207590723,1.0,6.92461239604856,1.0986122886681096,0.6458333333333333,0.7168111383914946,0.18226957946557476,1.0,3.0,0.0,0.0,1.0,0.6931471805599453
7b,yelp,classic,39,1.0,1.0,0.0,7.0,49.0,0.07073534333262343,0.7305006207590723,1.0,6.315358001522335,0.6931471805599453,0.6625,0.4934187869230906,0.18344803457633393,1.0,3.0,0.0,0.0,1.0,0.6931471805599453
7b,yelp,classic,40,0.0,1.0,1.0,7.0,49.0,0.07073534333262343,0.7305006207590723,1.0,7.480992162869525,1.0986122886681096,0.6625,0.7131834328174591,0.16631346600226965,1.0,3.0,0.0,0.0,1.0,0.6931471805599453
7b,yelp,classic,41,1.0,1.0,0.0,7.0,49.0,0.07073534333262343,0.7305006207590723,1.0,7.480992162869525,1.0986122886681096,0.6625,0.5121158043543498,0.16944979235706223,1.0,3.0,0.0,0.0,1.0,0.6931471805599453
7b,yelp,classic,42,1.0,1.0,0.0,7.0,49.0,0.07073534333262343,0.7305006207590723,1.0,6.542471960506805,0.6931471805599453,0.6583333333333333,0.5540189544359844,0.1770515011006639,1.0,3.0,0.0,0.0,1.0,0.6931471805599453
7b,yelp,classic,43,1.0,1.0,0.0,7.0,49.0,0.07073534333262343,0.7305006207590723,1.0,6.934397209928558,0.6931471805599453,0.6625,0.7083905756473541,0.1688838002736114,1.0,3.0,0.0,0.0,1.0,0.6931471805599453
7b,yelp,classic,44,0.38685280723454163,1.0,0.6131471927654584,7.0,49.0,0.07073534333262343,0.7305006207590723,1.0,6.175867270105761,0.6931471805599453,0.6625,0.48456674615542084,0.1714321737664733,1.0,2.0,0.05263157894736842,0.0,1.0,0.6931471805599453
7b,yelp,classic,45,1.0,1.0,0.0,7.0,49.0,0.07073534333262343,0.7305006207590723,1.0,10.08455832742843,3.4011973816621555,0.6666666666666666,0.4748356739679972,0.1809960320353661,1.0,3.0,0.0,0.0,1.0,0.6931471805599453
7b,yelp,classic,46,0.6309297535714575,1.0,0.36907024642854247,7.0,49.0,0.07073534333262343,0.7305006207590723,1.0,10.08455832742843,3.4011973816621555,0.6625,0.47676400343577074,0.17940380660291325,1.0,2.0,0.05263157894736842,0.0,1.0,0.6931471805599453
7b,yelp,classic,47,1.0,1.0,0.0,7.0,49.0,0.07073534333262343,0.7305006207590723,1.0,10.08455832742843,3.4011973816621555,0.65,0.4793323258558909,0.1806375501406157,1.0,3.0,0.0,0.0,1.0,0.6931471805599453
7b,yelp,classic,48,1.0,1.0,0.0,7.0,49.0,0.07073534333262343,0.7305006207590723,1.0,6.267200548541362,0.6931471805599453,0.6666666666666666,0.4953588823477427,0.18340836506889077,1.0,2.0,0.05263157894736842,0.0,1.0,0.6931471805599453
7b,yelp,classic,49,1.0,1.0,0.0,7.0,49.0,0.07073534333262343,0.7305006207590723,1.0,9.650979555092,3.2188758248682006,0.6583333333333333,0.0027723670005798118,0.10708130011610875,1.0,3.0,0.0,0.0,1.0,0.6931471805599453
7b,yelp,classic,50,0.0,1.0,1.0,7.0,49.0,0.07073534333262343,0.7305006207590723,1.0,9.650979555092,3.2188758248682006,0.6541666666666666,0.47339758078257244,0.19224170965443307,1.0,2.0,0.05263157894736842,0.0,1.0,0.6931471805599453
7b,yelp,classic,51,1.0,1.0,0.0,7.0,49.0,0.07073534333262343,0.7305006207590723,1.0,9.650979555092,3.2188758248682006,0.6625,0.2404462297757467,0.197399172985597,1.0,3.0,0.0,0.0,1.0,0.6931471805599453
7b,yelp,classic,52,1.0,1.0,0.0,7.0,49.0,0.07073534333262343,0.7305006207590723,1.0,6.86484777797086,1.0986122886681096,0.6541666666666666,0.4815281430880227,0.18772362649570593,1.0,3.0,0.0,0.0,1.0,0.6931471805599453
7b,yelp,classic,53,1.0,1.0,0.0,7.0,49.0,0.07073534333262343,0.7305006207590723,1.0,6.86484777797086,1.0986122886681096,0.6625,0.7090122580528258,0.16656977587047211,1.0,3.0,0.0,0.0,1.0,0.6931471805599453
7b,yelp,classic,54,1.0,1.0,0.0,7.0,49.0,0.07073534333262343,0.7305006207590723,1.0,6.206575926724928,0.6931471805599453,0.6458333333333333,0.7162111461162567,0.18109052939109688,1.0,3.0,0.0,0.0,1.0,0.6931471805599453
7b,yelp,classic,55,1.0,1.0,0.0,7.0,49.0,0.07073534333262343,0.7305006207590723,1.0,5.780743515792329,0.6931471805599453,0.6583333333333333,0.7158072948455811,0.17338450845046766,1.0,3.0,0.0,0.0,1.0,0.6931471805599453
7b,yelp,classic,56,1.0,1.0,0.0,7.0,49.0,0.07073534333262343,0.7305006207590723,1.0,7.830822995135316,1.6094379124341003,0.6541666666666666,0.49352255264918,0.17775192554842828,1.0,3.0,0.0,0.0,1.0,1.0986122886681096
7b,yelp,classic,57,1.0,1.0,0.0,7.0,49.0,0.07073534333262343,0.7305006207590723,1.0,7.830822995135316,1.6094379124341003,0.6625,0.7127611458301544,0.16638568635355339,1.0,3.0,0.0,0.0,1.0,0.6931471805599453
7b,yelp,classic,58,1.0,1.0,0.0,7.0,49.0,0.07073534333262343,0.7305006207590723,1.0,7.830822995135316,1.6094379124341003,0.6666666666666666,0.7114549636840819,0.15858857869812495,1.0,3.0,0.0,0.0,1.0,0.6931471805599453
7b,yelp,classic,59,1.0,1.0,0.0,7.0,49.0,0.07073534333262343,0.7305006207590723,1.0,7.565793282428515,1.0986122886681096,0.6625,0.7145932197570799,0.16890894362541656,1.0,3.0,0.0,0.0,1.0,0.6931471805599453
7b,yelp,classic,60,1.0,1.0,0.0,7.0,49.0,0.07073534333262343,0.7305006207590723,1.0,7.565793282428515,1.0986122886681096,0.6625,0.7148422360420228,0.16536921286470957,1.0,3.0,0.0,0.0,1.0,0.6931471805599453
7b,yelp,classic,61,1.0,1.0,0.0,7.0,49.0,0.07073534333262343,0.7305006207590723,1.0,6.57507584059962,1.0986122886681096,0.6583333333333333,0.7127678155899049,0.17302272258439402,1.0,3.0,0.0,0.0,1.0,0.6931471805599453
7b,yelp,classic,62,1.0,1.0,0.0,7.0,49.0,0.07073534333262343,0.7305006207590723,1.0,6.57507584059962,1.0986122886681096,0.6583333333333333,0.7102271914482117,0.175426651618613,1.0,3.0,0.0,0.0,1.0,0.6931471805599453
7b,yelp,classic,63,1.0,1.0,0.0,7.0,49.0,0.07073534333262343,0.7305006207590723,1.0,6.236369590203704,0.6931471805599453,0.6541666666666666,0.7256750524044038,0.1730256117675342,1.0,3.0,0.0,0.0,1.0,0.6931471805599453
7b,yelp,classic,64,1.0,1.0,0.0,7.0,49.0,0.07073534333262343,0.7305006207590723,1.0,5.991464547107982,0.6931471805599453,0.6583333333333333,0.7171411395072937,0.17488658696155396,1.0,3.0,0.0,0.0,1.0,0.6931471805599453
7b,yelp,classic,65,0.6309297535714575,1.0,0.36907024642854247,7.0,49.0,0.07073534333262343,0.7305006207590723,1.0,6.947937068614969,1.0986122886681096,0.6666666666666666,0.7113449215888977,0.15836535773630586,1.0,3.0,0.0,0.0,1.0,0.6931471805599453
7b,yelp,classic,66,0.0,1.0,1.0,7.0,49.0,0.07073534333262343,0.7305006207590723,1.0,6.947937068614969,1.0986122886681096,0.6583333333333333,0.7145883917808531,0.1654944974411422,1.0,3.0,0.0,0.0,1.0,2.4849066497880004
7b,yelp,classic,67,1.0,1.0,0.0,7.0,49.0,0.07073534333262343,0.7305006207590723,1.0,7.543802867501509,1.0986122886681096,0.6541666666666666,0.5381967107454936,0.1684394385618883,1.0,3.0,0.0,0.0,1.0,0.6931471805599453
7b,yelp,classic,68,1.0,1.0,0.0,7.0,49.0,0.07073534333262343,0.7305006207590723,1.0,7.543802867501509,1.0986122886681096,0.6541666666666666,0.7211831212043762,0.1646259103567728,1.0,3.0,0.0,0.0,1.0,0.6931471805599453
7b,yelp,classic,69,1.0,1.0,0.0,7.0,49.0,0.07073534333262343,0.7305006207590723,1.0,6.38856140554563,0.6931471805599453,0.6625,0.5795588771502176,0.17929860107099135,1.0,3.0,0.0,0.0,1.0,0.6931471805599453
7b,yelp,classic,70,1.0,1.0,0.0,7.0,49.0,0.07073534333262343,0.7305006207590723,1.0,6.395261598115449,0.6931471805599453,0.6625,0.7104645490646362,0.16438259171897537,1.0,3.0,0.0,0.0,1.0,0.6931471805599453
7b,yelp,classic,71,0.6309297535714575,1.0,0.36907024642854247,7.0,49.0,0.07073534333262343,0.7305006207590723,1.0,6.368187186350492,0.6931471805599453,0.6583333333333333,0.7255034267902374,0.17244307058206038,1.0,3.0,0.0,0.0,1.0,0.6931471805599453
7b,yelp,classic,72,1.0,1.0,0.0,7.0,49.0,0.07073534333262343,0.7305006207590723,1.0,7.10002716662926,0.6931471805599453,0.6583333333333333,0.7203902423381805,0.1665920498914364,1.0,3.0,0.0,0.0,1.0,1.0986122886681096
7b,yelp,classic,73,1.0,1.0,0.0,7.0,49.0,0.07073534333262343,0.7305006207590723,1.0,7.172424577124845,0.6931471805599453,0.6541666666666666,0.5217008213202159,0.1782046340920668,1.0,3.0,0.0,0.0,1.0,0.6931471805599453
7b,yelp,classic,74,1.0,1.0,0.0,7.0,49.0,0.07073534333262343,0.7305006207590723,1.0,6.272877006546167,0.6931471805599453,0.6541666666666666,0.515293041865031,0.17911371878147944,1.0,3.0,0.0,0.0,1.0,0.6931471805599453
7b,yelp,classic,75,0.0,0.38685280723454163,0.38685280723454163,7.0,49.0,0.07073534333262343,0.7305006207590723,1.0,6.594413459749778,0.6931471805599453,0.6333333333333333,0.5144757727781931,0.2023600336187451,1.0,2.0,0.05263157894736842,0.0,1.0,1.0986122886681096
7b,yelp,classic,76,1.0,1.0,0.0,7.0,49.0,0.07073534333262343,0.7305006207590723,1.0,6.822197390620491,1.0986122886681096,0.6541666666666666,0.71664400100708,0.17533947376340647,1.0,3.0,0.0,0.0,1.0,0.6931471805599453
7b,yelp,classic,77,1.0,1.0,0.0,7.0,49.0,0.07073534333262343,0.7305006207590723,1.0,6.822197390620491,1.0986122886681096,0.6666666666666666,0.4886662701765696,0.17225772969630376,1.0,3.0,0.0,0.0,1.0,0.6931471805599453
7b,yelp,classic,78,1.0,1.0,0.0,7.0,49.0,0.07073534333262343,0.7305006207590723,1.0,7.106606137727303,0.6931471805599453,0.6583333333333333,0.7101223528385162,0.17074130283710437,1.0,3.0,0.0,0.0,1.0,0.6931471805599453
7b,yelp,classic,79,1.0,1.0,0.0,7.0,49.0,0.07073534333262343,0.7305006207590723,1.0,9.164715193949908,2.70805020110221,0.6541666666666666,0.4772513071695963,0.18648900294186624,1.0,3.0,0.0,0.0,1.0,0.6931471805599453
7b,yelp,classic,80,1.0,1.0,0.0,7.0,49.0,0.07073534333262343,0.7305006207590723,1.0,9.164715193949908,2.70805020110221,0.6583333333333333,0.47221156160036715,0.19069979914692364,1.0,3.0,0.0,0.0,1.0,1.0986122886681096
7b,yelp,classic,81,1.0,1.0,0.0,7.0,49.0,0.07073534333262343,0.7305006207590723,1.0,7.62608275807238,1.6094379124341003,0.6625,0.4830096522967021,0.17018930942416066,1.0,3.0,0.0,0.0,1.0,0.6931471805599453
7b,yelp,classic,82,0.43067655807339306,1.0,0.5693234419266069,7.0,49.0,0.07073534333262343,0.7305006207590723,1.0,7.62608275807238,1.6094379124341003,0.65,0.48234197894732156,0.18557577221137925,1.0,3.0,0.0,0.0,1.0,0.6931471805599453
7b,yelp,classic,83,1.0,1.0,0.0,7.0,49.0,0.07073534333262343,0.7305006207590723,1.0,7.62608275807238,1.6094379124341003,0.6583333333333333,0.512341413895289,0.17196624940445066,1.0,3.0,0.0,0.0,1.0,0.6931471805599453
7b,yelp,classic,84,0.6309297535714575,1.0,0.36907024642854247,7.0,49.0,0.07073534333262343,0.7305006207590723,1.0,6.71295620067707,1.0986122886681096,0.6625,0.47138424317042027,0.1776086541651972,1.0,3.0,0.0,0.0,1.0,0.6931471805599453
7b,yelp,classic,85,1.0,1.0,0.0,7.0,49.0,0.07073534333262343,0.7305006207590723,1.0,6.71295620067707,1.0986122886681096,0.6666666666666666,0.4902699987093607,0.16767101482700558,1.0,3.0,0.0,0.0,1.0,0.6931471805599453
7b,yelp,classic,86,0.6309297535714575,1.0,0.36907024642854247,7.0,49.0,0.07073534333262343,0.7305006207590723,1.0,8.245121966478605,1.3862943611198906,0.6666666666666666,0.7092060029506682,0.15798006224685449,1.0,3.0,0.0,0.0,1.0,0.6931471805599453
7b,yelp,classic,87,1.0,1.0,0.0,7.0,49.0,0.07073534333262343,0.7305006207590723,1.0,8.245121966478605,1.3862943611198906,0.6583333333333333,0.6424438218275706,0.16481934026975972,1.0,3.0,0.0,0.0,1.0,0.6931471805599453
7b,yelp,classic,88,1.0,1.0,0.0,7.0,49.0,0.07073534333262343,0.7305006207590723,1.0,8.245121966478605,1.3862943611198906,0.6666666666666666,0.4829290787378947,0.16998501561046953,1.0,3.0,0.0,0.0,1.0,0.6931471805599453
7b,yelp,classic,89,1.0,1.0,0.0,7.0,49.0,0.07073534333262343,0.7305006207590723,1.0,7.3031700512368,1.0986122886681096,0.6541666666666666,0.5674600581328074,0.18303956974481522,1.0,3.0,0.0,0.0,1.0,0.6931471805599453
7b,yelp,classic,90,0.0,0.38685280723454163,0.38685280723454163,7.0,49.0,0.07073534333262343,0.7305006207590723,1.0,7.3031700512368,1.0986122886681096,0.6458333333333333,0.7095069468021393,0.18187920618891615,1.0,3.0,0.0,0.0,1.0,0.6931471805599453
7b,yelp,classic,91,1.0,1.0,0.0,7.0,49.0,0.07073534333262343,0.7305006207590723,1.0,7.146772179452637,1.0986122886681096,0.6625,0.48138010303179424,0.17312404513337745,1.0,3.0,0.0,0.0,1.0,0.6931471805599453
7b,yelp,classic,92,1.0,1.0,0.0,7.0,49.0,0.07073534333262343,0.7305006207590723,1.0,7.146772179452637,1.0986122886681096,0.6666666666666666,0.711738258600235,0.1623494114628708,1.0,3.0,0.0,0.0,1.0,0.6931471805599453
7b,yelp,classic,93,0.6309297535714575,0.6309297535714575,0.0,7.0,49.0,0.07073534333262343,0.7305006207590723,1.0,7.1846291527173145,0.6931471805599453,0.65,0.5905712227026622,0.18093058020684613,1.0,3.0,0.0,0.0,1.0,0.6931471805599453
7b,yelp,classic,94,1.0,1.0,0.0,7.0,49.0,0.07073534333262343,0.7305006207590723,1.0,6.57507584059962,0.6931471805599453,0.6625,0.4937516311804454,0.17334385130894175,1.0,3.0,0.0,0.0,1.0,0.6931471805599453
7b,yelp,classic,95,1.0,1.0,0.0,7.0,49.0,0.07073534333262343,0.7305006207590723,1.0,8.086410275323782,1.3862943611198906,0.6541666666666666,0.4852700213591258,0.17839729842112192,1.0,3.0,0.0,0.0,1.0,0.6931471805599453
7b,yelp,classic,96,0.5,1.0,0.5,7.0,49.0,0.07073534333262343,0.7305006207590723,1.0,8.086410275323782,1.3862943611198906,0.6541666666666666,0.47863884965578707,0.1820849609953798,1.0,3.0,0.0,0.0,1.0,0.6931471805599453
7b,yelp,classic,97,0.6309297535714575,1.0,0.36907024642854247,7.0,49.0,0.07073534333262343,0.7305006207590723,1.0,8.086410275323782,1.3862943611198906,0.6625,0.48064081470171605,0.16811421754318864,1.0,3.0,0.0,0.0,1.0,0.6931471805599453
7b,yelp,classic,98,0.5,1.0,0.5,7.0,49.0,0.07073534333262343,0.7305006207590723,1.0,7.679251425953058,1.3862943611198906,0.6583333333333333,0.48162080446879074,0.17503306912725639,1.0,3.0,0.0,0.0,1.0,0.6931471805599453
7b,yelp,classic,99,1.0,1.0,0.0,7.0,49.0,0.07073534333262343,0.7305006207590723,1.0,7.679251425953058,1.3862943611198906,0.6583333333333333,0.5145298282305399,0.17554505125544073,1.0,3.0,0.0,0.0,1.0,0.6931471805599453
7b,yelp,classic,100,1.0,1.0,0.0,7.0,49.0,0.07073534333262343,0.7305006207590723,1.0,7.679251425953058,1.3862943611198906,0.6583333333333333,0.4803350249926249,0.1812222972790164,1.0,3.0,0.0,0.0,1.0,0.6931471805599453
7b,yelp,classic,101,0.38685280723454163,1.0,0.6131471927654584,7.0,49.0,0.07073534333262343,0.7305006207590723,1.0,6.8885724595653635,1.0986122886681096,0.6625,0.7139429807662965,0.16412581073838997,1.0,3.0,0.0,0.0,1.0,0.6931471805599453
7b,yelp,classic,102,0.6309297535714575,0.6309297535714575,0.0,7.0,49.0,0.07073534333262343,0.7305006207590723,1.0,6.8885724595653635,1.0986122886681096,0.6666666666666666,0.7144249022006988,0.16164217907345055,1.0,3.0,0.0,0.0,1.0,0.6931471805599453
7b,yelp,classic,103,1.0,1.0,0.0,7.0,49.0,0.07073534333262343,0.7305006207590723,1.0,7.1770187659099,0.6931471805599453,0.6583333333333333,0.7321408927440642,0.17196535013885547,1.0,3.0,0.0,0.0,1.0,0.6931471805599453
7b,yelp,classic,104,1.0,1.0,0.0,7.0,49.0,0.07073534333262343,0.7305006207590723,1.0,6.5638555265321274,0.6931471805599453,0.6666666666666666,0.7110658466815949,0.15898798153460217,1.0,3.0,0.0,0.0,1.0,0.6931471805599453
7b,yelp,classic,105,1.0,1.0,0.0,7.0,49.0,0.07073534333262343,0.7305006207590723,1.0,7.157735484249907,0.6931471805599453,0.6625,0.712579756975174,0.1660118724341276,1.0,3.0,0.0,0.0,1.0,0.6931471805599453
7b,yelp,classic,106,1.0,1.0,0.0,7.0,49.0,0.07073534333262343,0.7305006207590723,1.0,6.282266746896006,0.6931471805599453,0.6666666666666666,0.7180767297744751,0.1633506764681864,1.0,3.0,0.0,0.0,1.0,0.6931471805599453
7b,yelp,classic,107,1.0,1.0,0.0,7.0,49.0,0.07073534333262343,0.7305006207590723,1.0,9.426821780416843,2.772588722239781,0.6458333333333333,0.47316614190737405,0.18519918538145974,1.0,3.0,0.0,0.0,1.0,0.6931471805599453
7b,yelp,classic,108,0.6309297535714575,1.0,0.36907024642854247,7.0,49.0,0.07073534333262343,0.7305006207590723,1.0,9.426821780416843,2.772588722239781,0.6666666666666666,0.48462917009989415,0.16206904293670166,1.0,3.0,0.0,0.0,1.0,0.6931471805599453
7b,yelp,classic,109,1.0,1.0,0.0,7.0,49.0,0.07073534333262343,0.7305006207590723,1.0,8.078067881815437,1.3862943611198906,0.6583333333333333,0.47864748636881504,0.1709267510431491,1.0,3.0,0.0,0.0,1.0,0.6931471805599453
7b,yelp,classic,110,0.0,1.0,1.0,7.0,49.0,0.07073534333262343,0.7305006207590723,1.0,8.078067881815437,1.3862943611198906,0.6541666666666666,0.7089000523090363,0.1652822609738039,1.0,3.0,0.0,0.0,1.0,0.6931471805599453
7b,yelp,classic,111,1.0,1.0,0.0,7.0,49.0,0.07073534333262343,0.7305006207590723,1.0,8.078067881815437,1.3862943611198906,0.6666666666666666,0.47378147641817736,0.1625598026391296,1.0,3.0,0.0,0.0,1.0,0.6931471805599453
7b,yelp,classic,112,1.0,1.0,0.0,7.0,49.0,0.07073534333262343,0.7305006207590723,1.0,5.976350909297934,0.6931471805599453,0.6625,0.713752293586731,0.16682090074136002,1.0,3.0,0.0,0.0,1.0,0.6931471805599453
7b,yelp,classic,113,1.0,1.0,0.0,7.0,49.0,0.07073534333262343,0.7305006207590723,1.0,9.737432968206045,3.1780538303479458,0.6541666666666666,0.4748653928438822,0.1956136600922424,1.0,3.0,0.0,0.0,1.0,0.6931471805599453
7b,yelp,classic,114,1.0,1.0,0.0,7.0,49.0,0.07073534333262343,0.7305006207590723,1.0,9.737432968206045,3.1780538303479458,0.6583333333333333,0.4745104650656382,0.19601737635672162,1.0,3.0,0.0,0.0,1.0,0.6931471805599453
7b,yelp,classic,115,1.0,1.0,0.0,7.0,49.0,0.07073534333262343,0.7305006207590723,1.0,9.737432968206045,3.1780538303479458,0.6625,0.47747174898783373,0.1811236261064417,1.0,3.0,0.0,0.0,1.0,0.6931471805599453
7b,yelp,classic,116,1.0,1.0,0.0,7.0,49.0,0.07073534333262343,0.7305006207590723,1.0,9.705280486511949,2.833213344056216,0.6583333333333333,0.476281330982844,0.18559439110598655,1.0,3.0,0.0,0.0,1.0,0.6931471805599453
7b,yelp,classic,117,0.6309297535714575,1.0,0.36907024642854247,7.0,49.0,0.07073534333262343,0.7305006207590723,1.0,9.705280486511949,2.833213344056216,0.6416666666666666,0.47684620420138035,0.17332668893989142,1.0,3.0,0.0,0.0,1.0,0.6931471805599453
7b,yelp,classic,118,0.5,1.0,0.5,7.0,49.0,0.07073534333262343,0.7305006207590723,1.0,9.705280486511949,2.833213344056216,0.6666666666666666,0.4769752184549968,0.17704571918991419,1.0,3.0,0.0,0.0,1.0,0.6931471805599453
7b,yelp,classic,119,1.0,1.0,0.0,7.0,49.0,0.07073534333262343,0.7305006207590723,1.0,6.049733455231958,0.6931471805599453,0.6583333333333333,0.7146104216575623,0.17203222641137145,1.0,3.0,0.0,0.0,1.0,0.6931471805599453
7b,yelp,classic,120,1.0,1.0,0.0,7.0,49.0,0.07073534333262343,0.7305006207590723,1.0,6.066108090103747,0.6931471805599453,0.6666666666666666,0.7520582437515259,0.17178779934948457,1.0,3.0,0.0,0.0,1.0,0.6931471805599453
7b,yelp,classic,121,1.0,1.0,0.0,7.0,49.0,0.07073534333262343,0.7305006207590723,1.0,6.806829360392176,0.6931471805599453,0.6541666666666666,0.5025678197542827,0.17807763647963187,1.0,3.0,0.0,0.0,1.0,0.6931471805599453
7b,yelp,classic,122,1.0,1.0,0.0,7.0,49.0,0.07073534333262343,0.7305006207590723,1.0,6.322565239927284,0.6931471805599453,0.6583333333333333,0.7138665020465851,0.16810394507861143,1.0,3.0,0.0,0.0,1.0,0.6931471805599453
7b,yelp,classic,123,1.0,1.0,0.0,7.0,49.0,0.07073534333262343,0.7305006207590723,1.0,7.136483208590247,1.0986122886681096,0.6666666666666666,0.5008452157179514,0.17072215687937536,1.0,3.0,0.0,0.0,1.0,0.6931471805599453
7b,yelp,classic,124,1.0,1.0,0.0,7.0,49.0,0.07073534333262343,0.7305006207590723,1.0,7.136483208590247,1.0986122886681096,0.6625,0.7096010565757751,0.1616624846835817,1.0,3.0,0.0,0.0,1.0,0.6931471805599453
7b,yelp,classic,125,1.0,1.0,0.0,7.0,49.0,0.07073534333262343,0.7305006207590723,1.0,5.993961427306569,0.6931471805599453,0.6625,0.7181402623653411,0.1671621060532989,1.0,3.0,0.0,0.0,1.0,0.6931471805599453
7b,yelp,classic,126,0.0,0.0,0.0,7.0,49.0,0.07073534333262343,0.7305006207590723,1.0,6.115892125483034,0.6931471805599453,0.6541666666666666,0.8202426075935363,0.19470252141251737,1.0,3.0,0.0,0.0,1.0,0.6931471805599453
7b,yelp,classic,127,1.0,1.0,0.0,7.0,49.0,0.07073534333262343,0.7305006207590723,1.0,7.564757012905729,0.6931471805599453,0.6583333333333333,0.5943478981653849,0.1917726937794612,1.0,3.0,0.0,0.0,1.0,1.0986122886681096
7b,yelp,classic,128,1.0,1.0,0.0,7.0,49.0,0.07073534333262343,0.7305006207590723,1.0,6.478509642208569,0.6931471805599453,0.6625,0.5032493154207865,0.17204138139357952,1.0,3.0,0.0,0.0,1.0,0.6931471805599453
7b,yelp,classic,129,1.0,1.0,0.0,7.0,49.0,0.07073534333262343,0.7305006207590723,1.0,5.955837369464831,0.6931471805599453,0.6583333333333333,0.7147973895072937,0.17234480262896318,1.0,3.0,0.0,0.0,1.0,0.6931471805599453
7b,yelp,classic,130,0.0,1.0,1.0,7.0,49.0,0.07073534333262343,0.7305006207590723,1.0,8.34972083747249,2.0794415416798357,0.6541666666666666,0.4768401781717936,0.17312026793804838,1.0,3.0,0.0,0.0,1.0,0.6931471805599453
7b,yelp,classic,131,1.0,1.0,0.0,7.0,49.0,0.07073534333262343,0.7305006207590723,1.0,8.34972083747249,2.0794415416798357,0.6625,0.48715246717135097,0.1710341433913479,1.0,3.0,0.0,0.0,1.0,0.6931471805599453
7b,yelp,classic,132,1.0,1.0,0.0,7.0,49.0,0.07073534333262343,0.7305006207590723,1.0,8.34972083747249,2.0794415416798357,0.6625,0.4736911217371623,0.17101872307650207,1.0,3.0,0.0,0.0,1.0,0.6931471805599453
7b,yelp,classic,133,1.0,1.0,0.0,7.0,49.0,0.07073534333262343,0.7305006207590723,1.0,6.912742820493176,0.6931471805599453,0.6625,0.4711428622404734,0.16971129590506362,1.0,2.0,0.05263157894736842,0.0,1.0,0.6931471805599453
7b,yelp,classic,134,1.0,1.0,0.0,7.0,49.0,0.07073534333262343,0.7305006207590723,1.0,7.060476365999801,0.6931471805599453,0.6541666666666666,0.801959079504013,0.18798869537920695,1.0,3.0,0.0,0.0,1.0,1.6094379124341003
7b,yelp,classic,135,1.0,1.0,0.0,7.0,49.0,0.07073534333262343,0.7305006207590723,1.0,8.59877317840866,2.0794415416798357,0.6625,0.4811304608980813,0.17190458534580882,1.0,3.0,0.0,0.0,1.0,0.6931471805599453
7b,yelp,classic,136,0.0,0.38685280723454163,0.38685280723454163,7.0,49.0,0.07073534333262343,0.7305006207590723,1.0,8.59877317840866,2.0794415416798357,0.6625,0.710137140750885,0.1603581806174528,1.0,3.0,0.0,0.0,1.0,0.6931471805599453
7b,yelp,classic,137,1.0,1.0,0.0,7.0,49.0,0.07073534333262343,0.7305006207590723,1.0,8.59877317840866,2.0794415416798357,0.6541666666666666,0.49194659392038986,0.17110356055856443,1.0,3.0,0.0,0.0,1.0,1.0986122886681096
7b,yelp,classic,138,1.0,1.0,0.0,7.0,49.0,0.07073534333262343,0.7305006207590723,1.0,7.118826249062078,1.0986122886681096,0.6541666666666666,0.7086474776268006,0.1727449390638888,1.0,3.0,0.0,0.0,1.0,1.0986122886681096
7b,yelp,classic,139,1.0,1.0,0.0,7.0,49.0,0.07073534333262343,0.7305006207590723,1.0,7.118826249062078,1.0986122886681096,0.6625,0.47094849149386087,0.1858767184708474,1.0,2.0,0.05263157894736842,0.0,1.0,1.0986122886681096
7b,yelp,classic,140,1.0,1.0,0.0,7.0,49.0,0.07073534333262343,0.7305006207590723,1.0,6.52649485957079,0.6931471805599453,0.6625,0.7144295334815979,0.16708303198943955,1.0,3.0,0.0,0.0,1.0,0.6931471805599453
7b,yelp,classic,141,1.0,1.0,0.0,7.0,49.0,0.07073534333262343,0.7305006207590723,1.0,6.739336627357174,0.6931471805599453,0.6625,0.503029195467631,0.17229053636127004,1.0,3.0,0.0,0.0,1.0,0.6931471805599453
7b,yelp,classic,142,1.0,1.0,0.0,7.0,49.0,0.07073534333262343,0.7305006207590723,1.0,6.6320017773956295,0.6931471805599453,0.6583333333333333,0.7224881589412688,0.16924916954883346,1.0,3.0,0.0,0.0,1.0,0.6931471805599453
7b,yelp,classic,143,0.5,1.0,0.5,7.0,49.0,0.07073534333262343,0.7305006207590723,1.0,6.2766434893416445,0.6931471805599453,0.65,0.7185608863830566,0.18190861196347352,1.0,3.0,0.0,0.0,1.0,0.6931471805599453
7b,yelp,classic,144,1.0,1.0,0.0,7.0,49.0,0.07073534333262343,0.7305006207590723,1.0,6.35088571671474,0.6931471805599453,0.6541666666666666,0.7115640580654145,0.1771352432406428,1.0,3.0,0.0,0.0,1.0,0.6931471805599453
7b,yelp,classic,145,1.0,1.0,0.0,7.0,49.0,0.07073534333262343,0.7305006207590723,1.0,5.953243334287785,0.6931471805599453,0.6625,0.7150575280189515,0.16646840241553232,1.0,3.0,0.0,0.0,1.0,0.6931471805599453
7b,yelp,classic,146,0.0,0.0,0.0,7.0,49.0,0.07073534333262343,0.7305006207590723,1.0,6.008813185442595,0.6931471805599453,0.6625,0.7232093513011932,0.16692686986359018,1.0,3.0,0.0,0.0,1.0,0.6931471805599453
7b,yelp,classic,147,1.0,1.0,0.0,7.0,49.0,0.07073534333262343,0.7305006207590723,1.0,10.47751330218821,3.828641396489095,0.6583333333333333,0.47568130294481903,0.17179931872293178,1.0,3.0,0.0,0.0,1.0,0.6931471805599453
7b,yelp,classic,148,0.0,1.0,1.0,7.0,49.0,0.07073534333262343,0.7305006207590723,1.0,10.47751330218821,3.828641396489095,0.6583333333333333,0.0003691077232360618,0.10264189039663096,1.0,2.0,0.05263157894736842,0.0,1.0,0.6931471805599453
7b,yelp,classic,149,0.6309297535714575,1.0,0.36907024642854247,7.0,49.0,0.07073534333262343,0.7305006207590723,1.0,10.47751330218821,3.828641396489095,0.6583333333333333,0.0019991934299469216,0.11091809587059752,1.0,3.0,0.0,0.0,1.0,0.6931471805599453
7b,yelp,classic,150,1.0,0.0,-1.0,7.0,49.0,0.07073534333262343,0.7305006207590723,1.0,7.143617602704121,0.6931471805599453,0.6625,0.8128371000289916,0.1954490330732701,1.0,3.0,0.0,0.0,1.0,0.6931471805599453
7b,yelp,classic,151,1.0,1.0,0.0,7.0,49.0,0.07073534333262343,0.7305006207590723,1.0,6.300785794663244,0.6931471805599453,0.6583333333333333,0.7095657587051392,0.1687255467170325,1.0,3.0,0.0,0.0,1.0,0.6931471805599453
7b,yelp,classic,152,1.0,1.0,0.0,7.0,49.0,0.07073534333262343,0.7305006207590723,1.0,6.1463292576688975,0.6931471805599453,0.6666666666666666,0.7087361335754394,0.16265541031501665,1.0,3.0,0.0,0.0,1.0,1.0986122886681096
7b,yelp,classic,153,1.0,1.0,0.0,7.0,49.0,0.07073534333262343,0.7305006207590723,1.0,6.0473721790462776,0.6931471805599453,0.6666666666666666,0.713505870103836,0.16424671706319408,1.0,3.0,0.0,0.0,1.0,0.6931471805599453
7b,yelp,classic,154,1.0,1.0,0.0,7.0,49.0,0.07073534333262343,0.7305006207590723,1.0,6.507277712385012,0.6931471805599453,0.6583333333333333,0.7119448065757752,0.17217587191637465,1.0,3.0,0.0,0.0,1.0,0.6931471805599453
7b,yelp,classic,155,1.0,1.0,0.0,7.0,49.0,0.07073534333262343,0.7305006207590723,1.0,5.83773044716594,0.6931471805599453,0.6666666666666666,0.7119003713130949,0.16174643613307416,1.0,3.0,0.0,0.0,1.0,0.6931471805599453
7b,yelp,classic,156,1.0,1.0,0.0,7.0,49.0,0.07073534333262343,0.7305006207590723,1.0,6.234410725718371,0.6931471805599453,0.6583333333333333,0.7160015940666199,0.1700152102445505,1.0,3.0,0.0,0.0,1.0,0.6931471805599453
7b,yelp,classic,157,1.0,1.0,0.0,7.0,49.0,0.07073534333262343,0.7305006207590723,1.0,5.973809611869261,0.6931471805599453,0.6666666666666666,0.7106247305870057,0.16219925271413307,1.0,3.0,0.0,0.0,1.0,0.6931471805599453
7b,yelp,classic,158,1.0,1.0,0.0,7.0,49.0,0.07073534333262343,0.7305006207590723,1.0,8.656433258507741,2.1972245773362196,0.6625,0.48025520245234177,0.1685506073552946,1.0,3.0,0.0,0.0,1.0,0.6931471805599453
7b,yelp,classic,159,1.0,1.0,0.0,7.0,49.0,0.07073534333262343,0.7305006207590723,1.0,8.656433258507741,2.1972245773362196,0.65,0.47624608675638835,0.18752469868657254,1.0,2.0,0.05263157894736842,0.0,1.0,0.6931471805599453
7b,yelp,classic,160,1.0,1.0,0.0,7.0,49.0,0.07073534333262343,0.7305006207590723,1.0,8.656433258507741,2.1972245773362196,0.6541666666666666,0.4740187267462411,0.18330109299276637,1.0,3.0,0.0,0.0,1.0,0.6931471805599453
7b,yelp,classic,161,1.0,1.0,0.0,7.0,49.0,0.07073534333262343,0.7305006207590723,1.0,6.726233402358747,1.0986122886681096,0.6541666666666666,0.7163730442523956,0.17201520912329837,1.0,3.0,0.0,0.0,1.0,0.6931471805599453
7b,yelp,classic,162,0.0,1.0,1.0,7.0,49.0,0.07073534333262343,0.7305006207590723,1.0,6.726233402358747,1.0986122886681096,0.6625,0.4786696592966716,0.17367978348589186,1.0,3.0,0.0,0.0,1.0,0.6931471805599453
7b,yelp,classic,163,1.0,1.0,0.0,7.0,49.0,0.07073534333262343,0.7305006207590723,1.0,6.9726062513017535,0.6931471805599453,0.6666666666666666,0.47920921246210735,0.16753116139267557,1.0,2.0,0.05263157894736842,0.0,1.0,1.0986122886681096
7b,yelp,classic,164,1.0,1.0,0.0,7.0,49.0,0.07073534333262343,0.7305006207590723,1.0,6.784457062637643,0.6931471805599453,0.6625,0.7122589647769928,0.16523768605809444,1.0,3.0,0.0,0.0,1.0,0.6931471805599453
7b,yelp,classic,165,1.0,1.0,0.0,7.0,49.0,0.07073534333262343,0.7305006207590723,1.0,7.907651594711089,1.791759469228055,0.6583333333333333,0.48098533550898226,0.18107393370092237,1.0,3.0,0.0,0.0,1.0,0.6931471805599453
7b,yelp,classic,166,1.0,1.0,0.0,7.0,49.0,0.07073534333262343,0.7305006207590723,1.0,7.907651594711089,1.791759469228055,0.6583333333333333,0.7072960019111632,0.1676965788209571,1.0,3.0,0.0,0.0,1.0,0.6931471805599453
7b,yelp,classic,167,1.0,1.0,0.0,7.0,49.0,0.07073534333262343,0.7305006207590723,1.0,7.907651594711089,1.791759469228055,0.6625,0.48047507206598905,0.17450786040221486,1.0,3.0,0.0,0.0,1.0,0.6931471805599453
7b,yelp,classic,168,1.0,1.0,0.0,7.0,49.0,0.07073534333262343,0.7305006207590723,1.0,6.82001636467413,0.6931471805599453,0.6625,0.4706604222456614,0.17736898452912536,1.0,2.0,0.10526315789473684,0.0,1.0,0.6931471805599453
7b,yelp,classic,169,1.0,1.0,0.0,7.0,49.0,0.07073534333262343,0.7305006207590723,1.0,8.415160465851086,1.0986122886681096,0.6541666666666666,0.7125644326210022,0.17124031208480853,1.0,3.0,0.0,0.0,1.0,0.6931471805599453
7b,yelp,classic,170,1.0,0.0,-1.0,7.0,49.0,0.07073534333262343,0.7305006207590723,1.0,8.415160465851086,1.0986122886681096,0.6541666666666666,0.7150619626045227,0.16795171261226585,1.0,3.0,0.0,0.0,1.0,1.6094379124341003
7b,yelp,classic,171,1.0,1.0,0.0,7.0,49.0,0.07073534333262343,0.7305006207590723,1.0,6.345636360828596,0.6931471805599453,0.6583333333333333,0.714692622423172,0.17293506469184697,1.0,3.0,0.0,0.0,1.0,0.6931471805599453
7b,yelp,classic,172,1.0,1.0,0.0,7.0,49.0,0.07073534333262343,0.7305006207590723,1.0,7.81035268372429,0.6931471805599453,0.6583333333333333,0.48490781585375453,0.17793802486279237,1.0,3.0,0.0,0.0,1.0,0.6931471805599453
7b,yelp,classic,173,1.0,1.0,0.0,7.0,49.0,0.07073534333262343,0.7305006207590723,1.0,7.506591780070841,1.791759469228055,0.6583333333333333,0.48845439354578657,0.18183813551893135,1.0,3.0,0.0,0.0,1.0,0.6931471805599453
7b,yelp,classic,174,1.0,1.0,0.0,7.0,49.0,0.07073534333262343,0.7305006207590723,1.0,7.506591780070841,1.791759469228055,0.6666666666666666,0.4795241216818491,0.176770341145463,1.0,3.0,0.0,0.0,1.0,0.6931471805599453
7b,yelp,classic,175,1.0,1.0,0.0,7.0,49.0,0.07073534333262343,0.7305006207590723,1.0,7.506591780070841,1.791759469228055,0.6625,0.47754491964975987,0.1834062735723773,1.0,2.0,0.05263157894736842,0.0,1.0,0.6931471805599453
7b,yelp,classic,176,0.6309297535714575,1.0,0.36907024642854247,7.0,49.0,0.07073534333262343,0.7305006207590723,1.0,6.234410725718371,0.6931471805599453,0.6541666666666666,0.49330134193102526,0.18030359640723032,1.0,3.0,0.0,0.0,1.0,1.0986122886681096
7b,yelp,classic,177,1.0,1.0,0.0,7.0,49.0,0.07073534333262343,0.7305006207590723,1.0,7.959275960116396,1.0986122886681096,0.6625,0.7139080047607422,0.16359371046368415,1.0,3.0,0.0,0.0,1.0,1.0986122886681096
7b,yelp,classic,178,0.5,1.0,0.5,7.0,49.0,0.07073534333262343,0.7305006207590723,1.0,7.959275960116396,1.0986122886681096,0.6625,0.7164671897888184,0.16281199360945453,1.0,3.0,0.0,0.0,1.0,0.6931471805599453
7b,yelp,classic,179,1.0,1.0,0.0,7.0,49.0,0.07073534333262343,0.7305006207590723,1.0,7.025538314638521,1.0986122886681096,0.6458333333333333,0.7102834463119505,0.17930585386008416,1.0,3.0,0.0,0.0,1.0,0.6931471805599453
7b,yelp,classic,180,1.0,1.0,0.0,7.0,49.0,0.07073534333262343,0.7305006207590723,1.0,7.025538314638521,1.0986122886681096,0.6583333333333333,0.714384239912033,0.17027372090090673,1.0,3.0,0.0,0.0,1.0,0.6931471805599453
7b,yelp,classic,181,1.0,1.0,0.0,7.0,49.0,0.07073534333262343,0.7305006207590723,1.0,7.811163385025279,1.3862943611198906,0.6583333333333333,0.7189574062824249,0.1668105957488888,1.0,3.0,0.0,0.0,1.0,0.6931471805599453
7b,yelp,classic,182,0.0,1.0,1.0,7.0,49.0,0.07073534333262343,0.7305006207590723,1.0,9.18471482433721,2.8903717578961645,0.6541666666666666,0.47722625533739715,0.19187299821202408,1.0,3.0,0.0,0.0,1.0,0.6931471805599453
7b,yelp,classic,183,1.0,1.0,0.0,7.0,49.0,0.07073534333262343,0.7305006207590723,1.0,9.18471482433721,2.8903717578961645,0.6458333333333333,0.4800795892874399,0.1956530721219438,1.0,3.0,0.0,0.0,1.0,0.6931471805599453
7b,yelp,classic,184,1.0,1.0,0.0,7.0,49.0,0.07073534333262343,0.7305006207590723,1.0,9.18471482433721,2.8903717578961645,0.6666666666666666,0.47350081006685885,0.1801502245534133,1.0,3.0,0.0,0.0,1.0,0.6931471805599453
7b,yelp,classic,185,1.0,1.0,0.0,7.0,49.0,0.07073534333262343,0.7305006207590723,1.0,8.921457578947884,2.1972245773362196,0.6583333333333333,0.7120833158493043,0.16848666307124438,1.0,3.0,0.0,0.0,1.0,0.6931471805599453
7b,yelp,classic,186,0.0,1.0,1.0,7.0,49.0,0.07073534333262343,0.7305006207590723,1.0,8.921457578947884,2.1972245773362196,0.6541666666666666,0.4769080738226572,0.18160864847751268,1.0,3.0,0.0,0.0,1.0,0.6931471805599453
7b,yelp,classic,187,1.0,1.0,0.0,7.0,49.0,0.07073534333262343,0.7305006207590723,1.0,6.775366090936392,1.0986122886681096,0.6583333333333333,0.7160171151161194,0.16796419643018184,1.0,3.0,0.0,0.0,1.0,0.6931471805599453
7b,yelp,classic,188,1.0,1.0,0.0,7.0,49.0,0.07073534333262343,0.7305006207590723,1.0,6.775366090936392,1.0986122886681096,0.6625,0.7173355460166931,0.16883938165810286,1.0,3.0,0.0,0.0,1.0,0.6931471805599453
7b,yelp,classic,189,0.0,0.43067655807339306,0.43067655807339306,7.0,49.0,0.07073534333262343,0.7305006207590723,1.0,8.09009578318096,1.9459101490553132,0.6625,0.5017975072065988,0.1653127970062494,1.0,3.0,0.0,0.0,1.0,0.6931471805599453
7b,yelp,classic,190,1.0,1.0,0.0,7.0,49.0,0.07073534333262343,0.7305006207590723,1.0,8.09009578318096,1.9459101490553132,0.6625,0.4965830246607461,0.1774295659198221,1.0,3.0,0.0,0.0,1.0,0.6931471805599453
7b,yelp,classic,191,1.0,1.0,0.0,7.0,49.0,0.07073534333262343,0.7305006207590723,1.0,8.09009578318096,1.9459101490553132,0.6583333333333333,0.48554991881052656,0.16934763464758223,1.0,3.0,0.0,0.0,1.0,1.0986122886681096
7b,yelp,classic,192,1.0,1.0,0.0,7.0,49.0,0.07073534333262343,0.7305006207590723,1.0,6.5998704992128365,0.6931471805599453,0.65,0.7117704629898072,0.17987113948187192,1.0,3.0,0.0,0.0,1.0,0.6931471805599453
7b,yelp,classic,193,1.0,1.0,0.0,7.0,49.0,0.07073534333262343,0.7305006207590723,1.0,6.47543271670409,0.6931471805599453,0.6625,0.4777888576189676,0.17250272994634544,1.0,2.0,0.05263157894736842,0.0,1.0,0.6931471805599453
7b,yelp,classic,194,1.0,1.0,0.0,7.0,49.0,0.07073534333262343,0.7305006207590723,1.0,7.83399634170946,1.6094379124341003,0.6666666666666666,0.47634364763895665,0.17147661413713958,1.0,3.0,0.0,0.0,1.0,0.6931471805599453
7b,yelp,classic,195,1.0,1.0,0.0,7.0,49.0,0.07073534333262343,0.7305006207590723,1.0,7.83399634170946,1.6094379124341003,0.6666666666666666,0.4798411766688029,0.16426805457906546,1.0,3.0,0.0,0.0,1.0,0.6931471805599453
7b,yelp,classic,196,1.0,1.0,0.0,7.0,49.0,0.07073534333262343,0.7305006207590723,1.0,7.83399634170946,1.6094379124341003,0.6541666666666666,0.4766848961512248,0.17936800048933296,1.0,3.0,0.0,0.0,1.0,0.6931471805599453
7b,yelp,classic,197,0.38685280723454163,0.38685280723454163,0.0,7.0,49.0,0.07073534333262343,0.7305006207590723,1.0,5.7899601708972535,0.6931471805599453,0.6666666666666666,0.7266580283641815,0.170069322851027,1.0,3.0,0.0,0.0,1.0,0.6931471805599453
7b,yelp,classic,198,1.0,1.0,0.0,7.0,49.0,0.07073534333262343,0.7305006207590723,1.0,5.983936280687191,0.6931471805599453,0.6583333333333333,0.4953052918116251,0.17755712279482544,1.0,3.0,0.0,0.0,1.0,0.6931471805599453
7b,yelp,classic,199,1.0,1.0,0.0,7.0,49.0,0.07073534333262343,0.7305006207590723,1.0,6.85751406254539,1.0986122886681096,0.6666666666666666,0.4945882658163705,0.16533758825107803,1.0,3.0,0.0,0.0,1.0,0.6931471805599453
7b,yelp,classic,200,0.6309297535714575,1.0,0.36907024642854247,7.0,49.0,0.07073534333262343,0.7305006207590723,1.0,6.85751406254539,1.0986122886681096,0.6666666666666666,0.4813301245371501,0.16632190460973836,1.0,3.0,0.0,0.0,1.0,0.6931471805599453
7b,yelp,classic,201,1.0,1.0,0.0,7.0,49.0,0.07073534333262343,0.7305006207590723,1.0,7.170119543449628,1.0986122886681096,0.6583333333333333,0.7125058531761168,0.1639684942543934,1.0,3.0,0.0,0.0,1.0,0.6931471805599453
7b,yelp,classic,202,1.0,1.0,0.0,7.0,49.0,0.07073534333262343,0.7305006207590723,1.0,8.17526610411206,1.6094379124341003,0.6583333333333333,0.7135311007499695,0.1723539400551029,1.0,3.0,0.0,0.0,1.0,0.6931471805599453
7b,yelp,classic,203,0.0,0.6309297535714575,0.6309297535714575,7.0,49.0,0.07073534333262343,0.7305006207590723,1.0,8.17526610411206,1.6094379124341003,0.6625,0.7105016887187958,0.16339119703730115,1.0,3.0,0.0,0.0,1.0,0.6931471805599453
7b,yelp,classic,204,1.0,1.0,0.0,7.0,49.0,0.07073534333262343,0.7305006207590723,1.0,8.17526610411206,1.6094379124341003,0.6583333333333333,0.48142664829889925,0.1755318264386672,1.0,3.0,0.0,0.0,1.0,0.6931471805599453
7b,yelp,classic,205,0.0,1.0,1.0,7.0,49.0,0.07073534333262343,0.7305006207590723,1.0,7.644919344958857,0.6931471805599453,0.6625,0.7156387448310851,0.16595172312640524,1.0,3.0,0.0,0.0,1.0,0.6931471805599453
7b,yelp,classic,206,0.0,0.43067655807339306,0.43067655807339306,7.0,49.0,0.07073534333262343,0.7305006207590723,1.0,7.696667081526462,0.6931471805599453,0.6458333333333333,0.7126456856727601,0.180257676829053,1.0,3.0,0.0,0.0,1.0,0.6931471805599453
7b,yelp,classic,207,1.0,1.0,0.0,7.0,49.0,0.07073534333262343,0.7305006207590723,1.0,8.693664334532016,2.4849066497880004,0.6625,0.4723158280054728,0.17739007943789734,1.0,3.0,0.0,0.0,1.0,0.6931471805599453
7b,yelp,classic,208,0.5,1.0,0.5,7.0,49.0,0.07073534333262343,0.7305006207590723,1.0,8.693664334532016,2.4849066497880004,0.6625,0.47650833527247116,0.17390218348167374,1.0,3.0,0.0,0.0,1.0,0.6931471805599453
7b,yelp,classic,209,1.0,1.0,0.0,7.0,49.0,0.07073534333262343,0.7305006207590723,1.0,8.693664334532016,2.4849066497880004,0.6583333333333333,0.4859865109125774,0.17383389343655345,1.0,3.0,0.0,0.0,1.0,1.0986122886681096
7b,yelp,classic,210,1.0,0.6309297535714575,-0.36907024642854247,7.0,49.0,0.07073534333262343,0.7305006207590723,1.0,6.218600119691729,0.6931471805599453,0.65,0.7146577179431914,0.1771425044534242,1.0,3.0,0.0,0.0,1.0,0.6931471805599453
7b,yelp,classic,211,0.0,0.0,0.0,7.0,49.0,0.07073534333262343,0.7305006207590723,1.0,6.894670039433482,0.6931471805599453,0.6625,0.8297607839107514,0.1909829521042346,1.0,3.0,0.0,0.0,1.0,0.6931471805599453
7b,yelp,classic,212,1.0,1.0,0.0,7.0,49.0,0.07073534333262343,0.7305006207590723,1.0,9.217713126305595,2.3978952727983707,0.6541666666666666,0.47416120568911235,0.19007071541320847,1.0,3.0,0.0,0.0,1.0,0.6931471805599453
7b,yelp,classic,213,1.0,1.0,0.0,7.0,49.0,0.07073534333262343,0.7305006207590723,1.0,9.217713126305595,2.3978952727983707,0.6541666666666666,0.47689741651217143,0.1751942793485482,1.0,3.0,0.0,0.0,1.0,0.6931471805599453
7b,yelp,classic,214,1.0,1.0,0.0,7.0,49.0,0.07073534333262343,0.7305006207590723,1.0,9.217713126305595,2.3978952727983707,0.6625,0.47883810202280674,0.17947409487416208,1.0,3.0,0.0,0.0,1.0,0.6931471805599453
7b,yelp,classic,215,1.0,1.0,0.0,7.0,49.0,0.07073534333262343,0.7305006207590723,1.0,6.102558594613569,0.6931471805599453,0.6625,0.729702353477478,0.17077941157225604,1.0,3.0,0.0,0.0,1.0,0.6931471805599453
7b,yelp,classic,216,1.0,1.0,0.0,7.0,49.0,0.07073534333262343,0.7305006207590723,1.0,7.91862865334224,0.6931471805599453,0.6541666666666666,0.7107902407646178,0.1764084995114636,1.0,3.0,0.0,0.0,1.0,0.6931471805599453
7b,yelp,classic,217,1.0,1.0,0.0,7.0,49.0,0.07073534333262343,0.7305006207590723,1.0,5.924255797414532,0.6931471805599453,0.6583333333333333,0.7168602406978608,0.17007190000486078,1.0,3.0,0.0,0.0,1.0,0.6931471805599453
7b,yelp,classic,218,1.0,1.0,0.0,7.0,49.0,0.07073534333262343,0.7305006207590723,1.0,6.386879319362645,0.6931471805599453,0.6541666666666666,0.7300092518329621,0.17644999891847576,1.0,3.0,0.0,0.0,1.0,1.0986122886681096
7b,yelp,classic,219,1.0,1.0,0.0,7.0,49.0,0.07073534333262343,0.7305006207590723,1.0,6.137727054086234,0.6931471805599453,0.6625,0.5227043430010477,0.1668281573000771,1.0,3.0,0.0,0.0,1.0,0.6931471805599453
7b,yelp,classic,220,1.0,1.0,0.0,7.0,49.0,0.07073534333262343,0.7305006207590723,1.0,6.51471269087253,0.6931471805599453,0.6625,0.7252291083335876,0.1657924018309159,1.0,3.0,0.0,0.0,1.0,0.6931471805599453
7b,yelp,classic,221,0.6309297535714575,0.6309297535714575,0.0,7.0,49.0,0.07073534333262343,0.7305006207590723,1.0,8.307212626628308,1.3862943611198906,0.6583333333333333,0.7092892944812774,0.17122563729815243,1.0,3.0,0.0,0.0,1.0,0.6931471805599453
7b,yelp,classic,222,1.0,1.0,0.0,7.0,49.0,0.07073534333262343,0.7305006207590723,1.0,8.307212626628308,1.3862943611198906,0.6625,0.475980297724406,0.17363639342528617,1.0,2.0,0.05263157894736842,0.0,1.0,0.6931471805599453
7b,yelp,classic,223,1.0,1.0,0.0,7.0,49.0,0.07073534333262343,0.7305006207590723,1.0,8.307212626628308,1.3862943611198906,0.6583333333333333,0.4976713041464488,0.18299108167942044,1.0,3.0,0.0,0.0,1.0,0.6931471805599453
7b,yelp,classic,224,0.43067655807339306,1.0,0.5693234419266069,7.0,49.0,0.07073534333262343,0.7305006207590723,1.0,8.262300941787448,1.791759469228055,0.6625,0.4859284500281015,0.1716186006000913,1.0,3.0,0.0,0.0,1.0,0.6931471805599453
7b,yelp,classic,225,0.0,0.0,0.0,7.0,49.0,0.07073534333262343,0.7305006207590723,1.0,8.262300941787448,1.791759469228055,0.6625,0.47502716581026716,0.17047685239196825,1.0,3.0,0.0,0.0,1.0,0.6931471805599453
7b,yelp,classic,226,1.0,1.0,0.0,7.0,49.0,0.07073534333262343,0.7305006207590723,1.0,8.262300941787448,1.791759469228055,0.65,0.7095632374286651,0.17210934019033405,1.0,3.0,0.0,0.0,1.0,1.0986122886681096
7b,yelp,classic,227,1.0,0.0,-1.0,7.0,49.0,0.07073534333262343,0.7305006207590723,1.0,7.133295954896068,0.6931471805599453,0.6625,0.708464729785919,0.16657068462262176,1.0,3.0,0.0,0.0,1.0,0.6931471805599453
7b,yelp,classic,228,1.0,0.5,-0.5,7.0,49.0,0.07073534333262343,0.7305006207590723,1.0,6.269096283706261,0.6931471805599453,0.6625,0.7119361340999601,0.16520761299494974,1.0,3.0,0.0,0.0,1.0,0.6931471805599453
7b,yelp,classic,229,1.0,1.0,0.0,7.0,49.0,0.07073534333262343,0.7305006207590723,1.0,6.163314804034641,0.6931471805599453,0.6541666666666666,0.6319618652264276,0.19711705922939968,1.0,3.0,0.0,0.0,1.0,0.6931471805599453
7b,yelp,classic,230,1.0,1.0,0.0,7.0,49.0,0.07073534333262343,0.7305006207590723,1.0,9.07383312732152,1.791759469228055,0.6625,0.4810106555620828,0.16963789013931757,1.0,3.0,0.0,0.0,1.0,0.6931471805599453
7b,yelp,classic,231,0.6309297535714575,1.0,0.36907024642854247,7.0,49.0,0.07073534333262343,0.7305006207590723,1.0,9.07383312732152,1.791759469228055,0.6625,0.7107602179050445,0.162045628171659,1.0,3.0,0.0,0.0,1.0,0.6931471805599453
7b,yelp,classic,232,0.43067655807339306,1.0,0.5693234419266069,7.0,49.0,0.07073534333262343,0.7305006207590723,1.0,9.07383312732152,1.791759469228055,0.6625,0.48576227823893225,0.1685740627817669,1.0,3.0,0.0,0.0,1.0,0.6931471805599453
7b,yelp,classic,233,1.0,1.0,0.0,7.0,49.0,0.07073534333262343,0.7305006207590723,1.0,6.175867270105761,0.6931471805599453,0.6583333333333333,0.7131207048892974,0.1693029203148437,1.0,3.0,0.0,0.0,1.0,0.6931471805599453
7b,yelp,classic,234,0.6309297535714575,1.0,0.36907024642854247,7.0,49.0,0.07073534333262343,0.7305006207590723,1.0,6.51471269087253,0.6931471805599453,0.6416666666666666,0.7150457441806793,0.18760406037904281,1.0,3.0,0.0,0.0,1.0,1.0986122886681096
7b,yelp,classic,235,1.0,0.6309297535714575,-0.36907024642854247,7.0,49.0,0.07073534333262343,0.7305006207590723,1.0,9.720705889909716,2.833213344056216,0.6625,0.4872409979502359,0.16819153768292847,1.0,3.0,0.0,0.0,1.0,1.0986122886681096
7b,yelp,classic,236,1.0,1.0,0.0,7.0,49.0,0.07073534333262343,0.7305006207590723,1.0,9.720705889909716,2.833213344056216,0.6625,0.4795716683069865,0.17121212331049437,1.0,3.0,0.0,0.0,1.0,0.6931471805599453
7b,yelp,classic,237,0.0,0.43067655807339306,0.43067655807339306,7.0,49.0,0.07073534333262343,0.7305006207590723,1.0,9.720705889909716,2.833213344056216,0.6583333333333333,0.4808815519014994,0.17487252957317231,1.0,3.0,0.0,0.0,1.0,1.0986122886681096
7b,yelp,classic,238,1.0,1.0,0.0,7.0,49.0,0.07073534333262343,0.7305006207590723,1.0,6.840546529288687,0.6931471805599453,0.6625,0.7107371151447297,0.16497114273323385,1.0,3.0,0.0,0.0,1.0,0.6931471805599453
7b,yelp,classic,239,1.0,1.0,0.0,7.0,49.0,0.07073534333262343,0.7305006207590723,1.0,6.208590026096629,0.6931471805599453,0.6583333333333333,0.7165375351905822,0.16988176349831194,1.0,3.0,0.0,0.0,1.0,0.6931471805599453
7b,yelp,classic,240,1.0,1.0,0.0,7.0,49.0,0.07073534333262343,0.7305006207590723,1.0,6.827629234502852,0.6931471805599453,0.6583333333333333,0.7159994304180144,0.16871471776332714,1.0,3.0,0.0,0.0,1.0,0.6931471805599453
7b,yelp,classic,241,1.0,1.0,0.0,7.0,49.0,0.07073534333262343,0.7305006207590723,1.0,6.473890696352274,0.6931471805599453,0.6666666666666666,0.7118036866188049,0.16420764049553205,1.0,3.0,0.0,0.0,1.0,0.6931471805599453
7b,yelp,classic,242,1.0,1.0,0.0,7.0,49.0,0.07073534333262343,0.7305006207590723,1.0,6.763884908562435,0.6931471805599453,0.6625,0.7130834937095643,0.16412427481213757,1.0,3.0,0.0,0.0,1.0,0.6931471805599453
7b,yelp,classic,243,1.0,1.0,0.0,7.0,49.0,0.07073534333262343,0.7305006207590723,1.0,6.9930151229329605,0.6931471805599453,0.6541666666666666,0.7116048455238342,0.1757301545208989,1.0,3.0,0.0,0.0,1.0,0.6931471805599453
7b,yelp,classic,244,1.0,1.0,0.0,7.0,49.0,0.07073534333262343,0.7305006207590723,1.0,7.1731917424865985,0.6931471805599453,0.6583333333333333,0.7102091491222382,0.17022594791383822,1.0,3.0,0.0,0.0,1.0,0.6931471805599453
7b,yelp,classic,245,1.0,1.0,0.0,7.0,49.0,0.07073534333262343,0.7305006207590723,1.0,5.993961427306569,0.6931471805599453,0.6625,0.7157110214233399,0.16610991600689162,1.0,3.0,0.0,0.0,1.0,0.6931471805599453
7b,yelp,classic,246,1.0,1.0,0.0,7.0,49.0,0.07073534333262343,0.7305006207590723,1.0,8.283999304248526,1.9459101490553132,0.65,0.7085274577140808,0.18062966293283117,1.0,3.0,0.0,0.0,1.0,0.6931471805599453
7b,yelp,classic,247,1.0,1.0,0.0,7.0,49.0,0.07073534333262343,0.7305006207590723,1.0,8.283999304248526,1.9459101490553132,0.6625,0.710053813457489,0.16776394319994054,1.0,3.0,0.0,0.0,1.0,0.6931471805599453
7b,yelp,classic,248,1.0,1.0,0.0,7.0,49.0,0.07073534333262343,0.7305006207590723,1.0,8.283999304248526,1.9459101490553132,0.6541666666666666,0.4763602058092753,0.17808192761306485,1.0,3.0,0.0,0.0,1.0,0.6931471805599453
7b,yelp,classic,249,1.0,1.0,0.0,7.0,49.0,0.07073534333262343,0.7305006207590723,1.0,5.902633333401366,0.6931471805599453,0.6666666666666666,0.7140008449554444,0.16122861283991488,1.0,3.0,0.0,0.0,1.0,0.6931471805599453
7b,yelp,classic,250,1.0,0.0,-1.0,7.0,49.0,0.07073534333262343,0.7305006207590723,1.0,6.208590026096629,0.6931471805599453,0.6625,0.7429151475429534,0.17126075572590654,1.0,3.0,0.0,0.0,1.0,0.6931471805599453
7b,yelp,classic,251,0.0,1.0,1.0,7.0,49.0,0.07073534333262343,0.7305006207590723,1.0,6.156978985585555,0.6931471805599453,0.6625,0.47534400622049966,0.1824307103171542,1.0,2.0,0.05263157894736842,0.0,1.0,1.0986122886681096
7b,yelp,classic,252,1.0,1.0,0.0,7.0,49.0,0.07073534333262343,0.7305006207590723,1.0,6.259581464064923,0.6931471805599453,0.6541666666666666,0.711399245262146,0.17468732358032873,1.0,3.0,0.0,0.0,1.0,0.6931471805599453
7b,yelp,classic,253,1.0,1.0,0.0,7.0,49.0,0.07073534333262343,0.7305006207590723,1.0,6.779921907472252,0.6931471805599453,0.6625,0.5106275896231333,0.16985167599892548,1.0,3.0,0.0,0.0,1.0,1.0986122886681096
7b,yelp,classic,254,1.0,1.0,0.0,7.0,49.0,0.07073534333262343,0.7305006207590723,1.0,7.57198844937744,1.3862943611198906,0.6583333333333333,0.7119441986083985,0.17210184566601666,1.0,3.0,0.0,0.0,1.0,0.6931471805599453
7b,yelp,classic,255,0.43067655807339306,1.0,0.5693234419266069,7.0,49.0,0.07073534333262343,0.7305006207590723,1.0,7.57198844937744,1.3862943611198906,0.6583333333333333,0.7119027674198151,0.17160117949160433,1.0,3.0,0.0,0.0,1.0,0.6931471805599453
7b,yelp,classic,256,1.0,1.0,0.0,7.0,49.0,0.07073534333262343,0.7305006207590723,1.0,7.57198844937744,1.3862943611198906,0.6625,0.7111088871955872,0.17082834001568784,1.0,3.0,0.0,0.0,1.0,0.6931471805599453
7b,yelp,classic,257,1.0,0.5,-0.5,7.0,49.0,0.07073534333262343,0.7305006207590723,1.0,10.586407613940557,4.290459441148391,0.6666666666666666,0.0011543333530426025,0.0867334074730576,1.0,3.0,0.0,0.0,1.0,0.6931471805599453
7b,yelp,classic,258,1.0,1.0,0.0,7.0,49.0,0.07073534333262343,0.7305006207590723,1.0,10.586407613940557,4.290459441148391,0.6666666666666666,0.4722422103087107,0.1752923900079877,1.0,3.0,0.0,0.0,1.0,0.6931471805599453
7b,yelp,classic,259,0.0,1.0,1.0,7.0,49.0,0.07073534333262343,0.7305006207590723,1.0,10.586407613940557,4.290459441148391,0.6625,0.4721158782641093,0.17977842630561033,1.0,3.0,0.0,0.0,1.0,0.6931471805599453
7b,yelp,classic,260,0.6309297535714575,0.5,-0.13092975357145753,7.0,49.0,0.07073534333262343,0.7305006207590723,1.0,5.891644211825771,0.6931471805599453,0.6583333333333333,0.7180483698844908,0.17062120459019714,1.0,3.0,0.0,0.0,1.0,0.6931471805599453
7b,yelp,classic,261,0.0,0.0,0.0,7.0,49.0,0.07073534333262343,0.7305006207590723,1.0,6.931471805599453,0.6931471805599453,0.6541666666666666,0.8148443579673766,0.1911151579590993,1.0,3.0,0.0,0.0,1.0,0.6931471805599453
7b,yelp,classic,262,1.0,1.0,0.0,7.0,49.0,0.07073534333262343,0.7305006207590723,1.0,5.834810737062605,0.6931471805599453,0.6583333333333333,0.715971052646637,0.16922504133419317,1.0,3.0,0.0,0.0,1.0,0.6931471805599453
7b,yelp,classic,263,1.0,1.0,0.0,7.0,49.0,0.07073534333262343,0.7305006207590723,1.0,7.488852955733459,0.6931471805599453,0.6583333333333333,0.7364018857479095,0.17574420884510783,1.0,3.0,0.0,0.0,1.0,0.6931471805599453
7b,yelp,classic,264,1.0,1.0,0.0,7.0,49.0,0.07073534333262343,0.7305006207590723,1.0,6.0063531596017325,0.6931471805599453,0.6625,0.47668884793917343,0.17828757309801976,1.0,2.0,0.05263157894736842,0.0,1.0,0.6931471805599453
7b,yelp,classic,265,1.0,1.0,0.0,7.0,49.0,0.07073534333262343,0.7305006207590723,1.0,6.688354713946762,0.6931471805599453,0.6625,0.7121393203735351,0.1698087521903216,1.0,3.0,0.0,0.0,1.0,0.6931471805599453
7b,yelp,classic,266,1.0,1.0,0.0,7.0,49.0,0.07073534333262343,0.7305006207590723,1.0,6.1675164908883415,0.6931471805599453,0.6625,0.7125921845436096,0.1646226849020719,1.0,3.0,0.0,0.0,1.0,0.6931471805599453
7b,yelp,classic,267,0.6309297535714575,1.0,0.36907024642854247,7.0,49.0,0.07073534333262343,0.7305006207590723,1.0,7.37650812632622,0.6931471805599453,0.65,0.4972704033056894,0.18602179513022962,1.0,3.0,0.0,0.0,1.0,0.6931471805599453
7b,yelp,classic,268,0.0,1.0,1.0,7.0,49.0,0.07073534333262343,0.7305006207590723,1.0,6.313548046277095,0.6931471805599453,0.6625,0.7147470891475678,0.16729540160482767,1.0,3.0,0.0,0.0,1.0,0.6931471805599453
7b,yelp,classic,269,0.6309297535714575,1.0,0.36907024642854247,7.0,49.0,0.07073534333262343,0.7305006207590723,1.0,8.18757739559151,1.9459101490553132,0.6541666666666666,0.25094525416692093,0.1976868534724707,1.0,2.0,0.05263157894736842,0.0,1.0,0.6931471805599453
7b,yelp,classic,270,1.0,1.0,0.0,7.0,49.0,0.07073534333262343,0.7305006207590723,1.0,8.18757739559151,1.9459101490553132,0.6625,0.476269761721293,0.17381188000332584,1.0,3.0,0.0,0.0,1.0,0.6931471805599453
7b,yelp,classic,271,0.43067655807339306,1.0,0.5693234419266069,7.0,49.0,0.07073534333262343,0.7305006207590723,1.0,8.18757739559151,1.9459101490553132,0.6583333333333333,0.4804519156614939,0.17643914460630922,1.0,3.0,0.0,0.0,1.0,0.6931471805599453
7b,yelp,classic,272,0.38685280723454163,0.43067655807339306,0.04382375083885143,7.0,49.0,0.07073534333262343,0.7305006207590723,1.0,6.508769136971682,0.6931471805599453,0.6625,0.7135688483715057,0.16693294073451562,1.0,3.0,0.0,0.0,1.0,0.6931471805599453
7b,yelp,classic,273,1.0,1.0,0.0,7.0,49.0,0.07073534333262343,0.7305006207590723,1.0,6.897704943128636,0.6931471805599453,0.6625,0.4811818699042002,0.1782500428024067,1.0,3.0,0.0,0.0,1.0,0.6931471805599453
7b,yelp,classic,274,0.43067655807339306,0.0,-0.43067655807339306,7.0,49.0,0.07073534333262343,0.7305006207590723,1.0,7.457609289715606,1.6094379124341003,0.6625,0.47725878159205104,0.18116234463456224,1.0,2.0,0.10526315789473684,0.0,1.0,0.6931471805599453
7b,yelp,classic,275,1.0,1.0,0.0,7.0,49.0,0.07073534333262343,0.7305006207590723,1.0,6.016157159698354,0.6931471805599453,0.6625,0.7117067873477936,0.16802018174964797,1.0,3.0,0.0,0.0,1.0,0.6931471805599453
7b,yelp,classic,276,0.6309297535714575,1.0,0.36907024642854247,7.0,49.0,0.07073534333262343,0.7305006207590723,1.0,8.429454277108231,2.0794415416798357,0.6625,0.47947407166163125,0.17290743769333236,1.0,3.0,0.0,0.0,1.0,0.6931471805599453
7b,yelp,classic,277,0.0,0.6309297535714575,0.6309297535714575,7.0,49.0,0.07073534333262343,0.7305006207590723,1.0,8.429454277108231,2.0794415416798357,0.6625,0.24319265087445585,0.1968869989881235,1.0,3.0,0.0,0.0,1.0,0.6931471805599453
7b,yelp,classic,278,1.0,1.0,0.0,7.0,49.0,0.07073534333262343,0.7305006207590723,1.0,8.429454277108231,2.0794415416798357,0.6625,0.4763378004233043,0.18338693302082368,1.0,3.0,0.0,0.0,1.0,0.6931471805599453
7b,yelp,classic,279,1.0,1.0,0.0,7.0,49.0,0.07073534333262343,0.7305006207590723,1.0,7.187657164114956,1.3862943611198906,0.65,0.4848556021849315,0.18957470406943427,1.0,3.0,0.0,0.0,1.0,0.6931471805599453
7b,yelp,classic,280,0.43067655807339306,1.0,0.5693234419266069,7.0,49.0,0.07073534333262343,0.7305006207590723,1.0,7.187657164114956,1.3862943611198906,0.6583333333333333,0.7123415052890777,0.17017182310994702,1.0,3.0,0.0,0.0,1.0,0.6931471805599453
7b,yelp,classic,281,1.0,1.0,0.0,7.0,49.0,0.07073534333262343,0.7305006207590723,1.0,7.187657164114956,1.3862943611198906,0.6625,0.4818968753019969,0.1703807057178421,1.0,3.0,0.0,0.0,1.0,0.6931471805599453
7b,yelp,classic,282,1.0,1.0,0.0,7.0,49.0,0.07073534333262343,0.7305006207590723,1.0,8.769973211858753,2.4849066497880004,0.6583333333333333,0.4767047802607218,0.18541851037267382,1.0,3.0,0.0,0.0,1.0,0.6931471805599453
7b,yelp,classic,283,1.0,1.0,0.0,7.0,49.0,0.07073534333262343,0.7305006207590723,1.0,8.769973211858753,2.4849066497880004,0.6583333333333333,0.47352680961290994,0.1956192779593579,1.0,3.0,0.0,0.0,1.0,0.6931471805599453
7b,yelp,classic,284,1.0,1.0,0.0,7.0,49.0,0.07073534333262343,0.7305006207590723,1.0,8.769973211858753,2.4849066497880004,0.65,0.47997911373774205,0.18146141966578483,1.0,3.0,0.0,0.0,1.0,0.6931471805599453
7b,yelp,classic,285,1.0,1.0,0.0,7.0,49.0,0.07073534333262343,0.7305006207590723,1.0,5.846438775057724,0.6931471805599453,0.6666666666666666,0.4934102932612101,0.1672273439592727,1.0,3.0,0.0,0.0,1.0,0.6931471805599453
7b,yelp,classic,286,1.0,1.0,0.0,7.0,49.0,0.07073534333262343,0.7305006207590723,1.0,6.761572768804055,0.6931471805599453,0.6541666666666666,0.7256904304027556,0.17112306862356447,1.0,3.0,0.0,0.0,1.0,0.6931471805599453
7b,yelp,classic,287,1.0,1.0,0.0,7.0,49.0,0.07073534333262343,0.7305006207590723,1.0,6.045005314036012,0.6931471805599453,0.6625,0.7112874329090118,0.16852613137727976,1.0,3.0,0.0,0.0,1.0,0.6931471805599453
7b,yelp,classic,288,1.0,1.0,0.0,7.0,49.0,0.07073534333262343,0.7305006207590723,1.0,7.444833273892193,1.3862943611198906,0.6541666666666666,0.47965855399767554,0.1795657536469956,1.0,3.0,0.0,0.0,1.0,0.6931471805599453
7b,yelp,classic,289,1.0,1.0,0.0,7.0,49.0,0.07073534333262343,0.7305006207590723,1.0,7.444833273892193,1.3862943611198906,0.65,0.48384260336558016,0.18385072088562054,1.0,3.0,0.0,0.0,1.0,0.6931471805599453
7b,yelp,classic,290,1.0,1.0,0.0,7.0,49.0,0.07073534333262343,0.7305006207590723,1.0,7.444833273892193,1.3862943611198906,0.6625,0.717996460199356,0.16941974932707615,1.0,3.0,0.0,0.0,1.0,0.6931471805599453
7b,yelp,classic,291,1.0,0.5,-0.5,7.0,49.0,0.07073534333262343,0.7305006207590723,1.0,6.602587892189336,0.6931471805599453,0.6625,0.709595388174057,0.16724088003542031,1.0,3.0,0.0,0.0,1.0,0.6931471805599453
7b,yelp,classic,292,1.0,1.0,0.0,7.0,49.0,0.07073534333262343,0.7305006207590723,1.0,7.497207223203318,1.3862943611198906,0.65,0.6422863582770029,0.17273614983539023,1.0,3.0,0.0,0.0,1.0,0.6931471805599453
7b,yelp,classic,293,1.0,1.0,0.0,7.0,49.0,0.07073534333262343,0.7305006207590723,1.0,7.497207223203318,1.3862943611198906,0.6625,0.48466437856356304,0.17826260498047206,1.0,3.0,0.0,0.0,1.0,0.6931471805599453
7b,yelp,classic,294,0.5,1.0,0.5,7.0,49.0,0.07073534333262343,0.7305006207590723,1.0,7.497207223203318,1.3862943611198906,0.6625,0.4881938258806865,0.17070283049126667,1.0,3.0,0.0,0.0,1.0,0.6931471805599453
7b,yelp,classic,295,1.0,1.0,0.0,7.0,49.0,0.07073534333262343,0.7305006207590723,1.0,7.034387929915503,0.6931471805599453,0.6541666666666666,0.7157351076602936,0.17434336940432116,1.0,3.0,0.0,0.0,1.0,0.6931471805599453
7b,yelp,classic,296,0.6309297535714575,0.6309297535714575,0.0,7.0,49.0,0.07073534333262343,0.7305006207590723,1.0,7.9865049385539955,1.9459101490553132,0.6583333333333333,3.576278673200761e-08,0.23302164230659408,1.0,3.0,0.0,0.0,1.0,0.6931471805599453
7b,yelp,classic,297,0.43067655807339306,0.6309297535714575,0.20025319549806447,7.0,49.0,0.07073534333262343,0.7305006207590723,1.0,7.9865049385539955,1.9459101490553132,0.6583333333333333,0.4948792497316996,0.17948084699005631,1.0,3.0,0.0,0.0,1.0,0.6931471805599453
7b,yelp,classic,298,1.0,1.0,0.0,7.0,49.0,0.07073534333262343,0.7305006207590723,1.0,7.9865049385539955,1.9459101490553132,0.6583333333333333,0.4787592271963754,0.17821457956719064,1.0,3.0,0.0,0.0,1.0,0.6931471805599453
7b,yelp,classic,299,1.0,1.0,0.0,7.0,49.0,0.07073534333262343,0.7305006207590723,1.0,6.159095388491933,0.6931471805599453,0.6625,0.4801909367243449,0.17508091517184174,1.0,3.0,0.0,0.0,1.0,0.6931471805599453
7b,yelp,classic,300,1.0,1.0,0.0,7.0,49.0,0.07073534333262343,0.7305006207590723,1.0,6.444131256700441,0.6931471805599453,0.6541666666666666,0.474808762470881,0.18301869753583244,1.0,3.0,0.0,0.0,1.0,0.6931471805599453
7b,yelp,classic,301,1.0,1.0,0.0,7.0,49.0,0.07073534333262343,0.7305006207590723,1.0,7.066466970136958,1.3862943611198906,0.6583333333333333,0.4901250342528025,0.17806391173147723,1.0,3.0,0.0,0.0,1.0,0.6931471805599453
7b,yelp,classic,302,1.0,1.0,0.0,7.0,49.0,0.07073534333262343,0.7305006207590723,1.0,7.066466970136958,1.3862943611198906,0.6625,0.4911091367403665,0.1750448057834924,1.0,3.0,0.0,0.0,1.0,0.6931471805599453
7b,yelp,classic,303,1.0,1.0,0.0,7.0,49.0,0.07073534333262343,0.7305006207590723,1.0,7.066466970136958,1.3862943611198906,0.6625,0.48995954195658364,0.17502125579421435,1.0,3.0,0.0,0.0,1.0,0.6931471805599453
7b,yelp,classic,304,1.0,1.0,0.0,7.0,49.0,0.07073534333262343,0.7305006207590723,1.0,7.589841512182657,0.6931471805599453,0.6666666666666666,0.7138712406158447,0.16278313453281476,1.0,3.0,0.0,0.0,1.0,0.6931471805599453
7b,yelp,classic,305,1.0,1.0,0.0,7.0,49.0,0.07073534333262343,0.7305006207590723,1.0,6.663132695990803,0.6931471805599453,0.6625,0.719311386346817,0.16603248576512428,1.0,3.0,0.0,0.0,1.0,0.6931471805599453
7b,yelp,classic,306,1.0,1.0,0.0,7.0,49.0,0.07073534333262343,0.7305006207590723,1.0,6.0112671744041615,0.6931471805599453,0.6666666666666666,0.5181370059649149,0.16677393837435936,1.0,3.0,0.0,0.0,1.0,0.6931471805599453
7b,yelp,classic,307,0.6309297535714575,0.6309297535714575,0.0,7.0,49.0,0.07073534333262343,0.7305006207590723,1.0,7.023758954738443,0.6931471805599453,0.6625,0.7130766987800599,0.16770055473706677,1.0,3.0,0.0,0.0,1.0,0.6931471805599453
7b,yelp,classic,308,1.0,1.0,0.0,7.0,49.0,0.07073534333262343,0.7305006207590723,1.0,6.71295620067707,0.6931471805599453,0.6583333333333333,0.709091454744339,0.175676566048511,1.0,3.0,0.0,0.0,1.0,0.6931471805599453
7b,yelp,classic,309,1.0,1.0,0.0,7.0,49.0,0.07073534333262343,0.7305006207590723,1.0,6.300785794663244,0.6931471805599453,0.6625,0.7204860329627991,0.16931550869060735,1.0,3.0,0.0,0.0,1.0,1.0986122886681096
7b,yelp,classic,310,1.0,1.0,0.0,7.0,49.0,0.07073534333262343,0.7305006207590723,1.0,7.7501841622578365,0.6931471805599453,0.6625,0.7121394276618958,0.16722932392425685,1.0,3.0,0.0,0.0,1.0,0.6931471805599453
7b,yelp,classic,311,0.0,1.0,1.0,7.0,49.0,0.07073534333262343,0.7305006207590723,1.0,5.886104031450156,0.6931471805599453,0.6583333333333333,0.706954824924469,0.1698825978041956,1.0,3.0,0.0,0.0,1.0,0.6931471805599453
7b,yelp,classic,312,1.0,1.0,0.0,7.0,49.0,0.07073534333262343,0.7305006207590723,1.0,5.8971538676367405,0.6931471805599453,0.6541666666666666,0.7118236064910889,0.17620109546438456,1.0,3.0,0.0,0.0,1.0,0.6931471805599453
7b,yelp,classic,313,1.0,1.0,0.0,7.0,49.0,0.07073534333262343,0.7305006207590723,1.0,6.073044534100405,0.6931471805599453,0.6583333333333333,0.7095629334449768,0.17051732698532568,1.0,3.0,0.0,0.0,1.0,0.6931471805599453
7b,yelp,classic,314,1.0,1.0,0.0,7.0,49.0,0.07073534333262343,0.7305006207590723,1.0,6.315358001522335,0.6931471805599453,0.6666666666666666,0.4778831104437511,0.16933433506591167,1.0,2.0,0.05263157894736842,0.0,1.0,0.6931471805599453
7b,yelp,classic,315,0.0,0.43067655807339306,0.43067655807339306,7.0,49.0,0.07073534333262343,0.7305006207590723,1.0,7.642044402873258,0.6931471805599453,0.6583333333333333,0.7136701822280884,0.17393722835048017,1.0,3.0,0.0,0.0,1.0,1.0986122886681096
7b,yelp,classic,316,1.0,1.0,0.0,7.0,49.0,0.07073534333262343,0.7305006207590723,1.0,7.177782416195197,0.6931471805599453,0.6625,0.4993291060129802,0.1698739352910453,1.0,3.0,0.0,0.0,1.0,0.6931471805599453
7b,yelp,classic,317,1.0,1.0,0.0,7.0,49.0,0.07073534333262343,0.7305006207590723,1.0,6.035481432524756,0.6931471805599453,0.6625,0.7133375167846681,0.16796328979718114,1.0,3.0,0.0,0.0,1.0,0.6931471805599453
7b,yelp,classic,318,1.0,1.0,0.0,7.0,49.0,0.07073534333262343,0.7305006207590723,1.0,6.467698726104354,0.6931471805599453,0.6625,0.7169767916202545,0.16652524696736265,1.0,3.0,0.0,0.0,1.0,0.6931471805599453
7b,yelp,classic,319,0.38685280723454163,1.0,0.6131471927654584,7.0,49.0,0.07073534333262343,0.7305006207590723,1.0,8.157370441186774,0.6931471805599453,0.6458333333333333,0.72066992521286,0.18052434352528354,1.0,3.0,0.0,0.0,1.0,0.6931471805599453
7b,yelp,classic,320,0.0,0.0,0.0,7.0,49.0,0.07073534333262343,0.7305006207590723,1.0,7.029087564149662,0.6931471805599453,0.6625,0.7234739065170288,0.16471917193285285,1.0,3.0,0.0,0.0,1.0,0.6931471805599453
7b,yelp,classic,321,0.5,1.0,0.5,7.0,49.0,0.07073534333262343,0.7305006207590723,1.0,9.618202604684068,2.3978952727983707,0.6583333333333333,0.4761740247408549,0.17894677225588848,1.0,3.0,0.0,0.0,1.0,1.0986122886681096
7b,yelp,classic,322,1.0,1.0,0.0,7.0,49.0,0.07073534333262343,0.7305006207590723,1.0,9.618202604684068,2.3978952727983707,0.65,0.47712150613466897,0.18983678201156567,1.0,3.0,0.0,0.0,1.0,0.6931471805599453
7b,yelp,classic,323,1.0,1.0,0.0,7.0,49.0,0.07073534333262343,0.7305006207590723,1.0,6.282266746896006,0.6931471805599453,0.6541666666666666,0.6543496290842692,0.1700452158288944,1.0,3.0,0.0,0.0,1.0,0.6931471805599453
7b,yelp,classic,324,1.0,1.0,0.0,7.0,49.0,0.07073534333262343,0.7305006207590723,1.0,6.089044875446846,0.6931471805599453,0.6458333333333333,0.4826464454332986,0.19184122259938208,1.0,3.0,0.0,0.0,1.0,0.6931471805599453
7b,yelp,classic,325,1.0,1.0,0.0,7.0,49.0,0.07073534333262343,0.7305006207590723,1.0,6.037870919922137,0.6931471805599453,0.6625,0.489280245701472,0.1726062466993529,1.0,3.0,0.0,0.0,1.0,0.6931471805599453
7b,yelp,classic,326,1.0,1.0,0.0,7.0,49.0,0.07073534333262343,0.7305006207590723,1.0,7.635786861395585,1.3862943611198906,0.6541666666666666,0.4712649206320444,0.19122635505956423,1.0,3.0,0.0,0.0,1.0,0.6931471805599453
7b,yelp,classic,327,0.0,0.0,0.0,7.0,49.0,0.07073534333262343,0.7305006207590723,1.0,7.635786861395585,1.3862943611198906,0.6583333333333333,0.7073408126831053,0.16923163134498964,1.0,3.0,0.0,0.0,1.0,0.6931471805599453
7b,yelp,classic,328,0.0,1.0,1.0,7.0,49.0,0.07073534333262343,0.7305006207590723,1.0,6.059123195581797,0.6931471805599453,0.6625,0.7123720467090606,0.16756793277663512,1.0,3.0,0.0,0.0,1.0,0.6931471805599453
7b,yelp,classic,329,0.0,0.0,0.0,7.0,49.0,0.07073534333262343,0.7305006207590723,1.0,10.696480068065789,3.6109179126442243,0.6625,0.0009252548217774104,0.1051237734279421,1.0,3.0,0.0,0.0,1.0,0.6931471805599453
7b,yelp,classic,330,1.0,1.0,0.0,7.0,49.0,0.07073534333262343,0.7305006207590723,1.0,10.696480068065789,3.6109179126442243,0.6666666666666666,0.47360786596934,0.17615832801305262,1.0,3.0,0.0,0.0,1.0,0.6931471805599453
7b,yelp,classic,331,0.5,0.6309297535714575,0.13092975357145753,7.0,49.0,0.07073534333262343,0.7305006207590723,1.0,10.696480068065789,3.6109179126442243,0.6625,0.23263561924298604,0.1481667258583898,1.0,3.0,0.0,0.0,1.0,0.6931471805599453
7b,yelp,classic,332,1.0,1.0,0.0,7.0,49.0,0.07073534333262343,0.7305006207590723,1.0,9.348535870727583,3.1354942159291497,0.6625,0.4772942225138346,0.1818007716171476,1.0,3.0,0.0,0.0,1.0,0.6931471805599453
7b,yelp,classic,333,1.0,1.0,0.0,7.0,49.0,0.07073534333262343,0.7305006207590723,1.0,9.348535870727583,3.1354942159291497,0.6541666666666666,0.4752596060434976,0.1814464141404043,1.0,3.0,0.0,0.0,1.0,0.6931471805599453
7b,yelp,classic,334,1.0,1.0,0.0,7.0,49.0,0.07073534333262343,0.7305006207590723,1.0,9.348535870727583,3.1354942159291497,0.6625,0.4753548959891001,0.18277911311081826,1.0,3.0,0.0,0.0,1.0,0.6931471805599453
7b,yelp,classic,335,1.0,1.0,0.0,7.0,49.0,0.07073534333262343,0.7305006207590723,1.0,5.910796644040527,0.6931471805599453,0.6625,0.7138618350028991,0.16825607320879327,1.0,3.0,0.0,0.0,1.0,0.6931471805599453
7b,yelp,classic,336,1.0,1.0,0.0,7.0,49.0,0.07073534333262343,0.7305006207590723,1.0,7.6290038896529575,0.6931471805599453,0.6541666666666666,0.5082855741182962,0.17830138533323284,1.0,3.0,0.0,0.0,1.0,0.6931471805599453
7b,yelp,classic,337,0.38685280723454163,1.0,0.6131471927654584,7.0,49.0,0.07073534333262343,0.7305006207590723,1.0,7.069874128458572,0.6931471805599453,0.6541666666666666,0.7181081473827362,0.16907796814636414,1.0,3.0,0.0,0.0,1.0,1.0986122886681096
7b,yelp,classic,338,1.0,1.0,0.0,7.0,49.0,0.07073534333262343,0.7305006207590723,1.0,10.290449189079732,3.6888794541139363,0.6666666666666666,0.4771987358729045,0.17482636172541124,1.0,3.0,0.0,0.0,1.0,0.6931471805599453
7b,yelp,classic,339,1.0,1.0,0.0,7.0,49.0,0.07073534333262343,0.7305006207590723,1.0,10.290449189079732,3.6888794541139363,0.6625,0.002679991722106978,0.11272773381975333,1.0,3.0,0.0,0.0,1.0,0.6931471805599453
7b,yelp,classic,340,0.6309297535714575,1.0,0.36907024642854247,7.0,49.0,0.07073534333262343,0.7305006207590723,1.0,10.290449189079732,3.6888794541139363,0.6583333333333333,0.24181640942891436,0.20391756581137652,1.0,3.0,0.0,0.0,1.0,0.6931471805599453
7b,yelp,classic,341,1.0,1.0,0.0,7.0,49.0,0.07073534333262343,0.7305006207590723,1.0,6.385194398997726,0.6931471805599453,0.6458333333333333,0.7297552287578581,0.18167001802072205,1.0,3.0,0.0,0.0,1.0,0.6931471805599453
7b,yelp,classic,342,0.5,1.0,0.5,7.0,49.0,0.07073534333262343,0.7305006207590723,1.0,6.26530121273771,0.6931471805599453,0.6583333333333333,0.7099180579185487,0.16797207118852175,1.0,3.0,0.0,0.0,1.0,0.6931471805599453
7b,yelp,classic,343,1.0,1.0,0.0,7.0,49.0,0.07073534333262343,0.7305006207590723,1.0,7.932003152361385,0.6931471805599453,0.6625,0.716847151517868,0.1676760970199481,1.0,3.0,0.0,0.0,1.0,2.8903717578961645
7b,yelp,classic,344,0.0,0.38685280723454163,0.38685280723454163,7.0,49.0,0.07073534333262343,0.7305006207590723,1.0,6.194405391104672,0.6931471805599453,0.6541666666666666,0.7113970816135406,0.17241138378005635,1.0,3.0,0.0,0.0,1.0,0.6931471805599453
7b,yelp,classic,345,1.0,1.0,0.0,7.0,49.0,0.07073534333262343,0.7305006207590723,1.0,6.799055862058796,0.6931471805599453,0.6625,0.7227790534496306,0.17094429447946066,1.0,3.0,0.0,0.0,1.0,0.6931471805599453
7b,yelp,classic,346,1.0,1.0,0.0,7.0,49.0,0.07073534333262343,0.7305006207590723,1.0,6.244166900663736,0.6931471805599453,0.6458333333333333,0.7299221694469451,0.1759685226913378,1.0,3.0,0.0,0.0,1.0,0.6931471805599453
7b,yelp,classic,347,1.0,1.0,0.0,7.0,49.0,0.07073534333262343,0.7305006207590723,1.0,6.464588303689961,0.6931471805599453,0.6583333333333333,0.47615034977595017,0.1771965654132023,1.0,2.0,0.05263157894736842,0.0,1.0,0.6931471805599453
7b,yelp,classic,348,1.0,1.0,0.0,7.0,49.0,0.07073534333262343,0.7305006207590723,1.0,5.983936280687191,0.6931471805599453,0.6583333333333333,0.7085534572601317,0.1782838339066935,1.0,3.0,0.0,0.0,1.0,0.6931471805599453
7b,yelp,classic,349,1.0,1.0,0.0,7.0,49.0,0.07073534333262343,0.7305006207590723,1.0,6.448889394146858,0.6931471805599453,0.6541666666666666,0.7703109622001648,0.17614046254816582,1.0,3.0,0.0,0.0,1.0,1.0986122886681096
7b,yelp,classic,350,0.43067655807339306,1.0,0.5693234419266069,7.0,49.0,0.07073534333262343,0.7305006207590723,1.0,6.710523109452428,0.6931471805599453,0.6458333333333333,0.5059953610102335,0.2003179134989268,1.0,2.0,0.05263157894736842,0.0,1.0,0.6931471805599453
7b,yelp,classic,351,1.0,1.0,0.0,7.0,49.0,0.07073534333262343,0.7305006207590723,1.0,8.496173824192162,2.302585092994046,0.6583333333333333,0.4781838039557138,0.16634264036920146,1.0,3.0,0.0,0.0,1.0,0.6931471805599453
7b,yelp,classic,352,0.0,0.43067655807339306,0.43067655807339306,7.0,49.0,0.07073534333262343,0.7305006207590723,1.0,8.496173824192162,2.302585092994046,0.6666666666666666,0.7119740962982177,0.15847056085563324,1.0,3.0,0.0,0.0,1.0,0.6931471805599453
7b,yelp,classic,353,1.0,1.0,0.0,7.0,49.0,0.07073534333262343,0.7305006207590723,1.0,8.496173824192162,2.302585092994046,0.65,0.48789593974749246,0.17734588329719372,1.0,3.0,0.0,0.0,1.0,0.6931471805599453
7b,yelp,classic,354,1.0,1.0,0.0,7.0,49.0,0.07073534333262343,0.7305006207590723,1.0,10.204776628394125,3.4657359027997265,0.6583333333333333,0.47626529137293494,0.17789688193910466,1.0,3.0,0.0,0.0,1.0,0.6931471805599453
7b,yelp,classic,355,1.0,1.0,0.0,7.0,49.0,0.07073534333262343,0.7305006207590723,1.0,10.204776628394125,3.4657359027997265,0.6583333333333333,0.0019394338130950262,0.11704509438467266,1.0,3.0,0.0,0.0,1.0,0.6931471805599453
7b,yelp,classic,356,1.0,0.0,-1.0,7.0,49.0,0.07073534333262343,0.7305006207590723,1.0,10.204776628394125,3.4657359027997265,0.6583333333333333,0.011372244358062722,0.1111116349454579,1.0,3.0,0.0,0.0,1.0,0.6931471805599453
7b,yelp,classic,357,1.0,1.0,0.0,7.0,49.0,0.07073534333262343,0.7305006207590723,1.0,10.286229773537025,3.4011973816621555,0.6541666666666666,0.47693090836207075,0.1928812996337608,1.0,3.0,0.0,0.0,1.0,0.6931471805599453
7b,yelp,classic,358,1.0,1.0,0.0,7.0,49.0,0.07073534333262343,0.7305006207590723,1.0,10.286229773537025,3.4011973816621555,0.6625,0.0016298711299895796,0.12348724486297141,1.0,3.0,0.0,0.0,1.0,0.6931471805599453
7b,yelp,classic,359,1.0,1.0,0.0,7.0,49.0,0.07073534333262343,0.7305006207590723,1.0,10.286229773537025,3.4011973816621555,0.6541666666666666,0.003350919485092141,0.12549794082284657,1.0,3.0,0.0,0.0,1.0,0.6931471805599453
7b,yelp,classic,360,1.0,1.0,0.0,7.0,49.0,0.07073534333262343,0.7305006207590723,1.0,9.758346166866458,2.5649493574615367,0.6625,0.4837425390879313,0.1760196435476038,1.0,3.0,0.0,0.0,1.0,0.6931471805599453
7b,yelp,classic,361,1.0,1.0,0.0,7.0,49.0,0.07073534333262343,0.7305006207590723,1.0,9.758346166866458,2.5649493574615367,0.6541666666666666,0.4731215635935464,0.19351498302004014,1.0,3.0,0.0,0.0,1.0,0.6931471805599453
7b,yelp,classic,362,1.0,1.0,0.0,7.0,49.0,0.07073534333262343,0.7305006207590723,1.0,9.758346166866458,2.5649493574615367,0.65,0.473704836765925,0.19018650750988958,1.0,3.0,0.0,0.0,1.0,0.6931471805599453
7b,yelp,classic,363,1.0,1.0,0.0,7.0,49.0,0.07073534333262343,0.7305006207590723,1.0,8.791941988456118,1.9459101490553132,0.6666666666666666,0.7057197570800781,0.163987398239158,1.0,3.0,0.0,0.0,1.0,0.6931471805599453
7b,yelp,classic,364,1.0,1.0,0.0,7.0,49.0,0.07073534333262343,0.7305006207590723,1.0,8.919854372191667,2.302585092994046,0.6541666666666666,0.47752097646395364,0.20084164892284453,1.0,3.0,0.0,0.0,1.0,0.6931471805599453
7b,yelp,classic,365,0.43067655807339306,1.0,0.5693234419266069,7.0,49.0,0.07073534333262343,0.7305006207590723,1.0,8.919854372191667,2.302585092994046,0.6625,0.7100310146808624,0.16376250133653875,1.0,3.0,0.0,0.0,1.0,0.6931471805599453
7b,yelp,classic,366,1.0,0.6309297535714575,-0.36907024642854247,7.0,49.0,0.07073534333262343,0.7305006207590723,1.0,8.919854372191667,2.302585092994046,0.6666666666666666,0.4787804166475931,0.17321859954613597,1.0,3.0,0.0,0.0,1.0,0.6931471805599453
7b,yelp,classic,367,1.0,1.0,0.0,7.0,49.0,0.07073534333262343,0.7305006207590723,1.0,8.53168763756669,2.302585092994046,0.65,0.47332371274630236,0.18631046882673474,1.0,3.0,0.0,0.0,1.0,0.6931471805599453
7b,yelp,classic,368,0.0,0.0,0.0,7.0,49.0,0.07073534333262343,0.7305006207590723,1.0,8.53168763756669,2.302585092994046,0.6625,0.7083958327770232,0.1615165684636033,1.0,3.0,0.0,0.0,1.0,1.791759469228055
7b,yelp,classic,369,0.6309297535714575,1.0,0.36907024642854247,7.0,49.0,0.07073534333262343,0.7305006207590723,1.0,8.53168763756669,2.302585092994046,0.6625,0.47990127603212984,0.17851754697230335,1.0,3.0,0.0,0.0,1.0,0.6931471805599453
7b,yelp,classic,370,0.0,0.0,0.0,7.0,49.0,0.07073534333262343,0.7305006207590723,1.0,10.53876724439254,5.075173815233827,0.6666666666666666,0.01516841053962703,0.07483326270238883,1.0,3.0,0.0,0.0,1.0,0.6931471805599453
7b,yelp,classic,371,0.6309297535714575,1.0,0.36907024642854247,7.0,49.0,0.07073534333262343,0.7305006207590723,1.0,10.53876724439254,5.075173815233827,0.6583333333333333,0.4762967805067698,0.16745270967417614,1.0,3.0,0.0,0.0,1.0,0.6931471805599453
7b,yelp,classic,372,0.43067655807339306,1.0,0.5693234419266069,7.0,49.0,0.07073534333262343,0.7305006207590723,1.0,10.53876724439254,5.075173815233827,0.6666666666666666,0.001114189624786377,0.1166242439738197,1.0,3.0,0.0,0.0,1.0,0.6931471805599453
7b,yelp,classic,373,1.0,1.0,0.0,7.0,49.0,0.07073534333262343,0.7305006207590723,1.0,8.463159302923751,2.302585092994046,0.6625,0.481137345234553,0.1785148584387321,1.0,3.0,0.0,0.0,1.0,0.6931471805599453
7b,yelp,classic,374,1.0,1.0,0.0,7.0,49.0,0.07073534333262343,0.7305006207590723,1.0,8.463159302923751,2.302585092994046,0.6625,0.4833454469839731,0.17112360875085877,1.0,3.0,0.0,0.0,1.0,0.6931471805599453
7b,yelp,classic,375,1.0,1.0,0.0,7.0,49.0,0.07073534333262343,0.7305006207590723,1.0,8.463159302923751,2.302585092994046,0.6625,0.4753888527552287,0.1817706240296846,1.0,3.0,0.0,0.0,1.0,0.6931471805599453
7b,yelp,classic,376,0.0,1.0,1.0,7.0,49.0,0.07073534333262343,0.7305006207590723,1.0,10.522988192927775,4.04305126783455,0.6666666666666666,0.47535543243090306,0.176031077061944,1.0,3.0,0.0,0.0,1.0,0.6931471805599453
7b,yelp,classic,377,0.0,1.0,1.0,7.0,49.0,0.07073534333262343,0.7305006207590723,1.0,9.21463115339334,2.639057329615259,0.6583333333333333,0.4764014224211375,0.18105607779697042,1.0,3.0,0.0,0.0,1.0,0.6931471805599453
7b,yelp,classic,378,0.43067655807339306,0.0,-0.43067655807339306,7.0,49.0,0.07073534333262343,0.7305006207590723,1.0,9.21463115339334,2.639057329615259,0.6625,0.473501185576121,0.1758728869821289,1.0,3.0,0.0,0.0,1.0,0.6931471805599453
7b,yelp,classic,379,1.0,1.0,0.0,7.0,49.0,0.07073534333262343,0.7305006207590723,1.0,9.21463115339334,2.639057329615259,0.6666666666666666,0.4727845529715219,0.1773605828821052,1.0,2.0,0.05263157894736842,0.0,1.0,0.6931471805599453
7b,yelp,classic,380,1.0,1.0,0.0,7.0,49.0,0.07073534333262343,0.7305006207590723,1.0,9.214133170214879,2.4849066497880004,0.6625,0.4756254235903422,0.17647731832670643,1.0,3.0,0.0,0.0,1.0,0.6931471805599453
7b,yelp,classic,381,1.0,1.0,0.0,7.0,49.0,0.07073534333262343,0.7305006207590723,1.0,9.801842348773928,2.639057329615259,0.65,0.4805067757765452,0.1754116652727771,1.0,3.0,0.0,0.0,1.0,0.6931471805599453
7b,yelp,classic,382,1.0,1.0,0.0,7.0,49.0,0.07073534333262343,0.7305006207590723,1.0,9.801842348773928,2.639057329615259,0.6541666666666666,0.47817992369333906,0.18309349696826546,1.0,3.0,0.0,0.0,1.0,0.6931471805599453
7b,yelp,classic,383,0.43067655807339306,0.43067655807339306,0.0,7.0,49.0,0.07073534333262343,0.7305006207590723,1.0,9.000606507571892,2.5649493574615367,0.6583333333333333,0.7083306193351744,0.16232089181348638,1.0,3.0,0.0,0.0,1.0,0.6931471805599453
7b,yelp,cold_start_user,0,1.0,1.0,0.0,7.0,49.0,0.07073534333262343,0.7305006207590723,1.0,7.00850518208228,0.6931471805599453,0.6625,0.5325149158636729,0.16875976405456708,1.0,3.0,0.0,0.0,1.0,0.6931471805599453
7b,yelp,cold_start_user,1,0.0,1.0,1.0,7.0,49.0,0.07073534333262343,0.7305006207590723,1.0,6.796823718274855,1.0986122886681096,0.6583333333333333,0.48921385208765655,0.1733647890346805,1.0,3.0,0.0,0.0,1.0,0.6931471805599453
7b,yelp,cold_start_user,2,1.0,1.0,0.0,7.0,49.0,0.07073534333262343,0.7305006207590723,1.0,6.796823718274855,1.0986122886681096,0.6625,0.7134422302246093,0.16634913993202866,1.0,3.0,0.0,0.0,1.0,0.6931471805599453
7b,yelp,cold_start_user,3,0.0,1.0,1.0,7.0,49.0,0.07073534333262343,0.7305006207590723,1.0,7.393263094763838,1.0986122886681096,0.6625,0.7101016998291014,0.16749754633109923,1.0,3.0,0.0,0.0,1.0,0.6931471805599453
7b,yelp,cold_start_user,4,1.0,1.0,0.0,7.0,49.0,0.07073534333262343,0.7305006207590723,1.0,7.393263094763838,1.0986122886681096,0.6666666666666666,0.4808212916056316,0.16518031048348228,1.0,3.0,0.0,0.0,1.0,0.6931471805599453
7b,yelp,cold_start_user,5,1.0,1.0,0.0,7.0,49.0,0.07073534333262343,0.7305006207590723,1.0,8.935640333747571,1.0986122886681096,0.6583333333333333,0.7228973031044006,0.16988992600304334,1.0,3.0,0.0,0.0,1.0,0.6931471805599453
7b,yelp,cold_start_user,6,1.0,1.0,0.0,7.0,49.0,0.07073534333262343,0.7305006207590723,1.0,6.656726524178391,0.6931471805599453,0.6625,0.7189654350280761,0.16841197654338783,1.0,3.0,0.0,0.0,1.0,0.6931471805599453
7b,yelp,cold_start_user,7,1.0,1.0,0.0,7.0,49.0,0.07073534333262343,0.7305006207590723,1.0,6.169610732491456,0.6931471805599453,0.6625,0.7108798265457152,0.1662250590158705,1.0,3.0,0.0,0.0,1.0,0.6931471805599453
7b,yelp,cold_start_user,8,1.0,1.0,0.0,7.0,49.0,0.07073534333262343,0.7305006207590723,1.0,6.508769136971682,0.6931471805599453,0.6666666666666666,0.7188016593456268,0.16274757919543534,1.0,3.0,0.0,0.0,1.0,0.6931471805599453
7b,yelp,cold_start_user,9,0.43067655807339306,1.0,0.5693234419266069,7.0,49.0,0.07073534333262343,0.7305006207590723,1.0,6.535241271013659,1.0986122886681096,0.65,0.7320738196372985,0.17235987696202035,1.0,3.0,0.0,0.0,1.0,0.6931471805599453
7b,yelp,cold_start_user,10,0.6309297535714575,1.0,0.36907024642854247,7.0,49.0,0.07073534333262343,0.7305006207590723,1.0,6.535241271013659,1.0986122886681096,0.6583333333333333,0.7217381775379181,0.16500460494464286,1.0,3.0,0.0,0.0,1.0,0.6931471805599453
7b,yelp,cold_start_user,11,1.0,1.0,0.0,7.0,49.0,0.07073534333262343,0.7305006207590723,1.0,8.275121630216509,1.791759469228055,0.6625,0.5128113905588786,0.16143596179216516,1.0,3.0,0.0,0.0,1.0,0.6931471805599453
7b,yelp,cold_start_user,12,0.0,0.6309297535714575,0.6309297535714575,7.0,49.0,0.07073534333262343,0.7305006207590723,1.0,8.275121630216509,1.791759469228055,0.65,0.2519815524419148,0.19272203072396663,1.0,3.0,0.0,0.0,1.0,0.6931471805599453
7b,yelp,cold_start_user,13,1.0,1.0,0.0,7.0,49.0,0.07073534333262343,0.7305006207590723,1.0,8.275121630216509,1.791759469228055,0.6541666666666666,0.4721178094546,0.18241901163489835,1.0,3.0,0.0,0.0,1.0,0.6931471805599453
7b,yelp,cold_start_user,14,0.0,1.0,1.0,7.0,49.0,0.07073534333262343,0.7305006207590723,1.0,7.55171221535131,1.0986122886681096,0.65,0.7150491416454314,0.17493366027752352,1.0,3.0,0.0,0.0,1.0,0.6931471805599453
7b,yelp,cold_start_user,15,1.0,1.0,0.0,7.0,49.0,0.07073534333262343,0.7305006207590723,1.0,7.55171221535131,1.0986122886681096,0.6625,0.4863454441229502,0.1706272042352418,1.0,2.0,0.05263157894736842,0.0,1.0,0.6931471805599453
7b,yelp,cold_start_user,16,1.0,1.0,0.0,7.0,49.0,0.07073534333262343,0.7305006207590723,1.0,8.885025658050846,2.1972245773362196,0.6625,0.4782317618529002,0.17129866646918626,1.0,3.0,0.0,0.0,1.0,0.6931471805599453
7b,yelp,cold_start_user,17,0.5,1.0,0.5,7.0,49.0,0.07073534333262343,0.7305006207590723,1.0,8.885025658050846,2.1972245773362196,0.6458333333333333,0.7086344420909881,0.1648593594441966,1.0,3.0,0.0,0.0,1.0,0.6931471805599453
7b,yelp,cold_start_user,18,1.0,1.0,0.0,7.0,49.0,0.07073534333262343,0.7305006207590723,1.0,6.2422232654551655,0.6931471805599453,0.6625,0.7129774391651154,0.16558892655409582,1.0,3.0,0.0,0.0,1.0,0.6931471805599453
7b,yelp,cold_start_user,19,1.0,1.0,0.0,7.0,49.0,0.07073534333262343,0.7305006207590723,1.0,5.820082930352362,0.6931471805599453,0.6625,0.7126205801963806,0.16774853062772732,1.0,3.0,0.0,0.0,1.0,0.6931471805599453
7b,yelp,cold_start_user,20,1.0,1.0,0.0,7.0,49.0,0.07073534333262343,0.7305006207590723,1.0,6.173786103901937,0.6931471805599453,0.6625,0.5426919321219127,0.17272290920180425,1.0,3.0,0.0,0.0,1.0,0.6931471805599453
7b,yelp,cold_start_user,21,1.0,1.0,0.0,7.0,49.0,0.07073534333262343,0.7305006207590723,1.0,7.614312146452,1.6094379124341003,0.6625,0.7104750454425811,0.1692892717867925,1.0,3.0,0.0,0.0,1.0,0.6931471805599453
7b,yelp,cold_start_user,22,1.0,1.0,0.0,7.0,49.0,0.07073534333262343,0.7305006207590723,1.0,7.614312146452,1.6094379124341003,0.6583333333333333,0.47765542666117355,0.17556684559962565,1.0,3.0,0.0,0.0,1.0,0.6931471805599453
7b,yelp,cold_start_user,23,1.0,1.0,0.0,7.0,49.0,0.07073534333262343,0.7305006207590723,1.0,7.614312146452,1.6094379124341003,0.6583333333333333,0.7117170870304108,0.16804634430637289,1.0,3.0,0.0,0.0,1.0,0.6931471805599453
7b,yelp,cold_start_user,24,1.0,1.0,0.0,7.0,49.0,0.07073534333262343,0.7305006207590723,1.0,6.771935555839602,0.6931471805599453,0.6666666666666666,0.4770035425821939,0.16676242160282506,1.0,2.0,0.05263157894736842,0.0,1.0,0.6931471805599453
7b,yelp,cold_start_user,25,1.0,1.0,0.0,7.0,49.0,0.07073534333262343,0.7305006207590723,1.0,5.932245187448011,0.6931471805599453,0.6583333333333333,0.4814291695753732,0.1791117512809304,1.0,3.0,0.0,0.0,1.0,1.0986122886681096
7b,yelp,cold_start_user,26,1.0,1.0,0.0,7.0,49.0,0.07073534333262343,0.7305006207590723,1.0,6.566672429803241,0.6931471805599453,0.6583333333333333,0.7149648487567901,0.1707753921372648,1.0,3.0,0.0,0.0,1.0,0.6931471805599453
7b,yelp,cold_start_user,27,1.0,1.0,0.0,7.0,49.0,0.07073534333262343,0.7305006207590723,1.0,7.422971251049421,0.6931471805599453,0.6625,0.7142733216285706,0.16531479526110424,1.0,3.0,0.0,0.0,1.0,0.6931471805599453
7b,yelp,cold_start_user,28,1.0,1.0,0.0,7.0,49.0,0.07073534333262343,0.7305006207590723,1.0,6.744059186311348,0.6931471805599453,0.6625,0.7207618355751038,0.16767040739542557,1.0,3.0,0.0,0.0,1.0,0.6931471805599453
7b,yelp,cold_start_user,29,1.0,1.0,0.0,7.0,49.0,0.07073534333262343,0.7305006207590723,1.0,7.7886260656250315,1.6094379124341003,0.6541666666666666,0.5196654538313548,0.1716148808627333,1.0,3.0,0.0,0.0,1.0,0.6931471805599453
7b,yelp,cold_start_user,30,1.0,1.0,0.0,7.0,49.0,0.07073534333262343,0.7305006207590723,1.0,7.7886260656250315,1.6094379124341003,0.65,0.4782963315645853,0.1721726546577886,1.0,3.0,0.0,0.0,1.0,0.6931471805599453
7b,yelp,cold_start_user,31,0.43067655807339306,1.0,0.5693234419266069,7.0,49.0,0.07073534333262343,0.7305006207590723,1.0,7.7886260656250315,1.6094379124341003,0.6666666666666666,0.48118045727411907,0.17086393348268902,1.0,3.0,0.0,0.0,1.0,0.6931471805599453
7b,yelp,cold_start_user,32,1.0,1.0,0.0,7.0,49.0,0.07073534333262343,0.7305006207590723,1.0,5.926926025970411,0.6931471805599453,0.6541666666666666,0.7203971982002259,0.17839875285464515,1.0,3.0,0.0,0.0,1.0,0.6931471805599453
7b,yelp,cold_start_user,33,1.0,1.0,0.0,7.0,49.0,0.07073534333262343,0.7305006207590723,1.0,6.92461239604856,1.0986122886681096,0.6625,0.7163088858127594,0.1676534485879593,1.0,3.0,0.0,0.0,1.0,0.6931471805599453
7b,yelp,cold_start_user,34,1.0,1.0,0.0,7.0,49.0,0.07073534333262343,0.7305006207590723,1.0,6.92461239604856,1.0986122886681096,0.6458333333333333,0.7168111383914946,0.18226957946557476,1.0,3.0,0.0,0.0,1.0,0.6931471805599453
7b,yelp,cold_start_user,35,1.0,1.0,0.0,7.0,49.0,0.07073534333262343,0.7305006207590723,1.0,6.315358001522335,0.6931471805599453,0.6625,0.4934187869230906,0.18344803457633393,1.0,3.0,0.0,0.0,1.0,0.6931471805599453
7b,yelp,cold_start_user,36,0.0,1.0,1.0,7.0,49.0,0.07073534333262343,0.7305006207590723,1.0,7.480992162869525,1.0986122886681096,0.6625,0.7131834328174591,0.16631346600226965,1.0,3.0,0.0,0.0,1.0,0.6931471805599453
7b,yelp,cold_start_user,37,1.0,1.0,0.0,7.0,49.0,0.07073534333262343,0.7305006207590723,1.0,7.480992162869525,1.0986122886681096,0.6625,0.5121158043543498,0.16944979235706223,1.0,3.0,0.0,0.0,1.0,0.6931471805599453
7b,yelp,cold_start_user,38,1.0,1.0,0.0,7.0,49.0,0.07073534333262343,0.7305006207590723,1.0,6.542471960506805,0.6931471805599453,0.6583333333333333,0.5540189544359844,0.1770515011006639,1.0,3.0,0.0,0.0,1.0,0.6931471805599453
7b,yelp,cold_start_user,39,1.0,1.0,0.0,7.0,49.0,0.07073534333262343,0.7305006207590723,1.0,6.934397209928558,0.6931471805599453,0.6625,0.7083905756473541,0.1688838002736114,1.0,3.0,0.0,0.0,1.0,0.6931471805599453
7b,yelp,cold_start_user,40,0.38685280723454163,1.0,0.6131471927654584,7.0,49.0,0.07073534333262343,0.7305006207590723,1.0,6.175867270105761,0.6931471805599453,0.6625,0.48456674615542084,0.1714321737664733,1.0,2.0,0.05263157894736842,0.0,1.0,0.6931471805599453
7b,yelp,cold_start_user,41,1.0,1.0,0.0,7.0,49.0,0.07073534333262343,0.7305006207590723,1.0,6.267200548541362,0.6931471805599453,0.6666666666666666,0.4953588823477427,0.18340836506889077,1.0,2.0,0.05263157894736842,0.0,1.0,0.6931471805599453
7b,yelp,cold_start_user,42,1.0,1.0,0.0,7.0,49.0,0.07073534333262343,0.7305006207590723,1.0,9.650979555092,3.2188758248682006,0.6583333333333333,0.0027723670005798118,0.10708130011610875,1.0,3.0,0.0,0.0,1.0,0.6931471805599453
7b,yelp,cold_start_user,43,1.0,1.0,0.0,7.0,49.0,0.07073534333262343,0.7305006207590723,1.0,6.86484777797086,1.0986122886681096,0.6541666666666666,0.4815281430880227,0.18772362649570593,1.0,3.0,0.0,0.0,1.0,0.6931471805599453
7b,yelp,cold_start_user,44,1.0,1.0,0.0,7.0,49.0,0.07073534333262343,0.7305006207590723,1.0,6.86484777797086,1.0986122886681096,0.6625,0.7090122580528258,0.16656977587047211,1.0,3.0,0.0,0.0,1.0,0.6931471805599453
7b,yelp,cold_start_user,45,1.0,1.0,0.0,7.0,49.0,0.07073534333262343,0.7305006207590723,1.0,6.206575926724928,0.6931471805599453,0.6458333333333333,0.7162111461162567,0.18109052939109688,1.0,3.0,0.0,0.0,1.0,0.6931471805599453
7b,yelp,cold_start_user,46,0.0,1.0,1.0,7.0,49.0,0.07073534333262343,0.7305006207590723,1.0,5.780743515792329,0.6931471805599453,0.6583333333333333,0.7158072948455811,0.17338450845046766,1.0,3.0,0.0,0.0,1.0,0.6931471805599453
7b,yelp,cold_start_user,47,1.0,1.0,0.0,7.0,49.0,0.07073534333262343,0.7305006207590723,1.0,7.830822995135316,1.6094379124341003,0.6541666666666666,0.49352255264918,0.17775192554842828,1.0,3.0,0.0,0.0,1.0,1.0986122886681096
7b,yelp,cold_start_user,48,1.0,1.0,0.0,7.0,49.0,0.07073534333262343,0.7305006207590723,1.0,7.830822995135316,1.6094379124341003,0.6625,0.7127611458301544,0.16638568635355339,1.0,3.0,0.0,0.0,1.0,0.6931471805599453
7b,yelp,cold_start_user,49,1.0,1.0,0.0,7.0,49.0,0.07073534333262343,0.7305006207590723,1.0,7.830822995135316,1.6094379124341003,0.6666666666666666,0.7114549636840819,0.15858857869812495,1.0,3.0,0.0,0.0,1.0,0.6931471805599453
7b,yelp,cold_start_user,50,1.0,1.0,0.0,7.0,49.0,0.07073534333262343,0.7305006207590723,1.0,7.565793282428515,1.0986122886681096,0.6625,0.7145932197570799,0.16890894362541656,1.0,3.0,0.0,0.0,1.0,0.6931471805599453
7b,yelp,cold_start_user,51,1.0,1.0,0.0,7.0,49.0,0.07073534333262343,0.7305006207590723,1.0,7.565793282428515,1.0986122886681096,0.6625,0.7148422360420228,0.16536921286470957,1.0,3.0,0.0,0.0,1.0,0.6931471805599453
7b,yelp,cold_start_user,52,1.0,1.0,0.0,7.0,49.0,0.07073534333262343,0.7305006207590723,1.0,6.57507584059962,1.0986122886681096,0.6583333333333333,0.7127678155899049,0.17302272258439402,1.0,3.0,0.0,0.0,1.0,0.6931471805599453
7b,yelp,cold_start_user,53,1.0,1.0,0.0,7.0,49.0,0.07073534333262343,0.7305006207590723,1.0,6.57507584059962,1.0986122886681096,0.6583333333333333,0.7102271914482117,0.175426651618613,1.0,3.0,0.0,0.0,1.0,0.6931471805599453
7b,yelp,cold_start_user,54,1.0,1.0,0.0,7.0,49.0,0.07073534333262343,0.7305006207590723,1.0,6.236369590203704,0.6931471805599453,0.6541666666666666,0.7256750524044038,0.1730256117675342,1.0,3.0,0.0,0.0,1.0,0.6931471805599453
7b,yelp,cold_start_user,55,1.0,1.0,0.0,7.0,49.0,0.07073534333262343,0.7305006207590723,1.0,5.991464547107982,0.6931471805599453,0.6583333333333333,0.7171411395072937,0.17488658696155396,1.0,3.0,0.0,0.0,1.0,0.6931471805599453
7b,yelp,cold_start_user,56,0.5,1.0,0.5,7.0,49.0,0.07073534333262343,0.7305006207590723,1.0,6.947937068614969,1.0986122886681096,0.6666666666666666,0.7113449215888977,0.15836535773630586,1.0,3.0,0.0,0.0,1.0,0.6931471805599453
7b,yelp,cold_start_user,57,0.0,1.0,1.0,7.0,49.0,0.07073534333262343,0.7305006207590723,1.0,6.947937068614969,1.0986122886681096,0.6583333333333333,0.7145883917808531,0.1654944974411422,1.0,3.0,0.0,0.0,1.0,2.4849066497880004
7b,yelp,cold_start_user,58,1.0,1.0,0.0,7.0,49.0,0.07073534333262343,0.7305006207590723,1.0,7.543802867501509,1.0986122886681096,0.6541666666666666,0.5381967107454936,0.1684394385618883,1.0,3.0,0.0,0.0,1.0,0.6931471805599453
7b,yelp,cold_start_user,59,1.0,1.0,0.0,7.0,49.0,0.07073534333262343,0.7305006207590723,1.0,7.543802867501509,1.0986122886681096,0.6541666666666666,0.7211831212043762,0.1646259103567728,1.0,3.0,0.0,0.0,1.0,0.6931471805599453
7b,yelp,cold_start_user,60,1.0,1.0,0.0,7.0,49.0,0.07073534333262343,0.7305006207590723,1.0,6.38856140554563,0.6931471805599453,0.6625,0.5795588771502176,0.17929860107099135,1.0,3.0,0.0,0.0,1.0,0.6931471805599453
7b,yelp,cold_start_user,61,1.0,1.0,0.0,7.0,49.0,0.07073534333262343,0.7305006207590723,1.0,6.395261598115449,0.6931471805599453,0.6625,0.7104645490646362,0.16438259171897537,1.0,3.0,0.0,0.0,1.0,0.6931471805599453
7b,yelp,cold_start_user,62,0.38685280723454163,1.0,0.6131471927654584,7.0,49.0,0.07073534333262343,0.7305006207590723,1.0,6.368187186350492,0.6931471805599453,0.6583333333333333,0.7255034267902374,0.17244307058206038,1.0,3.0,0.0,0.0,1.0,0.6931471805599453
7b,yelp,cold_start_user,63,1.0,1.0,0.0,7.0,49.0,0.07073534333262343,0.7305006207590723,1.0,7.10002716662926,0.6931471805599453,0.6583333333333333,0.7203902423381805,0.1665920498914364,1.0,3.0,0.0,0.0,1.0,1.0986122886681096
7b,yelp,cold_start_user,64,1.0,1.0,0.0,7.0,49.0,0.07073534333262343,0.7305006207590723,1.0,7.172424577124845,0.6931471805599453,0.6541666666666666,0.5217008213202159,0.1782046340920668,1.0,3.0,0.0,0.0,1.0,0.6931471805599453
7b,yelp,cold_start_user,65,1.0,1.0,0.0,7.0,49.0,0.07073534333262343,0.7305006207590723,1.0,6.272877006546167,0.6931471805599453,0.6541666666666666,0.515293041865031,0.17911371878147944,1.0,3.0,0.0,0.0,1.0,0.6931471805599453
7b,yelp,cold_start_user,66,0.0,0.38685280723454163,0.38685280723454163,7.0,49.0,0.07073534333262343,0.7305006207590723,1.0,6.594413459749778,0.6931471805599453,0.6333333333333333,0.5144757727781931,0.2023600336187451,1.0,2.0,0.05263157894736842,0.0,1.0,1.0986122886681096
7b,yelp,cold_start_user,67,1.0,1.0,0.0,7.0,49.0,0.07073534333262343,0.7305006207590723,1.0,6.822197390620491,1.0986122886681096,0.6541666666666666,0.71664400100708,0.17533947376340647,1.0,3.0,0.0,0.0,1.0,0.6931471805599453
7b,yelp,cold_start_user,68,1.0,1.0,0.0,7.0,49.0,0.07073534333262343,0.7305006207590723,1.0,6.822197390620491,1.0986122886681096,0.6666666666666666,0.4886662701765696,0.17225772969630376,1.0,3.0,0.0,0.0,1.0,0.6931471805599453
7b,yelp,cold_start_user,69,1.0,1.0,0.0,7.0,49.0,0.07073534333262343,0.7305006207590723,1.0,7.106606137727303,0.6931471805599453,0.6583333333333333,0.7101223528385162,0.17074130283710437,1.0,3.0,0.0,0.0,1.0,0.6931471805599453
7b,yelp,cold_start_user,70,1.0,1.0,0.0,7.0,49.0,0.07073534333262343,0.7305006207590723,1.0,7.62608275807238,1.6094379124341003,0.6625,0.4830096522967021,0.17018930942416066,1.0,3.0,0.0,0.0,1.0,0.6931471805599453
7b,yelp,cold_start_user,71,0.0,1.0,1.0,7.0,49.0,0.07073534333262343,0.7305006207590723,1.0,7.62608275807238,1.6094379124341003,0.65,0.48234197894732156,0.18557577221137925,1.0,3.0,0.0,0.0,1.0,0.6931471805599453
7b,yelp,cold_start_user,72,1.0,1.0,0.0,7.0,49.0,0.07073534333262343,0.7305006207590723,1.0,7.62608275807238,1.6094379124341003,0.6583333333333333,0.512341413895289,0.17196624940445066,1.0,3.0,0.0,0.0,1.0,0.6931471805599453
7b,yelp,cold_start_user,73,0.6309297535714575,1.0,0.36907024642854247,7.0,49.0,0.07073534333262343,0.7305006207590723,1.0,6.71295620067707,1.0986122886681096,0.6625,0.47138424317042027,0.1776086541651972,1.0,3.0,0.0,0.0,1.0,0.6931471805599453
7b,yelp,cold_start_user,74,1.0,1.0,0.0,7.0,49.0,0.07073534333262343,0.7305006207590723,1.0,6.71295620067707,1.0986122886681096,0.6666666666666666,0.4902699987093607,0.16767101482700558,1.0,3.0,0.0,0.0,1.0,0.6931471805599453
7b,yelp,cold_start_user,75,1.0,1.0,0.0,7.0,49.0,0.07073534333262343,0.7305006207590723,1.0,8.245121966478605,1.3862943611198906,0.6666666666666666,0.7092060029506682,0.15798006224685449,1.0,3.0,0.0,0.0,1.0,0.6931471805599453
7b,yelp,cold_start_user,76,1.0,1.0,0.0,7.0,49.0,0.07073534333262343,0.7305006207590723,1.0,8.245121966478605,1.3862943611198906,0.6583333333333333,0.6424438218275706,0.16481934026975972,1.0,3.0,0.0,0.0,1.0,0.6931471805599453
7b,yelp,cold_start_user,77,1.0,1.0,0.0,7.0,49.0,0.07073534333262343,0.7305006207590723,1.0,8.245121966478605,1.3862943611198906,0.6666666666666666,0.4829290787378947,0.16998501561046953,1.0,3.0,0.0,0.0,1.0,0.6931471805599453
7b,yelp,cold_start_user,78,1.0,1.0,0.0,7.0,49.0,0.07073534333262343,0.7305006207590723,1.0,7.3031700512368,1.0986122886681096,0.6541666666666666,0.5674600581328074,0.18303956974481522,1.0,3.0,0.0,0.0,1.0,0.6931471805599453
7b,yelp,cold_start_user,79,0.0,1.0,1.0,7.0,49.0,0.07073534333262343,0.7305006207590723,1.0,7.3031700512368,1.0986122886681096,0.6458333333333333,0.7095069468021393,0.18187920618891615,1.0,3.0,0.0,0.0,1.0,0.6931471805599453
7b,yelp,cold_start_user,80,1.0,1.0,0.0,7.0,49.0,0.07073534333262343,0.7305006207590723,1.0,7.146772179452637,1.0986122886681096,0.6625,0.48138010303179424,0.17312404513337745,1.0,3.0,0.0,0.0,1.0,0.6931471805599453
7b,yelp,cold_start_user,81,1.0,1.0,0.0,7.0,49.0,0.07073534333262343,0.7305006207590723,1.0,7.146772179452637,1.0986122886681096,0.6666666666666666,0.711738258600235,0.1623494114628708,1.0,3.0,0.0,0.0,1.0,0.6931471805599453
7b,yelp,cold_start_user,82,0.6309297535714575,0.6309297535714575,0.0,7.0,49.0,0.07073534333262343,0.7305006207590723,1.0,7.1846291527173145,0.6931471805599453,0.65,0.5905712227026622,0.18093058020684613,1.0,3.0,0.0,0.0,1.0,0.6931471805599453
7b,yelp,cold_start_user,83,1.0,1.0,0.0,7.0,49.0,0.07073534333262343,0.7305006207590723,1.0,6.57507584059962,0.6931471805599453,0.6625,0.4937516311804454,0.17334385130894175,1.0,3.0,0.0,0.0,1.0,0.6931471805599453
7b,yelp,cold_start_user,84,1.0,1.0,0.0,7.0,49.0,0.07073534333262343,0.7305006207590723,1.0,8.086410275323782,1.3862943611198906,0.6541666666666666,0.4852700213591258,0.17839729842112192,1.0,3.0,0.0,0.0,1.0,0.6931471805599453
7b,yelp,cold_start_user,85,0.5,1.0,0.5,7.0,49.0,0.07073534333262343,0.7305006207590723,1.0,8.086410275323782,1.3862943611198906,0.6541666666666666,0.47863884965578707,0.1820849609953798,1.0,3.0,0.0,0.0,1.0,0.6931471805599453
7b,yelp,cold_start_user,86,0.6309297535714575,1.0,0.36907024642854247,7.0,49.0,0.07073534333262343,0.7305006207590723,1.0,8.086410275323782,1.3862943611198906,0.6625,0.48064081470171605,0.16811421754318864,1.0,3.0,0.0,0.0,1.0,0.6931471805599453
7b,yelp,cold_start_user,87,0.5,1.0,0.5,7.0,49.0,0.07073534333262343,0.7305006207590723,1.0,7.679251425953058,1.3862943611198906,0.6583333333333333,0.48162080446879074,0.17503306912725639,1.0,3.0,0.0,0.0,1.0,0.6931471805599453
7b,yelp,cold_start_user,88,1.0,1.0,0.0,7.0,49.0,0.07073534333262343,0.7305006207590723,1.0,7.679251425953058,1.3862943611198906,0.6583333333333333,0.5145298282305399,0.17554505125544073,1.0,3.0,0.0,0.0,1.0,0.6931471805599453
7b,yelp,cold_start_user,89,0.6309297535714575,1.0,0.36907024642854247,7.0,49.0,0.07073534333262343,0.7305006207590723,1.0,7.679251425953058,1.3862943611198906,0.6583333333333333,0.4803350249926249,0.1812222972790164,1.0,3.0,0.0,0.0,1.0,0.6931471805599453
7b,yelp,cold_start_user,90,0.38685280723454163,1.0,0.6131471927654584,7.0,49.0,0.07073534333262343,0.7305006207590723,1.0,6.8885724595653635,1.0986122886681096,0.6625,0.7139429807662965,0.16412581073838997,1.0,3.0,0.0,0.0,1.0,0.6931471805599453
7b,yelp,cold_start_user,91,0.6309297535714575,0.6309297535714575,0.0,7.0,49.0,0.07073534333262343,0.7305006207590723,1.0,6.8885724595653635,1.0986122886681096,0.6666666666666666,0.7144249022006988,0.16164217907345055,1.0,3.0,0.0,0.0,1.0,0.6931471805599453
7b,yelp,cold_start_user,92,1.0,1.0,0.0,7.0,49.0,0.07073534333262343,0.7305006207590723,1.0,7.1770187659099,0.6931471805599453,0.6583333333333333,0.7321408927440642,0.17196535013885547,1.0,3.0,0.0,0.0,1.0,0.6931471805599453
7b,yelp,cold_start_user,93,1.0,1.0,0.0,7.0,49.0,0.07073534333262343,0.7305006207590723,1.0,6.5638555265321274,0.6931471805599453,0.6666666666666666,0.7110658466815949,0.15898798153460217,1.0,3.0,0.0,0.0,1.0,0.6931471805599453
7b,yelp,cold_start_user,94,1.0,1.0,0.0,7.0,49.0,0.07073534333262343,0.7305006207590723,1.0,7.157735484249907,0.6931471805599453,0.6625,0.712579756975174,0.1660118724341276,1.0,3.0,0.0,0.0,1.0,0.6931471805599453
7b,yelp,cold_start_user,95,1.0,1.0,0.0,7.0,49.0,0.07073534333262343,0.7305006207590723,1.0,6.282266746896006,0.6931471805599453,0.6666666666666666,0.7180767297744751,0.1633506764681864,1.0,3.0,0.0,0.0,1.0,0.6931471805599453
7b,yelp,cold_start_user,96,1.0,1.0,0.0,7.0,49.0,0.07073534333262343,0.7305006207590723,1.0,9.426821780416843,2.772588722239781,0.6458333333333333,0.47316614190737405,0.18519918538145974,1.0,3.0,0.0,0.0,1.0,0.6931471805599453
7b,yelp,cold_start_user,97,1.0,1.0,0.0,7.0,49.0,0.07073534333262343,0.7305006207590723,1.0,8.078067881815437,1.3862943611198906,0.6583333333333333,0.47864748636881504,0.1709267510431491,1.0,3.0,0.0,0.0,1.0,0.6931471805599453
7b,yelp,cold_start_user,98,0.6309297535714575,1.0,0.36907024642854247,7.0,49.0,0.07073534333262343,0.7305006207590723,1.0,8.078067881815437,1.3862943611198906,0.6541666666666666,0.7089000523090363,0.1652822609738039,1.0,3.0,0.0,0.0,1.0,0.6931471805599453
7b,yelp,cold_start_user,99,1.0,1.0,0.0,7.0,49.0,0.07073534333262343,0.7305006207590723,1.0,8.078067881815437,1.3862943611198906,0.6666666666666666,0.47378147641817736,0.1625598026391296,1.0,3.0,0.0,0.0,1.0,0.6931471805599453
7b,yelp,cold_start_user,100,1.0,1.0,0.0,7.0,49.0,0.07073534333262343,0.7305006207590723,1.0,5.976350909297934,0.6931471805599453,0.6625,0.713752293586731,0.16682090074136002,1.0,3.0,0.0,0.0,1.0,0.6931471805599453
7b,yelp,cold_start_user,101,1.0,1.0,0.0,7.0,49.0,0.07073534333262343,0.7305006207590723,1.0,9.737432968206045,3.1780538303479458,0.6625,0.47747174898783373,0.1811236261064417,1.0,3.0,0.0,0.0,1.0,0.6931471805599453
7b,yelp,cold_start_user,102,1.0,1.0,0.0,7.0,49.0,0.07073534333262343,0.7305006207590723,1.0,9.705280486511949,2.833213344056216,0.6583333333333333,0.476281330982844,0.18559439110598655,1.0,3.0,0.0,0.0,1.0,0.6931471805599453
7b,yelp,cold_start_user,103,0.5,1.0,0.5,7.0,49.0,0.07073534333262343,0.7305006207590723,1.0,9.705280486511949,2.833213344056216,0.6666666666666666,0.4769752184549968,0.17704571918991419,1.0,3.0,0.0,0.0,1.0,0.6931471805599453
7b,yelp,cold_start_user,104,1.0,1.0,0.0,7.0,49.0,0.07073534333262343,0.7305006207590723,1.0,6.049733455231958,0.6931471805599453,0.6583333333333333,0.7146104216575623,0.17203222641137145,1.0,3.0,0.0,0.0,1.0,0.6931471805599453
7b,yelp,cold_start_user,105,1.0,1.0,0.0,7.0,49.0,0.07073534333262343,0.7305006207590723,1.0,6.066108090103747,0.6931471805599453,0.6666666666666666,0.7520582437515259,0.17178779934948457,1.0,3.0,0.0,0.0,1.0,0.6931471805599453
7b,yelp,cold_start_user,106,1.0,1.0,0.0,7.0,49.0,0.07073534333262343,0.7305006207590723,1.0,6.806829360392176,0.6931471805599453,0.6541666666666666,0.5025678197542827,0.17807763647963187,1.0,3.0,0.0,0.0,1.0,0.6931471805599453
7b,yelp,cold_start_user,107,1.0,1.0,0.0,7.0,49.0,0.07073534333262343,0.7305006207590723,1.0,6.322565239927284,0.6931471805599453,0.6583333333333333,0.7138665020465851,0.16810394507861143,1.0,3.0,0.0,0.0,1.0,0.6931471805599453
7b,yelp,cold_start_user,108,1.0,1.0,0.0,7.0,49.0,0.07073534333262343,0.7305006207590723,1.0,7.136483208590247,1.0986122886681096,0.6666666666666666,0.5008452157179514,0.17072215687937536,1.0,3.0,0.0,0.0,1.0,0.6931471805599453
7b,yelp,cold_start_user,109,1.0,1.0,0.0,7.0,49.0,0.07073534333262343,0.7305006207590723,1.0,7.136483208590247,1.0986122886681096,0.6625,0.7096010565757751,0.1616624846835817,1.0,3.0,0.0,0.0,1.0,0.6931471805599453
7b,yelp,cold_start_user,110,1.0,1.0,0.0,7.0,49.0,0.07073534333262343,0.7305006207590723,1.0,5.993961427306569,0.6931471805599453,0.6625,0.7181402623653411,0.1671621060532989,1.0,3.0,0.0,0.0,1.0,0.6931471805599453
7b,yelp,cold_start_user,111,0.0,0.0,0.0,7.0,49.0,0.07073534333262343,0.7305006207590723,1.0,6.115892125483034,0.6931471805599453,0.6541666666666666,0.8202426075935363,0.19470252141251737,1.0,3.0,0.0,0.0,1.0,0.6931471805599453
7b,yelp,cold_start_user,112,1.0,1.0,0.0,7.0,49.0,0.07073534333262343,0.7305006207590723,1.0,7.564757012905729,0.6931471805599453,0.6583333333333333,0.5943478981653849,0.1917726937794612,1.0,3.0,0.0,0.0,1.0,1.0986122886681096
7b,yelp,cold_start_user,113,1.0,1.0,0.0,7.0,49.0,0.07073534333262343,0.7305006207590723,1.0,6.478509642208569,0.6931471805599453,0.6625,0.5032493154207865,0.17204138139357952,1.0,3.0,0.0,0.0,1.0,0.6931471805599453
7b,yelp,cold_start_user,114,1.0,1.0,0.0,7.0,49.0,0.07073534333262343,0.7305006207590723,1.0,5.955837369464831,0.6931471805599453,0.6583333333333333,0.7147973895072937,0.17234480262896318,1.0,3.0,0.0,0.0,1.0,0.6931471805599453
7b,yelp,cold_start_user,115,0.0,1.0,1.0,7.0,49.0,0.07073534333262343,0.7305006207590723,1.0,8.34972083747249,2.0794415416798357,0.6541666666666666,0.4768401781717936,0.17312026793804838,1.0,3.0,0.0,0.0,1.0,0.6931471805599453
7b,yelp,cold_start_user,116,1.0,1.0,0.0,7.0,49.0,0.07073534333262343,0.7305006207590723,1.0,8.34972083747249,2.0794415416798357,0.6625,0.48715246717135097,0.1710341433913479,1.0,3.0,0.0,0.0,1.0,0.6931471805599453
7b,yelp,cold_start_user,117,1.0,1.0,0.0,7.0,49.0,0.07073534333262343,0.7305006207590723,1.0,8.34972083747249,2.0794415416798357,0.6625,0.4736911217371623,0.17101872307650207,1.0,3.0,0.0,0.0,1.0,0.6931471805599453
7b,yelp,cold_start_user,118,1.0,1.0,0.0,7.0,49.0,0.07073534333262343,0.7305006207590723,1.0,6.912742820493176,0.6931471805599453,0.6625,0.4711428622404734,0.16971129590506362,1.0,2.0,0.05263157894736842,0.0,1.0,0.6931471805599453
7b,yelp,cold_start_user,119,1.0,1.0,0.0,7.0,49.0,0.07073534333262343,0.7305006207590723,1.0,7.060476365999801,0.6931471805599453,0.6541666666666666,0.801959079504013,0.18798869537920695,1.0,3.0,0.0,0.0,1.0,1.6094379124341003
7b,yelp,cold_start_user,120,1.0,1.0,0.0,7.0,49.0,0.07073534333262343,0.7305006207590723,1.0,8.59877317840866,2.0794415416798357,0.6625,0.4811304608980813,0.17190458534580882,1.0,3.0,0.0,0.0,1.0,0.6931471805599453
7b,yelp,cold_start_user,121,1.0,1.0,0.0,7.0,49.0,0.07073534333262343,0.7305006207590723,1.0,8.59877317840866,2.0794415416798357,0.6541666666666666,0.49194659392038986,0.17110356055856443,1.0,3.0,0.0,0.0,1.0,1.0986122886681096
7b,yelp,cold_start_user,122,1.0,1.0,0.0,7.0,49.0,0.07073534333262343,0.7305006207590723,1.0,7.118826249062078,1.0986122886681096,0.6541666666666666,0.7086474776268006,0.1727449390638888,1.0,3.0,0.0,0.0,1.0,1.0986122886681096
7b,yelp,cold_start_user,123,1.0,1.0,0.0,7.0,49.0,0.07073534333262343,0.7305006207590723,1.0,7.118826249062078,1.0986122886681096,0.6625,0.47094849149386087,0.1858767184708474,1.0,2.0,0.05263157894736842,0.0,1.0,1.0986122886681096
7b,yelp,cold_start_user,124,1.0,1.0,0.0,7.0,49.0,0.07073534333262343,0.7305006207590723,1.0,6.52649485957079,0.6931471805599453,0.6625,0.7144295334815979,0.16708303198943955,1.0,3.0,0.0,0.0,1.0,0.6931471805599453
7b,yelp,cold_start_user,125,1.0,1.0,0.0,7.0,49.0,0.07073534333262343,0.7305006207590723,1.0,6.739336627357174,0.6931471805599453,0.6625,0.503029195467631,0.17229053636127004,1.0,3.0,0.0,0.0,1.0,0.6931471805599453
7b,yelp,cold_start_user,126,1.0,1.0,0.0,7.0,49.0,0.07073534333262343,0.7305006207590723,1.0,6.6320017773956295,0.6931471805599453,0.6583333333333333,0.7224881589412688,0.16924916954883346,1.0,3.0,0.0,0.0,1.0,0.6931471805599453
7b,yelp,cold_start_user,127,0.5,1.0,0.5,7.0,49.0,0.07073534333262343,0.7305006207590723,1.0,6.2766434893416445,0.6931471805599453,0.65,0.7185608863830566,0.18190861196347352,1.0,3.0,0.0,0.0,1.0,0.6931471805599453
7b,yelp,cold_start_user,128,1.0,1.0,0.0,7.0,49.0,0.07073534333262343,0.7305006207590723,1.0,6.35088571671474,0.6931471805599453,0.6541666666666666,0.7115640580654145,0.1771352432406428,1.0,3.0,0.0,0.0,1.0,0.6931471805599453
7b,yelp,cold_start_user,129,1.0,1.0,0.0,7.0,49.0,0.07073534333262343,0.7305006207590723,1.0,5.953243334287785,0.6931471805599453,0.6625,0.7150575280189515,0.16646840241553232,1.0,3.0,0.0,0.0,1.0,0.6931471805599453
7b,yelp,cold_start_user,130,0.0,1.0,1.0,7.0,49.0,0.07073534333262343,0.7305006207590723,1.0,6.008813185442595,0.6931471805599453,0.6625,0.7232093513011932,0.16692686986359018,1.0,3.0,0.0,0.0,1.0,0.6931471805599453
7b,yelp,cold_start_user,131,0.6309297535714575,1.0,0.36907024642854247,7.0,49.0,0.07073534333262343,0.7305006207590723,1.0,10.47751330218821,3.828641396489095,0.6583333333333333,0.0019991934299469216,0.11091809587059752,1.0,3.0,0.0,0.0,1.0,0.6931471805599453
7b,yelp,cold_start_user,132,1.0,0.43067655807339306,-0.5693234419266069,7.0,49.0,0.07073534333262343,0.7305006207590723,1.0,7.143617602704121,0.6931471805599453,0.6625,0.8128371000289916,0.1954490330732701,1.0,3.0,0.0,0.0,1.0,0.6931471805599453
7b,yelp,cold_start_user,133,1.0,1.0,0.0,7.0,49.0,0.07073534333262343,0.7305006207590723,1.0,6.300785794663244,0.6931471805599453,0.6583333333333333,0.7095657587051392,0.1687255467170325,1.0,3.0,0.0,0.0,1.0,0.6931471805599453
7b,yelp,cold_start_user,134,1.0,1.0,0.0,7.0,49.0,0.07073534333262343,0.7305006207590723,1.0,6.1463292576688975,0.6931471805599453,0.6666666666666666,0.7087361335754394,0.16265541031501665,1.0,3.0,0.0,0.0,1.0,1.0986122886681096
7b,yelp,cold_start_user,135,1.0,1.0,0.0,7.0,49.0,0.07073534333262343,0.7305006207590723,1.0,6.0473721790462776,0.6931471805599453,0.6666666666666666,0.713505870103836,0.16424671706319408,1.0,3.0,0.0,0.0,1.0,0.6931471805599453
7b,yelp,cold_start_user,136,1.0,1.0,0.0,7.0,49.0,0.07073534333262343,0.7305006207590723,1.0,6.507277712385012,0.6931471805599453,0.6583333333333333,0.7119448065757752,0.17217587191637465,1.0,3.0,0.0,0.0,1.0,0.6931471805599453
7b,yelp,cold_start_user,137,1.0,1.0,0.0,7.0,49.0,0.07073534333262343,0.7305006207590723,1.0,5.83773044716594,0.6931471805599453,0.6666666666666666,0.7119003713130949,0.16174643613307416,1.0,3.0,0.0,0.0,1.0,0.6931471805599453
7b,yelp,cold_start_user,138,1.0,1.0,0.0,7.0,49.0,0.07073534333262343,0.7305006207590723,1.0,6.234410725718371,0.6931471805599453,0.6583333333333333,0.7160015940666199,0.1700152102445505,1.0,3.0,0.0,0.0,1.0,0.6931471805599453
7b,yelp,cold_start_user,139,1.0,1.0,0.0,7.0,49.0,0.07073534333262343,0.7305006207590723,1.0,5.973809611869261,0.6931471805599453,0.6666666666666666,0.7106247305870057,0.16219925271413307,1.0,3.0,0.0,0.0,1.0,0.6931471805599453
7b,yelp,cold_start_user,140,1.0,1.0,0.0,7.0,49.0,0.07073534333262343,0.7305006207590723,1.0,8.656433258507741,2.1972245773362196,0.6625,0.48025520245234177,0.1685506073552946,1.0,3.0,0.0,0.0,1.0,0.6931471805599453
7b,yelp,cold_start_user,141,1.0,1.0,0.0,7.0,49.0,0.07073534333262343,0.7305006207590723,1.0,8.656433258507741,2.1972245773362196,0.65,0.47624608675638835,0.18752469868657254,1.0,2.0,0.05263157894736842,0.0,1.0,0.6931471805599453
7b,yelp,cold_start_user,142,1.0,1.0,0.0,7.0,49.0,0.07073534333262343,0.7305006207590723,1.0,8.656433258507741,2.1972245773362196,0.6541666666666666,0.4740187267462411,0.18330109299276637,1.0,3.0,0.0,0.0,1.0,0.6931471805599453
7b,yelp,cold_start_user,143,1.0,1.0,0.0,7.0,49.0,0.07073534333262343,0.7305006207590723,1.0,6.726233402358747,1.0986122886681096,0.6541666666666666,0.7163730442523956,0.17201520912329837,1.0,3.0,0.0,0.0,1.0,0.6931471805599453
7b,yelp,cold_start_user,144,0.0,1.0,1.0,7.0,49.0,0.07073534333262343,0.7305006207590723,1.0,6.726233402358747,1.0986122886681096,0.6625,0.4786696592966716,0.17367978348589186,1.0,3.0,0.0,0.0,1.0,0.6931471805599453
7b,yelp,cold_start_user,145,1.0,1.0,0.0,7.0,49.0,0.07073534333262343,0.7305006207590723,1.0,6.9726062513017535,0.6931471805599453,0.6666666666666666,0.47920921246210735,0.16753116139267557,1.0,2.0,0.05263157894736842,0.0,1.0,1.0986122886681096
7b,yelp,cold_start_user,146,1.0,1.0,0.0,7.0,49.0,0.07073534333262343,0.7305006207590723,1.0,6.784457062637643,0.6931471805599453,0.6625,0.7122589647769928,0.16523768605809444,1.0,3.0,0.0,0.0,1.0,0.6931471805599453
7b,yelp,cold_start_user,147,1.0,1.0,0.0,7.0,49.0,0.07073534333262343,0.7305006207590723,1.0,7.907651594711089,1.791759469228055,0.6583333333333333,0.48098533550898226,0.18107393370092237,1.0,3.0,0.0,0.0,1.0,0.6931471805599453
7b,yelp,cold_start_user,148,1.0,1.0,0.0,7.0,49.0,0.07073534333262343,0.7305006207590723,1.0,7.907651594711089,1.791759469228055,0.6583333333333333,0.7072960019111632,0.1676965788209571,1.0,3.0,0.0,0.0,1.0,0.6931471805599453
7b,yelp,cold_start_user,149,1.0,1.0,0.0,7.0,49.0,0.07073534333262343,0.7305006207590723,1.0,7.907651594711089,1.791759469228055,0.6625,0.48047507206598905,0.17450786040221486,1.0,3.0,0.0,0.0,1.0,0.6931471805599453
7b,yelp,cold_start_user,150,1.0,1.0,0.0,7.0,49.0,0.07073534333262343,0.7305006207590723,1.0,6.82001636467413,0.6931471805599453,0.6625,0.4706604222456614,0.17736898452912536,1.0,2.0,0.10526315789473684,0.0,1.0,0.6931471805599453
7b,yelp,cold_start_user,151,1.0,1.0,0.0,7.0,49.0,0.07073534333262343,0.7305006207590723,1.0,8.415160465851086,1.0986122886681096,0.6541666666666666,0.7125644326210022,0.17124031208480853,1.0,3.0,0.0,0.0,1.0,0.6931471805599453
7b,yelp,cold_start_user,152,1.0,0.5,-0.5,7.0,49.0,0.07073534333262343,0.7305006207590723,1.0,8.415160465851086,1.0986122886681096,0.6541666666666666,0.7150619626045227,0.16795171261226585,1.0,3.0,0.0,0.0,1.0,1.6094379124341003
7b,yelp,cold_start_user,153,1.0,1.0,0.0,7.0,49.0,0.07073534333262343,0.7305006207590723,1.0,6.345636360828596,0.6931471805599453,0.6583333333333333,0.714692622423172,0.17293506469184697,1.0,3.0,0.0,0.0,1.0,0.6931471805599453
7b,yelp,cold_start_user,154,1.0,1.0,0.0,7.0,49.0,0.07073534333262343,0.7305006207590723,1.0,7.81035268372429,0.6931471805599453,0.6583333333333333,0.48490781585375453,0.17793802486279237,1.0,3.0,0.0,0.0,1.0,0.6931471805599453
7b,yelp,cold_start_user,155,1.0,1.0,0.0,7.0,49.0,0.07073534333262343,0.7305006207590723,1.0,7.506591780070841,1.791759469228055,0.6583333333333333,0.48845439354578657,0.18183813551893135,1.0,3.0,0.0,0.0,1.0,0.6931471805599453
7b,yelp,cold_start_user,156,1.0,1.0,0.0,7.0,49.0,0.07073534333262343,0.7305006207590723,1.0,7.506591780070841,1.791759469228055,0.6666666666666666,0.4795241216818491,0.176770341145463,1.0,3.0,0.0,0.0,1.0,0.6931471805599453
7b,yelp,cold_start_user,157,1.0,1.0,0.0,7.0,49.0,0.07073534333262343,0.7305006207590723,1.0,7.506591780070841,1.791759469228055,0.6625,0.47754491964975987,0.1834062735723773,1.0,2.0,0.05263157894736842,0.0,1.0,0.6931471805599453
7b,yelp,cold_start_user,158,0.6309297535714575,1.0,0.36907024642854247,7.0,49.0,0.07073534333262343,0.7305006207590723,1.0,6.234410725718371,0.6931471805599453,0.6541666666666666,0.49330134193102526,0.18030359640723032,1.0,3.0,0.0,0.0,1.0,1.0986122886681096
7b,yelp,cold_start_user,159,1.0,1.0,0.0,7.0,49.0,0.07073534333262343,0.7305006207590723,1.0,7.959275960116396,1.0986122886681096,0.6625,0.7139080047607422,0.16359371046368415,1.0,3.0,0.0,0.0,1.0,1.0986122886681096
7b,yelp,cold_start_user,160,0.5,1.0,0.5,7.0,49.0,0.07073534333262343,0.7305006207590723,1.0,7.959275960116396,1.0986122886681096,0.6625,0.7164671897888184,0.16281199360945453,1.0,3.0,0.0,0.0,1.0,0.6931471805599453
7b,yelp,cold_start_user,161,1.0,1.0,0.0,7.0,49.0,0.07073534333262343,0.7305006207590723,1.0,7.025538314638521,1.0986122886681096,0.6458333333333333,0.7102834463119505,0.17930585386008416,1.0,3.0,0.0,0.0,1.0,0.6931471805599453
7b,yelp,cold_start_user,162,1.0,1.0,0.0,7.0,49.0,0.07073534333262343,0.7305006207590723,1.0,7.025538314638521,1.0986122886681096,0.6583333333333333,0.714384239912033,0.17027372090090673,1.0,3.0,0.0,0.0,1.0,0.6931471805599453
7b,yelp,cold_start_user,163,1.0,1.0,0.0,7.0,49.0,0.07073534333262343,0.7305006207590723,1.0,7.811163385025279,1.3862943611198906,0.6583333333333333,0.7189574062824249,0.1668105957488888,1.0,3.0,0.0,0.0,1.0,0.6931471805599453
7b,yelp,cold_start_user,164,0.0,1.0,1.0,7.0,49.0,0.07073534333262343,0.7305006207590723,1.0,9.18471482433721,2.8903717578961645,0.6541666666666666,0.47722625533739715,0.19187299821202408,1.0,3.0,0.0,0.0,1.0,0.6931471805599453
7b,yelp,cold_start_user,165,1.0,1.0,0.0,7.0,49.0,0.07073534333262343,0.7305006207590723,1.0,9.18471482433721,2.8903717578961645,0.6458333333333333,0.4800795892874399,0.1956530721219438,1.0,3.0,0.0,0.0,1.0,0.6931471805599453
7b,yelp,cold_start_user,166,1.0,1.0,0.0,7.0,49.0,0.07073534333262343,0.7305006207590723,1.0,8.921457578947884,2.1972245773362196,0.6583333333333333,0.7120833158493043,0.16848666307124438,1.0,3.0,0.0,0.0,1.0,0.6931471805599453
7b,yelp,cold_start_user,167,0.0,1.0,1.0,7.0,49.0,0.07073534333262343,0.7305006207590723,1.0,8.921457578947884,2.1972245773362196,0.6541666666666666,0.4769080738226572,0.18160864847751268,1.0,3.0,0.0,0.0,1.0,0.6931471805599453
7b,yelp,cold_start_user,168,1.0,1.0,0.0,7.0,49.0,0.07073534333262343,0.7305006207590723,1.0,6.775366090936392,1.0986122886681096,0.6583333333333333,0.7160171151161194,0.16796419643018184,1.0,3.0,0.0,0.0,1.0,0.6931471805599453
7b,yelp,cold_start_user,169,1.0,1.0,0.0,7.0,49.0,0.07073534333262343,0.7305006207590723,1.0,6.775366090936392,1.0986122886681096,0.6625,0.7173355460166931,0.16883938165810286,1.0,3.0,0.0,0.0,1.0,0.6931471805599453
7b,yelp,cold_start_user,170,0.0,0.38685280723454163,0.38685280723454163,7.0,49.0,0.07073534333262343,0.7305006207590723,1.0,8.09009578318096,1.9459101490553132,0.6625,0.5017975072065988,0.1653127970062494,1.0,3.0,0.0,0.0,1.0,0.6931471805599453
7b,yelp,cold_start_user,171,1.0,1.0,0.0,7.0,49.0,0.07073534333262343,0.7305006207590723,1.0,8.09009578318096,1.9459101490553132,0.6625,0.4965830246607461,0.1774295659198221,1.0,3.0,0.0,0.0,1.0,0.6931471805599453
7b,yelp,cold_start_user,172,1.0,1.0,0.0,7.0,49.0,0.07073534333262343,0.7305006207590723,1.0,8.09009578318096,1.9459101490553132,0.6583333333333333,0.48554991881052656,0.16934763464758223,1.0,3.0,0.0,0.0,1.0,1.0986122886681096
7b,yelp,cold_start_user,173,1.0,1.0,0.0,7.0,49.0,0.07073534333262343,0.7305006207590723,1.0,6.5998704992128365,0.6931471805599453,0.65,0.7117704629898072,0.17987113948187192,1.0,3.0,0.0,0.0,1.0,0.6931471805599453
7b,yelp,cold_start_user,174,1.0,1.0,0.0,7.0,49.0,0.07073534333262343,0.7305006207590723,1.0,6.47543271670409,0.6931471805599453,0.6625,0.4777888576189676,0.17250272994634544,1.0,2.0,0.05263157894736842,0.0,1.0,0.6931471805599453
7b,yelp,cold_start_user,175,1.0,1.0,0.0,7.0,49.0,0.07073534333262343,0.7305006207590723,1.0,7.83399634170946,1.6094379124341003,0.6666666666666666,0.47634364763895665,0.17147661413713958,1.0,3.0,0.0,0.0,1.0,0.6931471805599453
7b,yelp,cold_start_user,176,1.0,1.0,0.0,7.0,49.0,0.07073534333262343,0.7305006207590723,1.0,7.83399634170946,1.6094379124341003,0.6666666666666666,0.4798411766688029,0.16426805457906546,1.0,3.0,0.0,0.0,1.0,0.6931471805599453
7b,yelp,cold_start_user,177,1.0,1.0,0.0,7.0,49.0,0.07073534333262343,0.7305006207590723,1.0,7.83399634170946,1.6094379124341003,0.6541666666666666,0.4766848961512248,0.17936800048933296,1.0,3.0,0.0,0.0,1.0,0.6931471805599453
7b,yelp,cold_start_user,178,0.38685280723454163,0.38685280723454163,0.0,7.0,49.0,0.07073534333262343,0.7305006207590723,1.0,5.7899601708972535,0.6931471805599453,0.6666666666666666,0.7266580283641815,0.170069322851027,1.0,3.0,0.0,0.0,1.0,0.6931471805599453
7b,yelp,cold_start_user,179,1.0,1.0,0.0,7.0,49.0,0.07073534333262343,0.7305006207590723,1.0,5.983936280687191,0.6931471805599453,0.6583333333333333,0.4953052918116251,0.17755712279482544,1.0,3.0,0.0,0.0,1.0,0.6931471805599453
7b,yelp,cold_start_user,180,1.0,1.0,0.0,7.0,49.0,0.07073534333262343,0.7305006207590723,1.0,6.85751406254539,1.0986122886681096,0.6666666666666666,0.4945882658163705,0.16533758825107803,1.0,3.0,0.0,0.0,1.0,0.6931471805599453
7b,yelp,cold_start_user,181,0.6309297535714575,1.0,0.36907024642854247,7.0,49.0,0.07073534333262343,0.7305006207590723,1.0,6.85751406254539,1.0986122886681096,0.6666666666666666,0.4813301245371501,0.16632190460973836,1.0,3.0,0.0,0.0,1.0,0.6931471805599453
7b,yelp,cold_start_user,182,1.0,1.0,0.0,7.0,49.0,0.07073534333262343,0.7305006207590723,1.0,7.170119543449628,1.0986122886681096,0.6583333333333333,0.7125058531761168,0.1639684942543934,1.0,3.0,0.0,0.0,1.0,0.6931471805599453
7b,yelp,cold_start_user,183,1.0,1.0,0.0,7.0,49.0,0.07073534333262343,0.7305006207590723,1.0,8.17526610411206,1.6094379124341003,0.6583333333333333,0.7135311007499695,0.1723539400551029,1.0,3.0,0.0,0.0,1.0,0.6931471805599453
7b,yelp,cold_start_user,184,0.0,0.6309297535714575,0.6309297535714575,7.0,49.0,0.07073534333262343,0.7305006207590723,1.0,8.17526610411206,1.6094379124341003,0.6625,0.7105016887187958,0.16339119703730115,1.0,3.0,0.0,0.0,1.0,0.6931471805599453
7b,yelp,cold_start_user,185,1.0,1.0,0.0,7.0,49.0,0.07073534333262343,0.7305006207590723,1.0,8.17526610411206,1.6094379124341003,0.6583333333333333,0.48142664829889925,0.1755318264386672,1.0,3.0,0.0,0.0,1.0,0.6931471805599453
7b,yelp,cold_start_user,186,0.0,1.0,1.0,7.0,49.0,0.07073534333262343,0.7305006207590723,1.0,7.644919344958857,0.6931471805599453,0.6625,0.7156387448310851,0.16595172312640524,1.0,3.0,0.0,0.0,1.0,0.6931471805599453
7b,yelp,cold_start_user,187,0.0,0.43067655807339306,0.43067655807339306,7.0,49.0,0.07073534333262343,0.7305006207590723,1.0,7.696667081526462,0.6931471805599453,0.6458333333333333,0.7126456856727601,0.180257676829053,1.0,3.0,0.0,0.0,1.0,0.6931471805599453
7b,yelp,cold_start_user,188,1.0,1.0,0.0,7.0,49.0,0.07073534333262343,0.7305006207590723,1.0,8.693664334532016,2.4849066497880004,0.6625,0.4723158280054728,0.17739007943789734,1.0,3.0,0.0,0.0,1.0,0.6931471805599453
7b,yelp,cold_start_user,189,1.0,1.0,0.0,7.0,49.0,0.07073534333262343,0.7305006207590723,1.0,8.693664334532016,2.4849066497880004,0.6583333333333333,0.4859865109125774,0.17383389343655345,1.0,3.0,0.0,0.0,1.0,1.0986122886681096
7b,yelp,cold_start_user,190,1.0,0.6309297535714575,-0.36907024642854247,7.0,49.0,0.07073534333262343,0.7305006207590723,1.0,6.218600119691729,0.6931471805599453,0.65,0.7146577179431914,0.1771425044534242,1.0,3.0,0.0,0.0,1.0,0.6931471805599453
7b,yelp,cold_start_user,191,0.0,0.0,0.0,7.0,49.0,0.07073534333262343,0.7305006207590723,1.0,6.894670039433482,0.6931471805599453,0.6625,0.8297607839107514,0.1909829521042346,1.0,3.0,0.0,0.0,1.0,0.6931471805599453
7b,yelp,cold_start_user,192,1.0,0.6309297535714575,-0.36907024642854247,7.0,49.0,0.07073534333262343,0.7305006207590723,1.0,9.217713126305595,2.3978952727983707,0.6541666666666666,0.47689741651217143,0.1751942793485482,1.0,3.0,0.0,0.0,1.0,0.6931471805599453
7b,yelp,cold_start_user,193,1.0,1.0,0.0,7.0,49.0,0.07073534333262343,0.7305006207590723,1.0,9.217713126305595,2.3978952727983707,0.6625,0.47883810202280674,0.17947409487416208,1.0,3.0,0.0,0.0,1.0,0.6931471805599453
7b,yelp,cold_start_user,194,1.0,1.0,0.0,7.0,49.0,0.07073534333262343,0.7305006207590723,1.0,6.102558594613569,0.6931471805599453,0.6625,0.729702353477478,0.17077941157225604,1.0,3.0,0.0,0.0,1.0,0.6931471805599453
7b,yelp,cold_start_user,195,1.0,1.0,0.0,7.0,49.0,0.07073534333262343,0.7305006207590723,1.0,7.91862865334224,0.6931471805599453,0.6541666666666666,0.7107902407646178,0.1764084995114636,1.0,3.0,0.0,0.0,1.0,0.6931471805599453
7b,yelp,cold_start_user,196,1.0,1.0,0.0,7.0,49.0,0.07073534333262343,0.7305006207590723,1.0,5.924255797414532,0.6931471805599453,0.6583333333333333,0.7168602406978608,0.17007190000486078,1.0,3.0,0.0,0.0,1.0,0.6931471805599453
7b,yelp,cold_start_user,197,1.0,1.0,0.0,7.0,49.0,0.07073534333262343,0.7305006207590723,1.0,6.386879319362645,0.6931471805599453,0.6541666666666666,0.7300092518329621,0.17644999891847576,1.0,3.0,0.0,0.0,1.0,1.0986122886681096
7b,yelp,cold_start_user,198,1.0,1.0,0.0,7.0,49.0,0.07073534333262343,0.7305006207590723,1.0,6.137727054086234,0.6931471805599453,0.6625,0.5227043430010477,0.1668281573000771,1.0,3.0,0.0,0.0,1.0,0.6931471805599453
7b,yelp,cold_start_user,199,1.0,1.0,0.0,7.0,49.0,0.07073534333262343,0.7305006207590723,1.0,6.51471269087253,0.6931471805599453,0.6625,0.7252291083335876,0.1657924018309159,1.0,3.0,0.0,0.0,1.0,0.6931471805599453
7b,yelp,cold_start_user,200,0.6309297535714575,0.6309297535714575,0.0,7.0,49.0,0.07073534333262343,0.7305006207590723,1.0,8.307212626628308,1.3862943611198906,0.6583333333333333,0.7092892944812774,0.17122563729815243,1.0,3.0,0.0,0.0,1.0,0.6931471805599453
7b,yelp,cold_start_user,201,1.0,1.0,0.0,7.0,49.0,0.07073534333262343,0.7305006207590723,1.0,8.307212626628308,1.3862943611198906,0.6625,0.475980297724406,0.17363639342528617,1.0,2.0,0.05263157894736842,0.0,1.0,0.6931471805599453
7b,yelp,cold_start_user,202,1.0,1.0,0.0,7.0,49.0,0.07073534333262343,0.7305006207590723,1.0,8.307212626628308,1.3862943611198906,0.6583333333333333,0.4976713041464488,0.18299108167942044,1.0,3.0,0.0,0.0,1.0,0.6931471805599453
7b,yelp,cold_start_user,203,0.43067655807339306,1.0,0.5693234419266069,7.0,49.0,0.07073534333262343,0.7305006207590723,1.0,8.262300941787448,1.791759469228055,0.6625,0.4859284500281015,0.1716186006000913,1.0,3.0,0.0,0.0,1.0,0.6931471805599453
7b,yelp,cold_start_user,204,0.0,0.0,0.0,7.0,49.0,0.07073534333262343,0.7305006207590723,1.0,8.262300941787448,1.791759469228055,0.6625,0.47502716581026716,0.17047685239196825,1.0,3.0,0.0,0.0,1.0,0.6931471805599453
7b,yelp,cold_start_user,205,1.0,1.0,0.0,7.0,49.0,0.07073534333262343,0.7305006207590723,1.0,8.262300941787448,1.791759469228055,0.65,0.7095632374286651,0.17210934019033405,1.0,3.0,0.0,0.0,1.0,1.0986122886681096
7b,yelp,cold_start_user,206,1.0,0.0,-1.0,7.0,49.0,0.07073534333262343,0.7305006207590723,1.0,7.133295954896068,0.6931471805599453,0.6625,0.708464729785919,0.16657068462262176,1.0,3.0,0.0,0.0,1.0,0.6931471805599453
7b,yelp,cold_start_user,207,1.0,0.0,-1.0,7.0,49.0,0.07073534333262343,0.7305006207590723,1.0,6.269096283706261,0.6931471805599453,0.6625,0.7119361340999601,0.16520761299494974,1.0,3.0,0.0,0.0,1.0,0.6931471805599453
7b,yelp,cold_start_user,208,1.0,1.0,0.0,7.0,49.0,0.07073534333262343,0.7305006207590723,1.0,6.163314804034641,0.6931471805599453,0.6541666666666666,0.6319618652264276,0.19711705922939968,1.0,3.0,0.0,0.0,1.0,0.6931471805599453
7b,yelp,cold_start_user,209,1.0,1.0,0.0,7.0,49.0,0.07073534333262343,0.7305006207590723,1.0,9.07383312732152,1.791759469228055,0.6625,0.4810106555620828,0.16963789013931757,1.0,3.0,0.0,0.0,1.0,0.6931471805599453
7b,yelp,cold_start_user,210,0.0,1.0,1.0,7.0,49.0,0.07073534333262343,0.7305006207590723,1.0,9.07383312732152,1.791759469228055,0.6625,0.7107602179050445,0.162045628171659,1.0,3.0,0.0,0.0,1.0,0.6931471805599453
7b,yelp,cold_start_user,211,0.43067655807339306,1.0,0.5693234419266069,7.0,49.0,0.07073534333262343,0.7305006207590723,1.0,9.07383312732152,1.791759469228055,0.6625,0.48576227823893225,0.1685740627817669,1.0,3.0,0.0,0.0,1.0,0.6931471805599453
7b,yelp,cold_start_user,212,1.0,1.0,0.0,7.0,49.0,0.07073534333262343,0.7305006207590723,1.0,6.175867270105761,0.6931471805599453,0.6583333333333333,0.7131207048892974,0.1693029203148437,1.0,3.0,0.0,0.0,1.0,0.6931471805599453
7b,yelp,cold_start_user,213,0.6309297535714575,1.0,0.36907024642854247,7.0,49.0,0.07073534333262343,0.7305006207590723,1.0,6.51471269087253,0.6931471805599453,0.6416666666666666,0.7150457441806793,0.18760406037904281,1.0,3.0,0.0,0.0,1.0,1.0986122886681096
7b,yelp,cold_start_user,214,1.0,0.6309297535714575,-0.36907024642854247,7.0,49.0,0.07073534333262343,0.7305006207590723,1.0,9.720705889909716,2.833213344056216,0.6625,0.4872409979502359,0.16819153768292847,1.0,3.0,0.0,0.0,1.0,1.0986122886681096
7b,yelp,cold_start_user,215,0.0,0.43067655807339306,0.43067655807339306,7.0,49.0,0.07073534333262343,0.7305006207590723,1.0,9.720705889909716,2.833213344056216,0.6583333333333333,0.4808815519014994,0.17487252957317231,1.0,3.0,0.0,0.0,1.0,1.0986122886681096
7b,yelp,cold_start_user,216,1.0,1.0,0.0,7.0,49.0,0.07073534333262343,0.7305006207590723,1.0,6.840546529288687,0.6931471805599453,0.6625,0.7107371151447297,0.16497114273323385,1.0,3.0,0.0,0.0,1.0,0.6931471805599453
7b,yelp,cold_start_user,217,1.0,1.0,0.0,7.0,49.0,0.07073534333262343,0.7305006207590723,1.0,6.208590026096629,0.6931471805599453,0.6583333333333333,0.7165375351905822,0.16988176349831194,1.0,3.0,0.0,0.0,1.0,0.6931471805599453
7b,yelp,cold_start_user,218,1.0,1.0,0.0,7.0,49.0,0.07073534333262343,0.7305006207590723,1.0,6.827629234502852,0.6931471805599453,0.6583333333333333,0.7159994304180144,0.16871471776332714,1.0,3.0,0.0,0.0,1.0,0.6931471805599453
7b,yelp,cold_start_user,219,1.0,1.0,0.0,7.0,49.0,0.07073534333262343,0.7305006207590723,1.0,6.473890696352274,0.6931471805599453,0.6666666666666666,0.7118036866188049,0.16420764049553205,1.0,3.0,0.0,0.0,1.0,0.6931471805599453
7b,yelp,cold_start_user,220,1.0,1.0,0.0,7.0,49.0,0.07073534333262343,0.7305006207590723,1.0,6.763884908562435,0.6931471805599453,0.6625,0.7130834937095643,0.16412427481213757,1.0,3.0,0.0,0.0,1.0,0.6931471805599453
7b,yelp,cold_start_user,221,1.0,1.0,0.0,7.0,49.0,0.07073534333262343,0.7305006207590723,1.0,6.9930151229329605,0.6931471805599453,0.6541666666666666,0.7116048455238342,0.1757301545208989,1.0,3.0,0.0,0.0,1.0,0.6931471805599453
7b,yelp,cold_start_user,222,1.0,1.0,0.0,7.0,49.0,0.07073534333262343,0.7305006207590723,1.0,7.1731917424865985,0.6931471805599453,0.6583333333333333,0.7102091491222382,0.17022594791383822,1.0,3.0,0.0,0.0,1.0,0.6931471805599453
7b,yelp,cold_start_user,223,1.0,1.0,0.0,7.0,49.0,0.07073534333262343,0.7305006207590723,1.0,5.993961427306569,0.6931471805599453,0.6625,0.7157110214233399,0.16610991600689162,1.0,3.0,0.0,0.0,1.0,0.6931471805599453
7b,yelp,cold_start_user,224,1.0,1.0,0.0,7.0,49.0,0.07073534333262343,0.7305006207590723,1.0,8.283999304248526,1.9459101490553132,0.65,0.7085274577140808,0.18062966293283117,1.0,3.0,0.0,0.0,1.0,0.6931471805599453
7b,yelp,cold_start_user,225,1.0,1.0,0.0,7.0,49.0,0.07073534333262343,0.7305006207590723,1.0,8.283999304248526,1.9459101490553132,0.6625,0.710053813457489,0.16776394319994054,1.0,3.0,0.0,0.0,1.0,0.6931471805599453
7b,yelp,cold_start_user,226,1.0,1.0,0.0,7.0,49.0,0.07073534333262343,0.7305006207590723,1.0,8.283999304248526,1.9459101490553132,0.6541666666666666,0.4763602058092753,0.17808192761306485,1.0,3.0,0.0,0.0,1.0,0.6931471805599453
7b,yelp,cold_start_user,227,1.0,1.0,0.0,7.0,49.0,0.07073534333262343,0.7305006207590723,1.0,5.902633333401366,0.6931471805599453,0.6666666666666666,0.7140008449554444,0.16122861283991488,1.0,3.0,0.0,0.0,1.0,0.6931471805599453
7b,yelp,cold_start_user,228,1.0,0.38685280723454163,-0.6131471927654584,7.0,49.0,0.07073534333262343,0.7305006207590723,1.0,6.208590026096629,0.6931471805599453,0.6625,0.7429151475429534,0.17126075572590654,1.0,3.0,0.0,0.0,1.0,0.6931471805599453
7b,yelp,cold_start_user,229,0.0,1.0,1.0,7.0,49.0,0.07073534333262343,0.7305006207590723,1.0,6.156978985585555,0.6931471805599453,0.6625,0.47534400622049966,0.1824307103171542,1.0,2.0,0.05263157894736842,0.0,1.0,1.0986122886681096
7b,yelp,cold_start_user,230,1.0,1.0,0.0,7.0,49.0,0.07073534333262343,0.7305006207590723,1.0,6.259581464064923,0.6931471805599453,0.6541666666666666,0.711399245262146,0.17468732358032873,1.0,3.0,0.0,0.0,1.0,0.6931471805599453
7b,yelp,cold_start_user,231,1.0,1.0,0.0,7.0,49.0,0.07073534333262343,0.7305006207590723,1.0,6.779921907472252,0.6931471805599453,0.6625,0.5106275896231333,0.16985167599892548,1.0,3.0,0.0,0.0,1.0,1.0986122886681096
7b,yelp,cold_start_user,232,1.0,1.0,0.0,7.0,49.0,0.07073534333262343,0.7305006207590723,1.0,7.57198844937744,1.3862943611198906,0.6583333333333333,0.7119441986083985,0.17210184566601666,1.0,3.0,0.0,0.0,1.0,0.6931471805599453
7b,yelp,cold_start_user,233,0.43067655807339306,1.0,0.5693234419266069,7.0,49.0,0.07073534333262343,0.7305006207590723,1.0,7.57198844937744,1.3862943611198906,0.6583333333333333,0.7119027674198151,0.17160117949160433,1.0,3.0,0.0,0.0,1.0,0.6931471805599453
7b,yelp,cold_start_user,234,1.0,1.0,0.0,7.0,49.0,0.07073534333262343,0.7305006207590723,1.0,7.57198844937744,1.3862943611198906,0.6625,0.7111088871955872,0.17082834001568784,1.0,3.0,0.0,0.0,1.0,0.6931471805599453
7b,yelp,cold_start_user,235,0.6309297535714575,0.5,-0.13092975357145753,7.0,49.0,0.07073534333262343,0.7305006207590723,1.0,5.891644211825771,0.6931471805599453,0.6583333333333333,0.7180483698844908,0.17062120459019714,1.0,3.0,0.0,0.0,1.0,0.6931471805599453
7b,yelp,cold_start_user,236,0.0,0.0,0.0,7.0,49.0,0.07073534333262343,0.7305006207590723,1.0,6.931471805599453,0.6931471805599453,0.6541666666666666,0.8148443579673766,0.1911151579590993,1.0,3.0,0.0,0.0,1.0,0.6931471805599453
7b,yelp,cold_start_user,237,1.0,1.0,0.0,7.0,49.0,0.07073534333262343,0.7305006207590723,1.0,5.834810737062605,0.6931471805599453,0.6583333333333333,0.715971052646637,0.16922504133419317,1.0,3.0,0.0,0.0,1.0,0.6931471805599453
7b,yelp,cold_start_user,238,1.0,1.0,0.0,7.0,49.0,0.07073534333262343,0.7305006207590723,1.0,7.488852955733459,0.6931471805599453,0.6583333333333333,0.7364018857479095,0.17574420884510783,1.0,3.0,0.0,0.0,1.0,0.6931471805599453
7b,yelp,cold_start_user,239,1.0,1.0,0.0,7.0,49.0,0.07073534333262343,0.7305006207590723,1.0,6.0063531596017325,0.6931471805599453,0.6625,0.47668884793917343,0.17828757309801976,1.0,2.0,0.05263157894736842,0.0,1.0,0.6931471805599453
7b,yelp,cold_start_user,240,1.0,0.6309297535714575,-0.36907024642854247,7.0,49.0,0.07073534333262343,0.7305006207590723,1.0,6.688354713946762,0.6931471805599453,0.6625,0.7121393203735351,0.1698087521903216,1.0,3.0,0.0,0.0,1.0,0.6931471805599453
7b,yelp,cold_start_user,241,1.0,1.0,0.0,7.0,49.0,0.07073534333262343,0.7305006207590723,1.0,6.1675164908883415,0.6931471805599453,0.6625,0.7125921845436096,0.1646226849020719,1.0,3.0,0.0,0.0,1.0,0.6931471805599453
7b,yelp,cold_start_user,242,0.6309297535714575,1.0,0.36907024642854247,7.0,49.0,0.07073534333262343,0.7305006207590723,1.0,7.37650812632622,0.6931471805599453,0.65,0.4972704033056894,0.18602179513022962,1.0,3.0,0.0,0.0,1.0,0.6931471805599453
7b,yelp,cold_start_user,243,0.0,1.0,1.0,7.0,49.0,0.07073534333262343,0.7305006207590723,1.0,6.313548046277095,0.6931471805599453,0.6625,0.7147470891475678,0.16729540160482767,1.0,3.0,0.0,0.0,1.0,0.6931471805599453
7b,yelp,cold_start_user,244,0.6309297535714575,1.0,0.36907024642854247,7.0,49.0,0.07073534333262343,0.7305006207590723,1.0,8.18757739559151,1.9459101490553132,0.6541666666666666,0.25094525416692093,0.1976868534724707,1.0,2.0,0.05263157894736842,0.0,1.0,0.6931471805599453
7b,yelp,cold_start_user,245,1.0,1.0,0.0,7.0,49.0,0.07073534333262343,0.7305006207590723,1.0,8.18757739559151,1.9459101490553132,0.6625,0.476269761721293,0.17381188000332584,1.0,3.0,0.0,0.0,1.0,0.6931471805599453
7b,yelp,cold_start_user,246,0.0,1.0,1.0,7.0,49.0,0.07073534333262343,0.7305006207590723,1.0,8.18757739559151,1.9459101490553132,0.6583333333333333,0.4804519156614939,0.17643914460630922,1.0,3.0,0.0,0.0,1.0,0.6931471805599453
7b,yelp,cold_start_user,247,0.43067655807339306,0.6309297535714575,0.20025319549806447,7.0,49.0,0.07073534333262343,0.7305006207590723,1.0,6.508769136971682,0.6931471805599453,0.6625,0.7135688483715057,0.16693294073451562,1.0,3.0,0.0,0.0,1.0,0.6931471805599453
7b,yelp,cold_start_user,248,1.0,1.0,0.0,7.0,49.0,0.07073534333262343,0.7305006207590723,1.0,6.897704943128636,0.6931471805599453,0.6625,0.4811818699042002,0.1782500428024067,1.0,3.0,0.0,0.0,1.0,0.6931471805599453
7b,yelp,cold_start_user,249,0.38685280723454163,0.0,-0.38685280723454163,7.0,49.0,0.07073534333262343,0.7305006207590723,1.0,7.457609289715606,1.6094379124341003,0.6625,0.47725878159205104,0.18116234463456224,1.0,2.0,0.10526315789473684,0.0,1.0,0.6931471805599453
7b,yelp,cold_start_user,250,1.0,1.0,0.0,7.0,49.0,0.07073534333262343,0.7305006207590723,1.0,6.016157159698354,0.6931471805599453,0.6625,0.7117067873477936,0.16802018174964797,1.0,3.0,0.0,0.0,1.0,0.6931471805599453
7b,yelp,cold_start_user,251,0.6309297535714575,1.0,0.36907024642854247,7.0,49.0,0.07073534333262343,0.7305006207590723,1.0,8.429454277108231,2.0794415416798357,0.6625,0.47947407166163125,0.17290743769333236,1.0,3.0,0.0,0.0,1.0,0.6931471805599453
7b,yelp,cold_start_user,252,0.0,0.6309297535714575,0.6309297535714575,7.0,49.0,0.07073534333262343,0.7305006207590723,1.0,8.429454277108231,2.0794415416798357,0.6625,0.24319265087445585,0.1968869989881235,1.0,3.0,0.0,0.0,1.0,0.6931471805599453
7b,yelp,cold_start_user,253,1.0,1.0,0.0,7.0,49.0,0.07073534333262343,0.7305006207590723,1.0,8.429454277108231,2.0794415416798357,0.6625,0.4763378004233043,0.18338693302082368,1.0,3.0,0.0,0.0,1.0,0.6931471805599453
7b,yelp,cold_start_user,254,1.0,1.0,0.0,7.0,49.0,0.07073534333262343,0.7305006207590723,1.0,7.187657164114956,1.3862943611198906,0.65,0.4848556021849315,0.18957470406943427,1.0,3.0,0.0,0.0,1.0,0.6931471805599453
7b,yelp,cold_start_user,255,0.6309297535714575,1.0,0.36907024642854247,7.0,49.0,0.07073534333262343,0.7305006207590723,1.0,7.187657164114956,1.3862943611198906,0.6583333333333333,0.7123415052890777,0.17017182310994702,1.0,3.0,0.0,0.0,1.0,0.6931471805599453
7b,yelp,cold_start_user,256,1.0,1.0,0.0,7.0,49.0,0.07073534333262343,0.7305006207590723,1.0,7.187657164114956,1.3862943611198906,0.6625,0.4818968753019969,0.1703807057178421,1.0,3.0,0.0,0.0,1.0,0.6931471805599453
7b,yelp,cold_start_user,257,1.0,1.0,0.0,7.0,49.0,0.07073534333262343,0.7305006207590723,1.0,8.769973211858753,2.4849066497880004,0.6583333333333333,0.4767047802607218,0.18541851037267382,1.0,3.0,0.0,0.0,1.0,0.6931471805599453
7b,yelp,cold_start_user,258,1.0,1.0,0.0,7.0,49.0,0.07073534333262343,0.7305006207590723,1.0,8.769973211858753,2.4849066497880004,0.6583333333333333,0.47352680961290994,0.1956192779593579,1.0,3.0,0.0,0.0,1.0,0.6931471805599453
7b,yelp,cold_start_user,259,1.0,1.0,0.0,7.0,49.0,0.07073534333262343,0.7305006207590723,1.0,8.769973211858753,2.4849066497880004,0.65,0.47997911373774205,0.18146141966578483,1.0,3.0,0.0,0.0,1.0,0.6931471805599453
7b,yelp,cold_start_user,260,1.0,1.0,0.0,7.0,49.0,0.07073534333262343,0.7305006207590723,1.0,5.846438775057724,0.6931471805599453,0.6666666666666666,0.4934102932612101,0.1672273439592727,1.0,3.0,0.0,0.0,1.0,0.6931471805599453
7b,yelp,cold_start_user,261,1.0,1.0,0.0,7.0,49.0,0.07073534333262343,0.7305006207590723,1.0,6.761572768804055,0.6931471805599453,0.6541666666666666,0.7256904304027556,0.17112306862356447,1.0,3.0,0.0,0.0,1.0,0.6931471805599453
7b,yelp,cold_start_user,262,1.0,1.0,0.0,7.0,49.0,0.07073534333262343,0.7305006207590723,1.0,6.045005314036012,0.6931471805599453,0.6625,0.7112874329090118,0.16852613137727976,1.0,3.0,0.0,0.0,1.0,0.6931471805599453
7b,yelp,cold_start_user,263,1.0,1.0,0.0,7.0,49.0,0.07073534333262343,0.7305006207590723,1.0,7.444833273892193,1.3862943611198906,0.6541666666666666,0.47965855399767554,0.1795657536469956,1.0,3.0,0.0,0.0,1.0,0.6931471805599453
7b,yelp,cold_start_user,264,1.0,1.0,0.0,7.0,49.0,0.07073534333262343,0.7305006207590723,1.0,7.444833273892193,1.3862943611198906,0.65,0.48384260336558016,0.18385072088562054,1.0,3.0,0.0,0.0,1.0,0.6931471805599453
7b,yelp,cold_start_user,265,1.0,1.0,0.0,7.0,49.0,0.07073534333262343,0.7305006207590723,1.0,7.444833273892193,1.3862943611198906,0.6625,0.717996460199356,0.16941974932707615,1.0,3.0,0.0,0.0,1.0,0.6931471805599453
7b,yelp,cold_start_user,266,1.0,0.5,-0.5,7.0,49.0,0.07073534333262343,0.7305006207590723,1.0,6.602587892189336,0.6931471805599453,0.6625,0.709595388174057,0.16724088003542031,1.0,3.0,0.0,0.0,1.0,0.6931471805599453
7b,yelp,cold_start_user,267,1.0,1.0,0.0,7.0,49.0,0.07073534333262343,0.7305006207590723,1.0,7.497207223203318,1.3862943611198906,0.65,0.6422863582770029,0.17273614983539023,1.0,3.0,0.0,0.0,1.0,0.6931471805599453
7b,yelp,cold_start_user,268,1.0,1.0,0.0,7.0,49.0,0.07073534333262343,0.7305006207590723,1.0,7.497207223203318,1.3862943611198906,0.6625,0.48466437856356304,0.17826260498047206,1.0,3.0,0.0,0.0,1.0,0.6931471805599453
7b,yelp,cold_start_user,269,0.5,1.0,0.5,7.0,49.0,0.07073534333262343,0.7305006207590723,1.0,7.497207223203318,1.3862943611198906,0.6625,0.4881938258806865,0.17070283049126667,1.0,3.0,0.0,0.0,1.0,0.6931471805599453
7b,yelp,cold_start_user,270,1.0,1.0,0.0,7.0,49.0,0.07073534333262343,0.7305006207590723,1.0,7.034387929915503,0.6931471805599453,0.6541666666666666,0.7157351076602936,0.17434336940432116,1.0,3.0,0.0,0.0,1.0,0.6931471805599453
7b,yelp,cold_start_user,271,0.6309297535714575,0.6309297535714575,0.0,7.0,49.0,0.07073534333262343,0.7305006207590723,1.0,7.9865049385539955,1.9459101490553132,0.6583333333333333,3.576278673200761e-08,0.23302164230659408,1.0,3.0,0.0,0.0,1.0,0.6931471805599453
7b,yelp,cold_start_user,272,0.43067655807339306,0.6309297535714575,0.20025319549806447,7.0,49.0,0.07073534333262343,0.7305006207590723,1.0,7.9865049385539955,1.9459101490553132,0.6583333333333333,0.4948792497316996,0.17948084699005631,1.0,3.0,0.0,0.0,1.0,0.6931471805599453
7b,yelp,cold_start_user,273,1.0,1.0,0.0,7.0,49.0,0.07073534333262343,0.7305006207590723,1.0,7.9865049385539955,1.9459101490553132,0.6583333333333333,0.4787592271963754,0.17821457956719064,1.0,3.0,0.0,0.0,1.0,0.6931471805599453
7b,yelp,cold_start_user,274,1.0,1.0,0.0,7.0,49.0,0.07073534333262343,0.7305006207590723,1.0,6.159095388491933,0.6931471805599453,0.6625,0.4801909367243449,0.17508091517184174,1.0,3.0,0.0,0.0,1.0,0.6931471805599453
7b,yelp,cold_start_user,275,1.0,1.0,0.0,7.0,49.0,0.07073534333262343,0.7305006207590723,1.0,6.444131256700441,0.6931471805599453,0.6541666666666666,0.474808762470881,0.18301869753583244,1.0,3.0,0.0,0.0,1.0,0.6931471805599453
7b,yelp,cold_start_user,276,1.0,1.0,0.0,7.0,49.0,0.07073534333262343,0.7305006207590723,1.0,7.066466970136958,1.3862943611198906,0.6583333333333333,0.4901250342528025,0.17806391173147723,1.0,3.0,0.0,0.0,1.0,0.6931471805599453
7b,yelp,cold_start_user,277,1.0,1.0,0.0,7.0,49.0,0.07073534333262343,0.7305006207590723,1.0,7.066466970136958,1.3862943611198906,0.6625,0.4911091367403665,0.1750448057834924,1.0,3.0,0.0,0.0,1.0,0.6931471805599453
7b,yelp,cold_start_user,278,1.0,1.0,0.0,7.0,49.0,0.07073534333262343,0.7305006207590723,1.0,7.066466970136958,1.3862943611198906,0.6625,0.48995954195658364,0.17502125579421435,1.0,3.0,0.0,0.0,1.0,0.6931471805599453
7b,yelp,cold_start_user,279,1.0,1.0,0.0,7.0,49.0,0.07073534333262343,0.7305006207590723,1.0,7.589841512182657,0.6931471805599453,0.6666666666666666,0.7138712406158447,0.16278313453281476,1.0,3.0,0.0,0.0,1.0,0.6931471805599453
7b,yelp,cold_start_user,280,1.0,1.0,0.0,7.0,49.0,0.07073534333262343,0.7305006207590723,1.0,6.663132695990803,0.6931471805599453,0.6625,0.719311386346817,0.16603248576512428,1.0,3.0,0.0,0.0,1.0,0.6931471805599453
7b,yelp,cold_start_user,281,1.0,1.0,0.0,7.0,49.0,0.07073534333262343,0.7305006207590723,1.0,6.0112671744041615,0.6931471805599453,0.6666666666666666,0.5181370059649149,0.16677393837435936,1.0,3.0,0.0,0.0,1.0,0.6931471805599453
7b,yelp,cold_start_user,282,0.6309297535714575,0.6309297535714575,0.0,7.0,49.0,0.07073534333262343,0.7305006207590723,1.0,7.023758954738443,0.6931471805599453,0.6625,0.7130766987800599,0.16770055473706677,1.0,3.0,0.0,0.0,1.0,0.6931471805599453
7b,yelp,cold_start_user,283,1.0,1.0,0.0,7.0,49.0,0.07073534333262343,0.7305006207590723,1.0,6.71295620067707,0.6931471805599453,0.6583333333333333,0.709091454744339,0.175676566048511,1.0,3.0,0.0,0.0,1.0,0.6931471805599453
7b,yelp,cold_start_user,284,1.0,1.0,0.0,7.0,49.0,0.07073534333262343,0.7305006207590723,1.0,6.300785794663244,0.6931471805599453,0.6625,0.7204860329627991,0.16931550869060735,1.0,3.0,0.0,0.0,1.0,1.0986122886681096
7b,yelp,cold_start_user,285,1.0,1.0,0.0,7.0,49.0,0.07073534333262343,0.7305006207590723,1.0,7.7501841622578365,0.6931471805599453,0.6625,0.7121394276618958,0.16722932392425685,1.0,3.0,0.0,0.0,1.0,0.6931471805599453
7b,yelp,cold_start_user,286,0.0,1.0,1.0,7.0,49.0,0.07073534333262343,0.7305006207590723,1.0,5.886104031450156,0.6931471805599453,0.6583333333333333,0.706954824924469,0.1698825978041956,1.0,3.0,0.0,0.0,1.0,0.6931471805599453
7b,yelp,cold_start_user,287,1.0,1.0,0.0,7.0,49.0,0.07073534333262343,0.7305006207590723,1.0,5.8971538676367405,0.6931471805599453,0.6541666666666666,0.7118236064910889,0.17620109546438456,1.0,3.0,0.0,0.0,1.0,0.6931471805599453
7b,yelp,cold_start_user,288,1.0,1.0,0.0,7.0,49.0,0.07073534333262343,0.7305006207590723,1.0,6.073044534100405,0.6931471805599453,0.6583333333333333,0.7095629334449768,0.17051732698532568,1.0,3.0,0.0,0.0,1.0,0.6931471805599453
7b,yelp,cold_start_user,289,1.0,1.0,0.0,7.0,49.0,0.07073534333262343,0.7305006207590723,1.0,6.315358001522335,0.6931471805599453,0.6666666666666666,0.4778831104437511,0.16933433506591167,1.0,2.0,0.05263157894736842,0.0,1.0,0.6931471805599453
7b,yelp,cold_start_user,290,0.0,1.0,1.0,7.0,49.0,0.07073534333262343,0.7305006207590723,1.0,7.642044402873258,0.6931471805599453,0.6583333333333333,0.7136701822280884,0.17393722835048017,1.0,3.0,0.0,0.0,1.0,1.0986122886681096
7b,yelp,cold_start_user,291,1.0,1.0,0.0,7.0,49.0,0.07073534333262343,0.7305006207590723,1.0,7.177782416195197,0.6931471805599453,0.6625,0.4993291060129802,0.1698739352910453,1.0,3.0,0.0,0.0,1.0,0.6931471805599453
7b,yelp,cold_start_user,292,1.0,1.0,0.0,7.0,49.0,0.07073534333262343,0.7305006207590723,1.0,6.035481432524756,0.6931471805599453,0.6625,0.7133375167846681,0.16796328979718114,1.0,3.0,0.0,0.0,1.0,0.6931471805599453
7b,yelp,cold_start_user,293,1.0,1.0,0.0,7.0,49.0,0.07073534333262343,0.7305006207590723,1.0,6.467698726104354,0.6931471805599453,0.6625,0.7169767916202545,0.16652524696736265,1.0,3.0,0.0,0.0,1.0,0.6931471805599453
7b,yelp,cold_start_user,294,0.38685280723454163,1.0,0.6131471927654584,7.0,49.0,0.07073534333262343,0.7305006207590723,1.0,8.157370441186774,0.6931471805599453,0.6458333333333333,0.72066992521286,0.18052434352528354,1.0,3.0,0.0,0.0,1.0,0.6931471805599453
7b,yelp,cold_start_user,295,0.0,0.0,0.0,7.0,49.0,0.07073534333262343,0.7305006207590723,1.0,7.029087564149662,0.6931471805599453,0.6625,0.7234739065170288,0.16471917193285285,1.0,3.0,0.0,0.0,1.0,0.6931471805599453
7b,yelp,cold_start_user,296,0.5,1.0,0.5,7.0,49.0,0.07073534333262343,0.7305006207590723,1.0,9.618202604684068,2.3978952727983707,0.6583333333333333,0.4761740247408549,0.17894677225588848,1.0,3.0,0.0,0.0,1.0,1.0986122886681096
7b,yelp,cold_start_user,297,0.0,1.0,1.0,7.0,49.0,0.07073534333262343,0.7305006207590723,1.0,6.282266746896006,0.6931471805599453,0.6541666666666666,0.6543496290842692,0.1700452158288944,1.0,3.0,0.0,0.0,1.0,0.6931471805599453
7b,yelp,cold_start_user,298,1.0,1.0,0.0,7.0,49.0,0.07073534333262343,0.7305006207590723,1.0,6.089044875446846,0.6931471805599453,0.6458333333333333,0.4826464454332986,0.19184122259938208,1.0,3.0,0.0,0.0,1.0,0.6931471805599453
7b,yelp,cold_start_user,299,1.0,1.0,0.0,7.0,49.0,0.07073534333262343,0.7305006207590723,1.0,6.037870919922137,0.6931471805599453,0.6625,0.489280245701472,0.1726062466993529,1.0,3.0,0.0,0.0,1.0,0.6931471805599453
7b,yelp,cold_start_user,300,1.0,1.0,0.0,7.0,49.0,0.07073534333262343,0.7305006207590723,1.0,7.635786861395585,1.3862943611198906,0.6541666666666666,0.4712649206320444,0.19122635505956423,1.0,3.0,0.0,0.0,1.0,0.6931471805599453
7b,yelp,cold_start_user,301,0.0,0.0,0.0,7.0,49.0,0.07073534333262343,0.7305006207590723,1.0,7.635786861395585,1.3862943611198906,0.6583333333333333,0.7073408126831053,0.16923163134498964,1.0,3.0,0.0,0.0,1.0,0.6931471805599453
7b,yelp,cold_start_user,302,0.0,1.0,1.0,7.0,49.0,0.07073534333262343,0.7305006207590723,1.0,6.059123195581797,0.6931471805599453,0.6625,0.7123720467090606,0.16756793277663512,1.0,3.0,0.0,0.0,1.0,0.6931471805599453
7b,yelp,cold_start_user,303,0.5,0.6309297535714575,0.13092975357145753,7.0,49.0,0.07073534333262343,0.7305006207590723,1.0,10.696480068065789,3.6109179126442243,0.6625,0.23263561924298604,0.1481667258583898,1.0,3.0,0.0,0.0,1.0,0.6931471805599453
7b,yelp,cold_start_user,304,1.0,1.0,0.0,7.0,49.0,0.07073534333262343,0.7305006207590723,1.0,9.348535870727583,3.1354942159291497,0.6541666666666666,0.4752596060434976,0.1814464141404043,1.0,3.0,0.0,0.0,1.0,0.6931471805599453
7b,yelp,cold_start_user,305,1.0,1.0,0.0,7.0,49.0,0.07073534333262343,0.7305006207590723,1.0,5.910796644040527,0.6931471805599453,0.6625,0.7138618350028991,0.16825607320879327,1.0,3.0,0.0,0.0,1.0,0.6931471805599453
7b,yelp,cold_start_user,306,0.43067655807339306,1.0,0.5693234419266069,7.0,49.0,0.07073534333262343,0.7305006207590723,1.0,7.6290038896529575,0.6931471805599453,0.6541666666666666,0.5082855741182962,0.17830138533323284,1.0,3.0,0.0,0.0,1.0,0.6931471805599453
7b,yelp,cold_start_user,307,0.38685280723454163,1.0,0.6131471927654584,7.0,49.0,0.07073534333262343,0.7305006207590723,1.0,7.069874128458572,0.6931471805599453,0.6541666666666666,0.7181081473827362,0.16907796814636414,1.0,3.0,0.0,0.0,1.0,1.0986122886681096
7b,yelp,cold_start_user,308,1.0,1.0,0.0,7.0,49.0,0.07073534333262343,0.7305006207590723,1.0,6.385194398997726,0.6931471805599453,0.6458333333333333,0.7297552287578581,0.18167001802072205,1.0,3.0,0.0,0.0,1.0,0.6931471805599453
7b,yelp,cold_start_user,309,0.5,1.0,0.5,7.0,49.0,0.07073534333262343,0.7305006207590723,1.0,6.26530121273771,0.6931471805599453,0.6583333333333333,0.7099180579185487,0.16797207118852175,1.0,3.0,0.0,0.0,1.0,0.6931471805599453
7b,yelp,cold_start_user,310,1.0,1.0,0.0,7.0,49.0,0.07073534333262343,0.7305006207590723,1.0,7.932003152361385,0.6931471805599453,0.6625,0.716847151517868,0.1676760970199481,1.0,3.0,0.0,0.0,1.0,2.8903717578961645
7b,yelp,cold_start_user,311,0.0,0.43067655807339306,0.43067655807339306,7.0,49.0,0.07073534333262343,0.7305006207590723,1.0,6.194405391104672,0.6931471805599453,0.6541666666666666,0.7113970816135406,0.17241138378005635,1.0,3.0,0.0,0.0,1.0,0.6931471805599453
7b,yelp,cold_start_user,312,1.0,1.0,0.0,7.0,49.0,0.07073534333262343,0.7305006207590723,1.0,6.799055862058796,0.6931471805599453,0.6625,0.7227790534496306,0.17094429447946066,1.0,3.0,0.0,0.0,1.0,0.6931471805599453
7b,yelp,cold_start_user,313,1.0,1.0,0.0,7.0,49.0,0.07073534333262343,0.7305006207590723,1.0,6.244166900663736,0.6931471805599453,0.6458333333333333,0.7299221694469451,0.1759685226913378,1.0,3.0,0.0,0.0,1.0,0.6931471805599453
7b,yelp,cold_start_user,314,1.0,1.0,0.0,7.0,49.0,0.07073534333262343,0.7305006207590723,1.0,6.464588303689961,0.6931471805599453,0.6583333333333333,0.47615034977595017,0.1771965654132023,1.0,2.0,0.05263157894736842,0.0,1.0,0.6931471805599453
7b,yelp,cold_start_user,315,1.0,1.0,0.0,7.0,49.0,0.07073534333262343,0.7305006207590723,1.0,5.983936280687191,0.6931471805599453,0.6583333333333333,0.7085534572601317,0.1782838339066935,1.0,3.0,0.0,0.0,1.0,0.6931471805599453
7b,yelp,cold_start_user,316,1.0,1.0,0.0,7.0,49.0,0.07073534333262343,0.7305006207590723,1.0,6.448889394146858,0.6931471805599453,0.6541666666666666,0.7703109622001648,0.17614046254816582,1.0,3.0,0.0,0.0,1.0,1.0986122886681096
7b,yelp,cold_start_user,317,0.43067655807339306,1.0,0.5693234419266069,7.0,49.0,0.07073534333262343,0.7305006207590723,1.0,6.710523109452428,0.6931471805599453,0.6458333333333333,0.5059953610102335,0.2003179134989268,1.0,2.0,0.05263157894736842,0.0,1.0,0.6931471805599453
7b,yelp,cold_start_user,318,1.0,1.0,0.0,7.0,49.0,0.07073534333262343,0.7305006207590723,1.0,8.496173824192162,2.302585092994046,0.6583333333333333,0.4781838039557138,0.16634264036920146,1.0,3.0,0.0,0.0,1.0,0.6931471805599453
7b,yelp,cold_start_user,319,0.0,0.43067655807339306,0.43067655807339306,7.0,49.0,0.07073534333262343,0.7305006207590723,1.0,8.496173824192162,2.302585092994046,0.6666666666666666,0.7119740962982177,0.15847056085563324,1.0,3.0,0.0,0.0,1.0,0.6931471805599453
7b,yelp,cold_start_user,320,1.0,1.0,0.0,7.0,49.0,0.07073534333262343,0.7305006207590723,1.0,8.496173824192162,2.302585092994046,0.65,0.48789593974749246,0.17734588329719372,1.0,3.0,0.0,0.0,1.0,0.6931471805599453
7b,yelp,cold_start_user,321,1.0,1.0,0.0,7.0,49.0,0.07073534333262343,0.7305006207590723,1.0,10.204776628394125,3.4657359027997265,0.6583333333333333,0.47626529137293494,0.17789688193910466,1.0,3.0,0.0,0.0,1.0,0.6931471805599453
7b,yelp,cold_start_user,322,1.0,0.0,-1.0,7.0,49.0,0.07073534333262343,0.7305006207590723,1.0,10.204776628394125,3.4657359027997265,0.6583333333333333,0.011372244358062722,0.1111116349454579,1.0,3.0,0.0,0.0,1.0,0.6931471805599453
7b,yelp,cold_start_user,323,1.0,1.0,0.0,7.0,49.0,0.07073534333262343,0.7305006207590723,1.0,10.286229773537025,3.4011973816621555,0.6541666666666666,0.47693090836207075,0.1928812996337608,1.0,3.0,0.0,0.0,1.0,0.6931471805599453
7b,yelp,cold_start_user,324,1.0,1.0,0.0,7.0,49.0,0.07073534333262343,0.7305006207590723,1.0,9.758346166866458,2.5649493574615367,0.6625,0.4837425390879313,0.1760196435476038,1.0,3.0,0.0,0.0,1.0,0.6931471805599453
7b,yelp,cold_start_user,325,1.0,1.0,0.0,7.0,49.0,0.07073534333262343,0.7305006207590723,1.0,9.758346166866458,2.5649493574615367,0.6541666666666666,0.4731215635935464,0.19351498302004014,1.0,3.0,0.0,0.0,1.0,0.6931471805599453
7b,yelp,cold_start_user,326,1.0,1.0,0.0,7.0,49.0,0.07073534333262343,0.7305006207590723,1.0,9.758346166866458,2.5649493574615367,0.65,0.473704836765925,0.19018650750988958,1.0,3.0,0.0,0.0,1.0,0.6931471805599453
7b,yelp,cold_start_user,327,1.0,1.0,0.0,7.0,49.0,0.07073534333262343,0.7305006207590723,1.0,8.791941988456118,1.9459101490553132,0.6666666666666666,0.7057197570800781,0.163987398239158,1.0,3.0,0.0,0.0,1.0,0.6931471805599453
7b,yelp,cold_start_user,328,0.43067655807339306,1.0,0.5693234419266069,7.0,49.0,0.07073534333262343,0.7305006207590723,1.0,8.919854372191667,2.302585092994046,0.6625,0.7100310146808624,0.16376250133653875,1.0,3.0,0.0,0.0,1.0,0.6931471805599453
7b,yelp,cold_start_user,329,0.0,0.6309297535714575,0.6309297535714575,7.0,49.0,0.07073534333262343,0.7305006207590723,1.0,8.919854372191667,2.302585092994046,0.6666666666666666,0.4787804166475931,0.17321859954613597,1.0,3.0,0.0,0.0,1.0,0.6931471805599453
7b,yelp,cold_start_user,330,1.0,1.0,0.0,7.0,49.0,0.07073534333262343,0.7305006207590723,1.0,8.53168763756669,2.302585092994046,0.65,0.47332371274630236,0.18631046882673474,1.0,3.0,0.0,0.0,1.0,0.6931471805599453
7b,yelp,cold_start_user,331,0.0,0.0,0.0,7.0,49.0,0.07073534333262343,0.7305006207590723,1.0,8.53168763756669,2.302585092994046,0.6625,0.7083958327770232,0.1615165684636033,1.0,3.0,0.0,0.0,1.0,1.791759469228055
7b,yelp,cold_start_user,332,1.0,1.0,0.0,7.0,49.0,0.07073534333262343,0.7305006207590723,1.0,8.463159302923751,2.302585092994046,0.6625,0.481137345234553,0.1785148584387321,1.0,3.0,0.0,0.0,1.0,0.6931471805599453
7b,yelp,cold_start_user,333,1.0,1.0,0.0,7.0,49.0,0.07073534333262343,0.7305006207590723,1.0,8.463159302923751,2.302585092994046,0.6625,0.4833454469839731,0.17112360875085877,1.0,3.0,0.0,0.0,1.0,0.6931471805599453
7b,yelp,cold_start_user,334,1.0,1.0,0.0,7.0,49.0,0.07073534333262343,0.7305006207590723,1.0,8.463159302923751,2.302585092994046,0.6625,0.4753888527552287,0.1817706240296846,1.0,3.0,0.0,0.0,1.0,0.6931471805599453
7b,yelp,cold_start_user,335,0.0,1.0,1.0,7.0,49.0,0.07073534333262343,0.7305006207590723,1.0,10.522988192927775,4.04305126783455,0.6666666666666666,0.47535543243090306,0.176031077061944,1.0,3.0,0.0,0.0,1.0,0.6931471805599453
7b,yelp,cold_start_user,336,0.0,1.0,1.0,7.0,49.0,0.07073534333262343,0.7305006207590723,1.0,9.21463115339334,2.639057329615259,0.6583333333333333,0.4764014224211375,0.18105607779697042,1.0,3.0,0.0,0.0,1.0,0.6931471805599453
7b,yelp,cold_start_user,337,0.43067655807339306,0.0,-0.43067655807339306,7.0,49.0,0.07073534333262343,0.7305006207590723,1.0,9.21463115339334,2.639057329615259,0.6625,0.473501185576121,0.1758728869821289,1.0,3.0,0.0,0.0,1.0,0.6931471805599453
7b,yelp,cold_start_user,338,1.0,1.0,0.0,7.0,49.0,0.07073534333262343,0.7305006207590723,1.0,9.801842348773928,2.639057329615259,0.65,0.4805067757765452,0.1754116652727771,1.0,3.0,0.0,0.0,1.0,0.6931471805599453
7b,yelp,cold_start_user,339,1.0,1.0,0.0,7.0,49.0,0.07073534333262343,0.7305006207590723,1.0,9.801842348773928,2.639057329615259,0.6541666666666666,0.47817992369333906,0.18309349696826546,1.0,3.0,0.0,0.0,1.0,0.6931471805599453
7b,yelp,cold_start_user,340,0.43067655807339306,0.43067655807339306,0.0,7.0,49.0,0.07073534333262343,0.7305006207590723,1.0,9.000606507571892,2.5649493574615367,0.6583333333333333,0.7083306193351744,0.16232089181348638,1.0,3.0,0.0,0.0,1.0,0.6931471805599453
7b,yelp,cold_start_item,0,1.0,1.0,0.0,7.0,49.0,0.07073534333262343,0.7305006207590723,1.0,6.656726524178391,0.6931471805599453,0.6625,0.7189654350280761,0.16841197654338783,1.0,3.0,0.0,0.0,1.0,0.6931471805599453
7b,yelp,cold_start_item,1,1.0,1.0,0.0,7.0,49.0,0.07073534333262343,0.7305006207590723,1.0,6.535241271013659,1.0986122886681096,0.65,0.7320738196372985,0.17235987696202035,1.0,3.0,0.0,0.0,1.0,0.6931471805599453
7b,yelp,cold_start_item,2,1.0,1.0,0.0,7.0,49.0,0.07073534333262343,0.7305006207590723,1.0,8.275121630216509,1.791759469228055,0.6541666666666666,0.4721178094546,0.18241901163489835,1.0,3.0,0.0,0.0,1.0,0.6931471805599453
7b,yelp,cold_start_item,3,0.0,1.0,1.0,7.0,49.0,0.07073534333262343,0.7305006207590723,1.0,7.55171221535131,1.0986122886681096,0.65,0.7150491416454314,0.17493366027752352,1.0,3.0,0.0,0.0,1.0,0.6931471805599453
7b,yelp,cold_start_item,4,1.0,1.0,0.0,7.0,49.0,0.07073534333262343,0.7305006207590723,1.0,7.7886260656250315,1.6094379124341003,0.6541666666666666,0.5196654538313548,0.1716148808627333,1.0,3.0,0.0,0.0,1.0,0.6931471805599453
7b,yelp,cold_start_item,5,1.0,1.0,0.0,7.0,49.0,0.07073534333262343,0.7305006207590723,1.0,6.315358001522335,0.6931471805599453,0.6625,0.4934187869230906,0.18344803457633393,1.0,3.0,0.0,0.0,1.0,0.6931471805599453
7b,yelp,cold_start_item,6,1.0,1.0,0.0,7.0,49.0,0.07073534333262343,0.7305006207590723,1.0,6.38856140554563,0.6931471805599453,0.6625,0.5795588771502176,0.17929860107099135,1.0,3.0,0.0,0.0,1.0,0.6931471805599453
7b,yelp,cold_start_item,7,1.0,1.0,0.0,7.0,49.0,0.07073534333262343,0.7305006207590723,1.0,6.822197390620491,1.0986122886681096,0.6541666666666666,0.71664400100708,0.17533947376340647,1.0,3.0,0.0,0.0,1.0,0.6931471805599453
7b,yelp,cold_start_item,8,1.0,1.0,0.0,7.0,49.0,0.07073534333262343,0.7305006207590723,1.0,6.822197390620491,1.0986122886681096,0.6666666666666666,0.4886662701765696,0.17225772969630376,1.0,3.0,0.0,0.0,1.0,0.6931471805599453
7b,yelp,cold_start_item,9,1.0,1.0,0.0,7.0,49.0,0.07073534333262343,0.7305006207590723,1.0,9.164715193949908,2.70805020110221,0.6583333333333333,0.47221156160036715,0.19069979914692364,1.0,3.0,0.0,0.0,1.0,1.0986122886681096
7b,yelp,cold_start_item,10,1.0,1.0,0.0,7.0,49.0,0.07073534333262343,0.7305006207590723,1.0,8.078067881815437,1.3862943611198906,0.6666666666666666,0.47378147641817736,0.1625598026391296,1.0,3.0,0.0,0.0,1.0,0.6931471805599453
7b,yelp,cold_start_item,11,1.0,1.0,0.0,7.0,49.0,0.07073534333262343,0.7305006207590723,1.0,7.564757012905729,0.6931471805599453,0.6583333333333333,0.5943478981653849,0.1917726937794612,1.0,3.0,0.0,0.0,1.0,1.0986122886681096
7b,yelp,cold_start_item,12,0.0,1.0,1.0,7.0,49.0,0.07073534333262343,0.7305006207590723,1.0,8.34972083747249,2.0794415416798357,0.6541666666666666,0.4768401781717936,0.17312026793804838,1.0,3.0,0.0,0.0,1.0,0.6931471805599453
7b,yelp,cold_start_item,13,0.0,0.38685280723454163,0.38685280723454163,7.0,49.0,0.07073534333262343,0.7305006207590723,1.0,8.59877317840866,2.0794415416798357,0.6625,0.710137140750885,0.1603581806174528,1.0,3.0,0.0,0.0,1.0,0.6931471805599453
7b,yelp,cold_start_item,14,1.0,1.0,0.0,7.0,49.0,0.07073534333262343,0.7305006207590723,1.0,8.656433258507741,2.1972245773362196,0.6541666666666666,0.4740187267462411,0.18330109299276637,1.0,3.0,0.0,0.0,1.0,0.6931471805599453
7b,yelp,cold_start_item,15,1.0,1.0,0.0,7.0,49.0,0.07073534333262343,0.7305006207590723,1.0,6.82001636467413,0.6931471805599453,0.6625,0.4706604222456614,0.17736898452912536,1.0,2.0,0.10526315789473684,0.0,1.0,0.6931471805599453
7b,yelp,cold_start_item,16,1.0,1.0,0.0,7.0,49.0,0.07073534333262343,0.7305006207590723,1.0,8.17526610411206,1.6094379124341003,0.6583333333333333,0.48142664829889925,0.1755318264386672,1.0,3.0,0.0,0.0,1.0,0.6931471805599453
7b,yelp,cold_start_item,17,1.0,1.0,0.0,7.0,49.0,0.07073534333262343,0.7305006207590723,1.0,9.217713126305595,2.3978952727983707,0.6541666666666666,0.47416120568911235,0.19007071541320847,1.0,3.0,0.0,0.0,1.0,0.6931471805599453
7b,yelp,cold_start_item,18,1.0,0.6309297535714575,-0.36907024642854247,7.0,49.0,0.07073534333262343,0.7305006207590723,1.0,9.217713126305595,2.3978952727983707,0.6541666666666666,0.47689741651217143,0.1751942793485482,1.0,3.0,0.0,0.0,1.0,0.6931471805599453
7b,yelp,cold_start_item,19,1.0,1.0,0.0,7.0,49.0,0.07073534333262343,0.7305006207590723,1.0,9.217713126305595,2.3978952727983707,0.6625,0.47883810202280674,0.17947409487416208,1.0,3.0,0.0,0.0,1.0,0.6931471805599453
7b,yelp,cold_start_item,20,1.0,1.0,0.0,7.0,49.0,0.07073534333262343,0.7305006207590723,1.0,5.924255797414532,0.6931471805599453,0.6583333333333333,0.7168602406978608,0.17007190000486078,1.0,3.0,0.0,0.0,1.0,0.6931471805599453
7b,yelp,cold_start_item,21,1.0,1.0,0.0,7.0,49.0,0.07073534333262343,0.7305006207590723,1.0,9.07383312732152,1.791759469228055,0.6625,0.4810106555620828,0.16963789013931757,1.0,3.0,0.0,0.0,1.0,0.6931471805599453
7b,yelp,cold_start_item,22,1.0,0.6309297535714575,-0.36907024642854247,7.0,49.0,0.07073534333262343,0.7305006207590723,1.0,9.720705889909716,2.833213344056216,0.6625,0.4872409979502359,0.16819153768292847,1.0,3.0,0.0,0.0,1.0,1.0986122886681096
7b,yelp,cold_start_item,23,0.0,0.43067655807339306,0.43067655807339306,7.0,49.0,0.07073534333262343,0.7305006207590723,1.0,9.720705889909716,2.833213344056216,0.6583333333333333,0.4808815519014994,0.17487252957317231,1.0,3.0,0.0,0.0,1.0,1.0986122886681096
7b,yelp,cold_start_item,24,1.0,1.0,0.0,7.0,49.0,0.07073534333262343,0.7305006207590723,1.0,6.840546529288687,0.6931471805599453,0.6625,0.7107371151447297,0.16497114273323385,1.0,3.0,0.0,0.0,1.0,0.6931471805599453
7b,yelp,cold_start_item,25,0.0,1.0,1.0,7.0,49.0,0.07073534333262343,0.7305006207590723,1.0,6.156978985585555,0.6931471805599453,0.6625,0.47534400622049966,0.1824307103171542,1.0,2.0,0.05263157894736842,0.0,1.0,1.0986122886681096
7b,yelp,cold_start_item,26,1.0,1.0,0.0,7.0,49.0,0.07073534333262343,0.7305006207590723,1.0,6.259581464064923,0.6931471805599453,0.6541666666666666,0.711399245262146,0.17468732358032873,1.0,3.0,0.0,0.0,1.0,0.6931471805599453
7b,yelp,cold_start_item,27,1.0,0.5,-0.5,7.0,49.0,0.07073534333262343,0.7305006207590723,1.0,10.586407613940557,4.290459441148391,0.6666666666666666,0.0011543333530426025,0.0867334074730576,1.0,3.0,0.0,0.0,1.0,0.6931471805599453
7b,yelp,cold_start_item,28,0.0,0.0,0.0,7.0,49.0,0.07073534333262343,0.7305006207590723,1.0,6.931471805599453,0.6931471805599453,0.6541666666666666,0.8148443579673766,0.1911151579590993,1.0,3.0,0.0,0.0,1.0,0.6931471805599453
7b,yelp,cold_start_item,29,1.0,1.0,0.0,7.0,49.0,0.07073534333262343,0.7305006207590723,1.0,6.1675164908883415,0.6931471805599453,0.6625,0.7125921845436096,0.1646226849020719,1.0,3.0,0.0,0.0,1.0,0.6931471805599453
7b,yelp,cold_start_item,30,0.6309297535714575,1.0,0.36907024642854247,7.0,49.0,0.07073534333262343,0.7305006207590723,1.0,8.18757739559151,1.9459101490553132,0.6625,0.476269761721293,0.17381188000332584,1.0,3.0,0.0,0.0,1.0,0.6931471805599453
7b,yelp,cold_start_item,31,1.0,1.0,0.0,7.0,49.0,0.07073534333262343,0.7305006207590723,1.0,6.016157159698354,0.6931471805599453,0.6625,0.7117067873477936,0.16802018174964797,1.0,3.0,0.0,0.0,1.0,0.6931471805599453
7b,yelp,cold_start_item,32,1.0,1.0,0.0,7.0,49.0,0.07073534333262343,0.7305006207590723,1.0,6.761572768804055,0.6931471805599453,0.6541666666666666,0.7256904304027556,0.17112306862356447,1.0,3.0,0.0,0.0,1.0,0.6931471805599453
7b,yelp,cold_start_item,33,1.0,1.0,0.0,7.0,49.0,0.07073534333262343,0.7305006207590723,1.0,7.444833273892193,1.3862943611198906,0.6541666666666666,0.47965855399767554,0.1795657536469956,1.0,3.0,0.0,0.0,1.0,0.6931471805599453
7b,yelp,cold_start_item,34,1.0,1.0,0.0,7.0,49.0,0.07073534333262343,0.7305006207590723,1.0,6.0112671744041615,0.6931471805599453,0.6666666666666666,0.5181370059649149,0.16677393837435936,1.0,3.0,0.0,0.0,1.0,0.6931471805599453
7b,yelp,cold_start_item,35,1.0,1.0,0.0,7.0,49.0,0.07073534333262343,0.7305006207590723,1.0,9.348535870727583,3.1354942159291497,0.6625,0.4772942225138346,0.1818007716171476,1.0,3.0,0.0,0.0,1.0,0.6931471805599453
7b,yelp,cold_start_item,36,1.0,1.0,0.0,7.0,49.0,0.07073534333262343,0.7305006207590723,1.0,9.348535870727583,3.1354942159291497,0.6541666666666666,0.4752596060434976,0.1814464141404043,1.0,3.0,0.0,0.0,1.0,0.6931471805599453
7b,yelp,cold_start_item,37,0.6309297535714575,1.0,0.36907024642854247,7.0,49.0,0.07073534333262343,0.7305006207590723,1.0,10.290449189079732,3.6888794541139363,0.6583333333333333,0.24181640942891436,0.20391756581137652,1.0,3.0,0.0,0.0,1.0,0.6931471805599453
7b,yelp,cold_start_item,38,1.0,1.0,0.0,7.0,49.0,0.07073534333262343,0.7305006207590723,1.0,6.385194398997726,0.6931471805599453,0.6458333333333333,0.7297552287578581,0.18167001802072205,1.0,3.0,0.0,0.0,1.0,0.6931471805599453
7b,yelp,cold_start_item,39,0.6309297535714575,1.0,0.36907024642854247,7.0,49.0,0.07073534333262343,0.7305006207590723,1.0,8.496173824192162,2.302585092994046,0.6583333333333333,0.4781838039557138,0.16634264036920146,1.0,3.0,0.0,0.0,1.0,0.6931471805599453
7b,yelp,cold_start_item,40,0.0,0.43067655807339306,0.43067655807339306,7.0,49.0,0.07073534333262343,0.7305006207590723,1.0,8.496173824192162,2.302585092994046,0.6666666666666666,0.7119740962982177,0.15847056085563324,1.0,3.0,0.0,0.0,1.0,0.6931471805599453
7b,yelp,cold_start_item,41,1.0,1.0,0.0,7.0,49.0,0.07073534333262343,0.7305006207590723,1.0,8.496173824192162,2.302585092994046,0.65,0.48789593974749246,0.17734588329719372,1.0,3.0,0.0,0.0,1.0,0.6931471805599453
7b,yelp,cold_start_item,42,1.0,1.0,0.0,7.0,49.0,0.07073534333262343,0.7305006207590723,1.0,9.758346166866458,2.5649493574615367,0.6625,0.4837425390879313,0.1760196435476038,1.0,3.0,0.0,0.0,1.0,0.6931471805599453
7b,yelp,cold_start_item,43,1.0,1.0,0.0,7.0,49.0,0.07073534333262343,0.7305006207590723,1.0,8.791941988456118,1.9459101490553132,0.6666666666666666,0.7057197570800781,0.163987398239158,1.0,3.0,0.0,0.0,1.0,0.6931471805599453
7b,yelp,cold_start_item,44,0.0,0.0,0.0,7.0,49.0,0.07073534333262343,0.7305006207590723,1.0,8.53168763756669,2.302585092994046,0.6625,0.7083958327770232,0.1615165684636033,1.0,3.0,0.0,0.0,1.0,1.791759469228055
7b,yelp,cold_start_item,45,0.0,1.0,1.0,7.0,49.0,0.07073534333262343,0.7305006207590723,1.0,9.21463115339334,2.639057329615259,0.6625,0.473501185576121,0.1758728869821289,1.0,3.0,0.0,0.0,1.0,0.6931471805599453
7b,yelp,cold_start_item,46,0.43067655807339306,0.43067655807339306,0.0,7.0,49.0,0.07073534333262343,0.7305006207590723,1.0,9.000606507571892,2.5649493574615367,0.6583333333333333,0.7083306193351744,0.16232089181348638,1.0,3.0,0.0,0.0,1.0,0.6931471805599453
7b,yelp,evolving_interest,0,0.5,0.0,-0.5,7.0,49.0,0.07073534333262343,0.7305006207590723,1.0,8.251924713801357,1.3862943611198906,0.6583333333333333,0.000779700279235851,0.03504172730675286,1.0,3.0,0.0,0.0,1.0,0.6931471805599453
7b,yelp,evolving_interest,1,1.0,0.6309297535714575,-0.36907024642854247,7.0,49.0,0.07073534333262343,0.7305006207590723,1.0,8.706324840138741,2.5649493574615367,0.6625,0.006162929534912043,0.08440174255060201,1.0,3.0,0.0,0.0,1.0,0.6931471805599453
7b,yelp,evolving_interest,2,0.0,0.0,0.0,7.0,49.0,0.07073534333262343,0.7305006207590723,1.0,7.22402480828583,1.3862943611198906,0.6625,0.0016061604022979403,0.0457500620785794,1.0,3.0,0.0,0.0,1.0,0.6931471805599453
7b,yelp,evolving_interest,3,1.0,1.0,0.0,7.0,49.0,0.07073534333262343,0.7305006207590723,1.0,8.343077871169383,1.6094379124341003,0.65,0.00013706088066101074,0.061176738775294844,1.0,3.0,0.0,0.0,1.0,0.6931471805599453
7b,yelp,evolving_interest,4,1.0,1.0,0.0,7.0,49.0,0.07073534333262343,0.7305006207590723,1.0,8.133880887949207,1.9459101490553132,0.6541666666666666,0.23716190059979753,0.08433066586184186,1.0,3.0,0.0,0.0,1.0,0.6931471805599453
7b,yelp,evolving_interest,5,0.6309297535714575,0.6309297535714575,0.0,7.0,49.0,0.07073534333262343,0.7305006207590723,1.0,8.543640361431086,2.0794415416798357,0.6541666666666666,0.0005423784255981223,0.09842782071916316,1.0,3.0,0.0,0.0,1.0,0.6931471805599453
7b,yelp,evolving_interest,6,0.43067655807339306,0.0,-0.43067655807339306,7.0,49.0,0.07073534333262343,0.7305006207590723,1.0,7.803843303538772,1.6094379124341003,0.6583333333333333,0.22068467934926345,0.07494131549770966,1.0,3.0,0.0,0.0,1.0,0.6931471805599453
7b,yelp,evolving_interest,7,0.6309297535714575,0.5,-0.13092975357145753,7.0,49.0,0.07073534333262343,0.7305006207590723,1.0,8.58839695042257,1.791759469228055,0.6666666666666666,0.007346534729003817,0.07967787643923518,1.0,3.0,0.0,0.0,1.0,0.6931471805599453
7b,yelp,evolving_interest,8,0.0,0.0,0.0,7.0,49.0,0.07073534333262343,0.7305006207590723,1.0,7.590852123688581,1.3862943611198906,0.6583333333333333,0.0015803217887878085,0.043539051765940674,1.0,2.0,0.05263157894736842,0.0,1.0,0.6931471805599453
7b,yelp,evolving_interest,9,1.0,1.0,0.0,7.0,49.0,0.07073534333262343,0.7305006207590723,1.0,6.807934943699926,1.0986122886681096,0.6583333333333333,0.00011533498764038086,0.04629316648357076,1.0,3.0,0.0,0.0,1.0,0.6931471805599453
7b,yelp,evolving_interest,10,0.0,0.6309297535714575,0.6309297535714575,7.0,49.0,0.07073534333262343,0.7305006207590723,1.0,8.905851181208021,2.70805020110221,0.6666666666666666,0.47350081006685885,0.18031699119863395,1.0,3.0,0.0,0.0,1.0,0.6931471805599453
7b,yelp,evolving_interest,11,0.0,0.0,0.0,7.0,49.0,0.07073534333262343,0.7305006207590723,1.0,8.031060180240619,1.6094379124341003,0.6583333333333333,0.0021997153759002464,0.059452510945489326,1.0,3.0,0.0,0.0,1.0,0.6931471805599453
7b,yelp,evolving_interest,12,0.0,0.0,0.0,7.0,49.0,0.07073534333262343,0.7305006207590723,1.0,7.035268599281097,1.0986122886681096,0.6541666666666666,0.008618509769439675,0.09272676390697657,1.0,3.0,0.0,0.0,1.0,0.6931471805599453
7b,yelp,evolving_interest,13,0.0,0.0,0.0,7.0,49.0,0.07073534333262343,0.7305006207590723,1.0,7.547501682814967,1.6094379124341003,0.6625,0.5017975072065988,0.1653127970062494,1.0,3.0,0.0,0.0,1.0,0.6931471805599453
7b,yelp,evolving_interest,14,0.0,0.0,0.0,7.0,49.0,0.07073534333262343,0.7305006207590723,1.0,6.57507584059962,1.0986122886681096,0.6583333333333333,0.21026612122853588,0.06575040739976136,1.0,3.0,0.0,0.0,1.0,1.0986122886681096
7b,yelp,evolving_interest,15,0.0,0.0,0.0,7.0,49.0,0.07073534333262343,0.7305006207590723,1.0,8.168202930236053,1.3862943611198906,0.6625,0.00047031641006473057,0.03859879749688771,1.0,3.0,0.0,0.0,1.0,1.0986122886681096
7b,yelp,evolving_interest,16,0.0,0.0,0.0,7.0,49.0,0.07073534333262343,0.7305006207590723,1.0,8.168202930236053,1.3862943611198906,0.6583333333333333,0.00012132525444030762,0.04321017580458283,1.0,3.0,0.0,0.0,1.0,1.0986122886681096
7b,yelp,evolving_interest,17,0.0,0.43067655807339306,0.43067655807339306,7.0,49.0,0.07073534333262343,0.7305006207590723,1.0,8.341886969516187,1.9459101490553132,0.6666666666666666,0.0028803348541259766,0.07228821578514436,1.0,3.0,0.0,0.0,1.0,0.6931471805599453
7b,yelp,evolving_interest,18,0.0,0.38685280723454163,0.38685280723454163,7.0,49.0,0.07073534333262343,0.7305006207590723,1.0,7.207118856207756,1.0986122886681096,0.6625,0.0015294134616851696,0.037426347484810066,1.0,3.0,0.0,0.0,1.0,0.6931471805599453
7b,yelp,evolving_interest,19,0.0,0.0,0.0,7.0,49.0,0.07073534333262343,0.7305006207590723,1.0,7.798523053625206,1.3862943611198906,0.6625,0.46405671636263524,0.11512882624055551,1.0,3.0,0.0,0.0,1.0,0.6931471805599453
7b,yelp,evolving_interest,20,0.6309297535714575,0.43067655807339306,-0.20025319549806447,7.0,49.0,0.07073534333262343,0.7305006207590723,1.0,7.798523053625206,1.3862943611198906,0.6625,0.014191281795501665,0.0886084333980129,1.0,3.0,0.0,0.0,1.0,0.6931471805599453
7b,yelp,evolving_interest,21,0.0,0.0,0.0,7.0,49.0,0.07073534333262343,0.7305006207590723,1.0,8.064007347096661,1.0986122886681096,0.6583333333333333,0.0029070675373077393,0.08832017978519958,1.0,3.0,0.0,0.0,1.0,1.0986122886681096
7b,yelp,evolving_interest,22,0.0,0.0,0.0,7.0,49.0,0.07073534333262343,0.7305006207590723,1.0,9.765833387237333,2.1972245773362196,0.6625,0.0001357913017272505,0.08462076770297683,1.0,3.0,0.0,0.0,1.0,0.6931471805599453
7b,yelp,evolving_interest,23,0.43067655807339306,0.6309297535714575,0.20025319549806447,7.0,49.0,0.07073534333262343,0.7305006207590723,1.0,9.449199779730396,1.9459101490553132,0.6666666666666666,0.004491269588470459,0.07569748121947396,1.0,3.0,0.0,0.0,1.0,0.6931471805599453
7b,yelp,evolving_interest,24,0.6309297535714575,0.6309297535714575,0.0,7.0,49.0,0.07073534333262343,0.7305006207590723,1.0,8.724695046740491,1.3862943611198906,0.6625,0.014807528257369973,0.08513689319733604,1.0,3.0,0.0,0.0,1.0,0.6931471805599453
7b,yelp,evolving_interest,25,0.5,0.5,0.0,7.0,49.0,0.07073534333262343,0.7305006207590723,1.0,8.535425959677298,2.3978952727983707,0.6625,0.00012595653533942208,0.09558906769155588,1.0,3.0,0.0,0.0,1.0,0.6931471805599453
7b,yelp,evolving_interest,26,0.0,0.0,0.0,7.0,49.0,0.07073534333262343,0.7305006207590723,1.0,8.739536422559677,2.5649493574615367,0.6625,0.0017650187015533225,0.11111049917295905,1.0,3.0,0.0,0.0,1.0,0.6931471805599453
7b,yelp,evolving_interest,27,0.38685280723454163,0.0,-0.38685280723454163,7.0,49.0,0.07073534333262343,0.7305006207590723,1.0,8.620471540869739,2.3978952727983707,0.6666666666666666,0.010886710882186845,0.08582060204826993,1.0,3.0,0.0,0.0,1.0,0.6931471805599453
7b,yelp,evolving_interest,28,0.0,0.0,0.0,7.0,49.0,0.07073534333262343,0.7305006207590723,1.0,8.468002947225466,1.3862943611198906,0.6625,0.0006191074848175271,0.027336204689903342,1.0,3.0,0.0,0.0,1.0,0.6931471805599453
7b,yelp,evolving_interest,29,0.0,0.0,0.0,7.0,49.0,0.07073534333262343,0.7305006207590723,1.0,7.238496840894365,1.3862943611198906,0.6583333333333333,0.4714868287245432,0.11514756552374512,1.0,3.0,0.0,0.0,1.0,0.6931471805599453
7b,yelp,evolving_interest,30,0.38685280723454163,0.0,-0.38685280723454163,7.0,49.0,0.07073534333262343,0.7305006207590723,1.0,8.307705966549513,1.791759469228055,0.6583333333333333,0.0007630348205566739,0.04746817230458735,1.0,3.0,0.0,0.0,1.0,0.6931471805599453
7b,yelp,evolving_interest,31,1.0,1.0,0.0,7.0,49.0,0.07073534333262343,0.7305006207590723,1.0,7.170119543449628,1.0986122886681096,0.6541666666666666,0.0010920703411101962,0.05737572542633813,1.0,3.0,0.0,0.0,1.0,0.6931471805599453
7b,yelp,evolving_interest,32,0.0,0.0,0.0,7.0,49.0,0.07073534333262343,0.7305006207590723,1.0,8.151044945685024,1.791759469228055,0.6625,0.2223776002724966,0.06288316288122185,1.0,3.0,0.0,0.0,1.0,0.6931471805599453
7b,yelp,evolving_interest,33,0.0,0.0,0.0,7.0,49.0,0.07073534333262343,0.7305006207590723,1.0,9.49408972140025,2.833213344056216,0.6583333333333333,0.002424949407577426,0.09717211283262346,1.0,3.0,0.0,0.0,1.0,0.6931471805599453
7b,yelp,evolving_interest,34,0.6309297535714575,1.0,0.36907024642854247,7.0,49.0,0.07073534333262343,0.7305006207590723,1.0,9.471396088360253,2.833213344056216,0.6666666666666666,0.003967738151550271,0.08994488620677965,1.0,3.0,0.0,0.0,1.0,0.6931471805599453
7b,yelp,evolving_interest,35,1.0,0.5,-0.5,7.0,49.0,0.07073534333262343,0.7305006207590723,1.0,8.680331928793418,1.3862943611198906,0.6541666666666666,8.288025856018066e-05,0.04572155478220087,1.0,3.0,0.0,0.0,1.0,0.6931471805599453
