backbone,dataset,condition,run_index,ndcg_hm,ndcg_hmt,voi,cap,cap_sq,collision_rate,log_mean_leaf,level_util,log_history_chars,log_review_count,metadata_richness,separation,mean_prefix_overlap,frac_exact_collision,candidate_spread,log_target_leaf_size,sid_top1_margin,sid_score_std
7b_collapsed,yelp,classic,0,1.0,0.5,-0.5,0.43079500636227125,0.18558433750666933,0.9457847820134473,2.967590256199712,0.061197916666666664,9.47324295306374,3.258096538021482,0.6666666666666666,1.0,0.2631578947368421,0.0,0.95,5.262690188904886,0.00033756494522096947,0.10675723375505833
7b_collapsed,yelp,classic,1,1.0,0.0,-1.0,0.43079500636227125,0.18558433750666933,0.9457847820134473,2.967590256199712,0.061197916666666664,9.355133116877724,2.995732273553991,0.6583333333333333,1.0,0.3684210526315789,0.0,1.0,3.6109179126442243,0.0017140209674835205,0.1246840979206944
7b_collapsed,yelp,classic,2,0.43067655807339306,0.0,-0.43067655807339306,0.43079500636227125,0.18558433750666933,0.9457847820134473,2.967590256199712,0.061197916666666664,6.018593214496234,0.6931471805599453,0.6625,0.0,0.3157894736842105,0.05263157894736842,0.75,4.795790545596741,0.0007018089294432706,0.15220655462938737
7b_collapsed,yelp,classic,3,1.0,1.0,0.0,0.43079500636227125,0.18558433750666933,0.9457847820134473,2.967590256199712,0.061197916666666664,7.5883236773352225,1.3862943611198906,0.6625,3.0,0.0,0.0,0.9,4.394449154672439,0.0009208917617797852,0.15584414806644092
7b_collapsed,yelp,classic,4,1.0,1.0,0.0,0.43079500636227125,0.18558433750666933,0.9457847820134473,2.967590256199712,0.061197916666666664,5.961005339623274,0.6931471805599453,0.6666666666666666,2.0,0.42105263157894735,0.0,0.9,4.290459441148391,0.007815939188003496,0.15485611113181377
7b_collapsed,yelp,classic,5,1.0,0.0,-1.0,0.43079500636227125,0.18558433750666933,0.9457847820134473,2.967590256199712,0.061197916666666664,8.242493153187626,2.1972245773362196,0.6625,0.0,0.3684210526315789,0.05263157894736842,0.85,4.927253685157205,1.6146898269675525e-05,0.17890583748601516
7b_collapsed,yelp,classic,6,0.38685280723454163,0.5,0.11314719276545837,0.43079500636227125,0.18558433750666933,0.9457847820134473,2.967590256199712,0.061197916666666664,7.791522819150732,1.791759469228055,0.6666666666666666,1.0,0.5789473684210527,0.0,0.95,3.9318256327243257,0.23325664003690083,0.15735375446401845
7b_collapsed,yelp,classic,7,0.6309297535714575,0.0,-0.6309297535714575,0.43079500636227125,0.18558433750666933,0.9457847820134473,2.967590256199712,0.061197916666666664,6.061456918928017,0.6931471805599453,0.6666666666666666,2.0,0.15789473684210525,0.0,0.95,3.367295829986474,0.0020909070968627708,0.1580137960541676
7b_collapsed,yelp,classic,8,1.0,0.0,-1.0,0.43079500636227125,0.18558433750666933,0.9457847820134473,2.967590256199712,0.061197916666666664,7.803843303538772,1.6094379124341003,0.6625,2.0,0.10526315789473684,0.0,1.0,3.5263605246161616,0.0037199020385741965,0.13489163992821035
7b_collapsed,yelp,classic,9,1.0,1.0,0.0,0.43079500636227125,0.18558433750666933,0.9457847820134473,2.967590256199712,0.061197916666666664,10.010861040804457,3.6109179126442243,0.6666666666666666,1.0,0.21052631578947367,0.0,1.0,3.8066624897703196,0.0009093761444092241,0.1607263338998992
7b_collapsed,yelp,classic,10,0.0,0.43067655807339306,0.43067655807339306,0.43079500636227125,0.18558433750666933,0.9457847820134473,2.967590256199712,0.061197916666666664,6.665683717782408,0.6931471805599453,0.6625,1.0,0.2631578947368421,0.0,0.95,4.927253685157205,0.22022355397542315,0.15062052623962321
7b_collapsed,yelp,classic,11,1.0,0.38685280723454163,-0.6131471927654584,0.43079500636227125,0.18558433750666933,0.9457847820134473,2.967590256199712,0.061197916666666664,8.938925271988273,1.3862943611198906,0.6666666666666666,1.0,0.15789473684210525,0.0,1.0,3.8066624897703196,0.23345464070638022,0.1845048056670174
7b_collapsed,yelp,classic,12,0.6309297535714575,0.5,-0.13092975357145753,0.43079500636227125,0.18558433750666933,0.9457847820134473,2.967590256199712,0.061197916666666664,5.934894195619588,0.6931471805599453,0.6666666666666666,2.0,0.15789473684210525,0.0,0.95,4.605170185988092,0.22753910024960833,0.1394576085043373
7b_collapsed,yelp,classic,13,1.0,0.6309297535714575,-0.36907024642854247,0.43079500636227125,0.18558433750666933,0.9457847820134473,2.967590256199712,0.061197916666666664,7.83399634170946,1.9459101490553132,0.6666666666666666,1.0,0.21052631578947367,0.0,0.9,3.367295829986474,0.26814874609311423,0.10929706932476146
7b_collapsed,yelp,classic,14,0.5,0.6309297535714575,0.13092975357145753,0.43079500636227125,0.18558433750666933,0.9457847820134473,2.967590256199712,0.061197916666666664,7.531552381407289,1.3862943611198906,0.6583333333333333,0.0,0.5263157894736842,0.10526315789473684,0.9,4.927253685157205,0.2295719464619954,0.1406845001216067
7b_collapsed,yelp,classic,15,0.5,0.43067655807339306,-0.06932344192660694,0.43079500636227125,0.18558433750666933,0.9457847820134473,2.967590256199712,0.061197916666666664,6.429719478039138,0.6931471805599453,0.6625,3.0,0.0,0.0,0.95,3.7376696182833684,0.005534917116165161,0.16725527922912278
7b_collapsed,yelp,classic,16,0.5,0.6309297535714575,0.13092975357145753,0.43079500636227125,0.18558433750666933,0.9457847820134473,2.967590256199712,0.061197916666666664,6.066108090103747,0.6931471805599453,0.6666666666666666,3.0,0.0,0.0,0.95,4.927253685157205,0.00044002532958975493,0.10582886577253467
7b_collapsed,yelp,classic,17,0.0,0.0,0.0,0.43079500636227125,0.18558433750666933,0.9457847820134473,2.967590256199712,0.061197916666666664,7.81762544305337,1.3862943611198906,0.6666666666666666,2.0,0.3157894736842105,0.0,1.0,2.3978952727983707,0.004396247863769465,0.13708557481630393
7b_collapsed,yelp,classic,18,0.6309297535714575,0.38685280723454163,-0.2440769463369159,0.43079500636227125,0.18558433750666933,0.9457847820134473,2.967590256199712,0.061197916666666664,9.710388122570295,3.1354942159291497,0.6666666666666666,2.0,0.10526315789473684,0.0,0.95,4.605170185988092,0.0004181206226349099,0.14146217808857967
7b_collapsed,yelp,classic,19,1.0,0.0,-1.0,0.43079500636227125,0.18558433750666933,0.9457847820134473,2.967590256199712,0.061197916666666664,6.576469569048224,0.6931471805599453,0.6666666666666666,2.0,0.05263157894736842,0.0,1.0,3.367295829986474,0.012903624773025535,0.10658555766773874
7b_collapsed,yelp,classic,20,1.0,0.0,-1.0,0.43079500636227125,0.18558433750666933,0.9457847820134473,2.967590256199712,0.061197916666666664,9.122055457108612,2.772588722239781,0.6625,2.0,0.05263157894736842,0.0,0.95,3.6888794541139363,0.003006505966186568,0.11851660314592122
7b_collapsed,yelp,classic,21,0.5,0.5,0.0,0.43079500636227125,0.18558433750666933,0.9457847820134473,2.967590256199712,0.061197916666666664,9.434683203865875,2.4849066497880004,0.6666666666666666,2.0,0.15789473684210525,0.0,0.95,3.912023005428146,0.2339570184548696,0.14781652487903799
7b_collapsed,yelp,classic,22,0.5,0.6309297535714575,0.13092975357145753,0.43079500636227125,0.18558433750666933,0.9457847820134473,2.967590256199712,0.061197916666666664,6.62273632394984,0.6931471805599453,0.6666666666666666,2.0,0.05263157894736842,0.0,1.0,3.8501476017100584,0.0012274146080016868,0.0965417332435775
7b_collapsed,yelp,classic,23,0.0,0.0,0.0,0.43079500636227125,0.18558433750666933,0.9457847820134473,2.967590256199712,0.061197916666666664,6.461468176353717,0.6931471805599453,0.6666666666666666,0.0,0.3157894736842105,0.05263157894736842,0.9,4.955827057601261,0.0015609741210937944,0.16054820234483358
7b_collapsed,yelp,classic,24,0.6309297535714575,0.0,-0.6309297535714575,0.43079500636227125,0.18558433750666933,0.9457847820134473,2.967590256199712,0.061197916666666664,6.418364935936212,0.6931471805599453,0.6666666666666666,1.0,0.15789473684210525,0.0,1.0,3.258096538021482,0.1944997568925222,0.1349122014503312
7b_collapsed,yelp,classic,25,0.43067655807339306,0.43067655807339306,0.0,0.43079500636227125,0.18558433750666933,0.9457847820134473,2.967590256199712,0.061197916666666664,6.745236349484362,0.6931471805599453,0.6666666666666666,1.0,0.3684210526315789,0.0,0.95,4.927253685157205,0.029020312428474415,0.07428156872314742
7b_collapsed,yelp,classic,26,0.0,0.0,0.0,0.43079500636227125,0.18558433750666933,0.9457847820134473,2.967590256199712,0.061197916666666664,8.811354229965728,2.5649493574615367,0.6666666666666666,1.0,0.42105263157894735,0.0,0.95,4.406719247264253,0.0026355743408204013,0.17633813881151897
7b_collapsed,yelp,classic,27,1.0,1.0,0.0,0.43079500636227125,0.18558433750666933,0.9457847820134473,2.967590256199712,0.061197916666666664,5.891644211825771,0.6931471805599453,0.6666666666666666,1.0,0.21052631578947367,0.0,0.95,3.367295829986474,0.004442274570465088,0.09714203409907607
7b_collapsed,yelp,classic,28,0.6309297535714575,1.0,0.36907024642854247,0.43079500636227125,0.18558433750666933,0.9457847820134473,2.967590256199712,0.061197916666666664,7.170119543449628,1.0986122886681096,0.6625,1.0,0.5263157894736842,0.0,0.95,3.8066624897703196,0.004200160503387451,0.12526495157056725
7b_collapsed,yelp,classic,29,0.0,0.0,0.0,0.43079500636227125,0.18558433750666933,0.9457847820134473,2.967590256199712,0.061197916666666664,6.679599185844383,0.6931471805599453,0.6625,0.0,0.3684210526315789,0.05263157894736842,0.85,4.624972813284271,0.001520955562591575,0.1277629909253022
7b_collapsed,yelp,classic,30,1.0,0.38685280723454163,-0.6131471927654584,0.43079500636227125,0.18558433750666933,0.9457847820134473,2.967590256199712,0.061197916666666664,6.9363427358340495,0.6931471805599453,0.6583333333333333,3.0,0.0,0.0,0.85,2.1972245773362196,0.0010770857334136963,0.1916967893175323
7b_collapsed,yelp,classic,31,0.0,0.0,0.0,0.43079500636227125,0.18558433750666933,0.9457847820134473,2.967590256199712,0.061197916666666664,6.327936783729195,0.6931471805599453,0.6583333333333333,3.0,0.0,0.0,1.0,2.0794415416798357,0.0004346609115599698,0.15081747971352719
7b_collapsed,yelp,classic,32,0.5,0.38685280723454163,-0.11314719276545837,0.43079500636227125,0.18558433750666933,0.9457847820134473,2.967590256199712,0.061197916666666664,8.00736706798333,1.9459101490553132,0.6666666666666666,2.0,0.3157894736842105,0.0,0.95,1.791759469228055,0.002156907320022605,0.11820697435626476
7b_collapsed,yelp,classic,33,0.43067655807339306,0.0,-0.43067655807339306,0.43079500636227125,0.18558433750666933,0.9457847820134473,2.967590256199712,0.061197916666666664,6.835184586147301,0.6931471805599453,0.6666666666666666,2.0,0.05263157894736842,0.0,0.9,3.9318256327243257,0.0005997955799101895,0.15537054008834764
7b_collapsed,yelp,classic,34,0.43067655807339306,0.5,0.06932344192660694,0.43079500636227125,0.18558433750666933,0.9457847820134473,2.967590256199712,0.061197916666666664,7.52131798019924,0.6931471805599453,0.6666666666666666,1.0,0.21052631578947367,0.0,0.95,4.663439094112067,0.007662498950958274,0.15864216487859703
7b_collapsed,yelp,classic,35,0.0,0.0,0.0,0.43079500636227125,0.18558433750666933,0.9457847820134473,2.967590256199712,0.061197916666666664,6.261491684321042,0.6931471805599453,0.6625,2.0,0.05263157894736842,0.0,1.0,3.5553480614894135,0.00048483610153204904,0.12682338249858335
7b_collapsed,yelp,classic,36,0.0,0.5,0.5,0.43079500636227125,0.18558433750666933,0.9457847820134473,2.967590256199712,0.061197916666666664,10.15615107038633,4.007333185232471,0.6625,2.0,0.2631578947368421,0.0,1.0,4.795790545596741,0.0011078238487244318,0.12514571193201204
7b_collapsed,yelp,classic,37,0.0,0.43067655807339306,0.43067655807339306,0.43079500636227125,0.18558433750666933,0.9457847820134473,2.967590256199712,0.061197916666666664,6.980075940561763,1.0986122886681096,0.6625,0.0,0.631578947368421,0.05263157894736842,0.9,5.262690188904886,0.0017109274864196555,0.1198996620721046
7b_collapsed,yelp,classic,38,0.0,0.0,0.0,0.43079500636227125,0.18558433750666933,0.9457847820134473,2.967590256199712,0.061197916666666664,7.397561535524052,1.0986122886681096,0.6625,1.0,0.21052631578947367,0.0,0.95,3.7376696182833684,0.22375389536221812,0.13715705707548326
7b_collapsed,yelp,classic,39,0.0,0.0,0.0,0.43079500636227125,0.18558433750666933,0.9457847820134473,2.967590256199712,0.061197916666666664,7.58629630715272,1.3862943611198906,0.6666666666666666,2.0,0.10526315789473684,0.0,0.95,1.9459101490553132,0.0010410189628601296,0.17028476336884524
7b_collapsed,yelp,classic,40,0.5,0.5,0.0,0.43079500636227125,0.18558433750666933,0.9457847820134473,2.967590256199712,0.061197916666666664,6.940222469119639,0.6931471805599453,0.6666666666666666,2.0,0.10526315789473684,0.0,0.95,3.5553480614894135,0.2326848109563191,0.13321357311325716
7b_collapsed,yelp,classic,41,0.0,1.0,1.0,0.43079500636227125,0.18558433750666933,0.9457847820134473,2.967590256199712,0.061197916666666664,7.256297239690681,1.3862943611198906,0.6625,1.0,0.15789473684210525,0.0,0.9,3.6109179126442243,0.005283862352371216,0.12910956040523738
7b_collapsed,yelp,classic,42,1.0,1.0,0.0,0.43079500636227125,0.18558433750666933,0.9457847820134473,2.967590256199712,0.061197916666666664,7.466227556215481,1.6094379124341003,0.6666666666666666,1.0,0.15789473684210525,0.0,0.95,4.060443010546419,0.22174252470334366,0.11053107159028694
7b_collapsed,yelp,classic,43,1.0,0.0,-1.0,0.43079500636227125,0.18558433750666933,0.9457847820134473,2.967590256199712,0.061197916666666664,7.5766097669730375,0.6931471805599453,0.6625,1.0,0.3157894736842105,0.0,0.95,5.147494476813453,0.010907435417175315,0.16813856309868275
7b_collapsed,yelp,classic,44,0.6309297535714575,1.0,0.36907024642854247,0.43079500636227125,0.18558433750666933,0.9457847820134473,2.967590256199712,0.061197916666666664,8.034955024502159,1.0986122886681096,0.6625,2.0,0.2631578947368421,0.0,0.95,4.1588830833596715,0.22588054736455287,0.1446052463061894
7b_collapsed,yelp,classic,45,0.5,0.0,-0.5,0.43079500636227125,0.18558433750666933,0.9457847820134473,2.967590256199712,0.061197916666666664,6.866933284461882,0.6931471805599453,0.6583333333333333,2.0,0.05263157894736842,0.0,1.0,3.1354942159291497,0.0038496136665344682,0.20532960356155572
7b_collapsed,yelp,classic,46,0.5,0.0,-0.5,0.43079500636227125,0.18558433750666933,0.9457847820134473,2.967590256199712,0.061197916666666664,7.591357046698551,1.3862943611198906,0.6625,1.0,0.10526315789473684,0.0,0.95,3.1780538303479458,0.0002927362918854204,0.1434443150363105
7b_collapsed,yelp,classic,47,1.0,1.0,0.0,0.43079500636227125,0.18558433750666933,0.9457847820134473,2.967590256199712,0.061197916666666664,8.183676582620658,1.6094379124341003,0.6666666666666666,2.0,0.15789473684210525,0.0,1.0,3.6109179126442243,0.23180429538091019,0.1642975126332036
7b_collapsed,yelp,classic,48,0.0,0.0,0.0,0.43079500636227125,0.18558433750666933,0.9457847820134473,2.967590256199712,0.061197916666666664,5.955837369464831,0.6931471805599453,0.6625,2.0,0.21052631578947367,0.0,0.95,3.4011973816621555,0.007235902547836348,0.0960919546857924
7b_collapsed,yelp,classic,49,0.43067655807339306,0.0,-0.43067655807339306,0.43079500636227125,0.18558433750666933,0.9457847820134473,2.967590256199712,0.061197916666666664,6.756932389247553,0.6931471805599453,0.6666666666666666,2.0,0.42105263157894735,0.0,0.85,4.382026634673881,0.23284438451131184,0.1407287062880446
7b_collapsed,yelp,classic,50,0.38685280723454163,0.6309297535714575,0.2440769463369159,0.43079500636227125,0.18558433750666933,0.9457847820134473,2.967590256199712,0.061197916666666664,7.234177179749849,1.0986122886681096,0.6666666666666666,1.0,0.15789473684210525,0.0,0.95,4.663439094112067,0.007234758138656594,0.16705287021294576
7b_collapsed,yelp,classic,51,1.0,0.0,-1.0,0.43079500636227125,0.18558433750666933,0.9457847820134473,2.967590256199712,0.061197916666666664,9.876886870738948,3.258096538021482,0.6625,0.0,0.7368421052631579,0.05263157894736842,0.9,5.159055299214529,0.001432514190673806,0.12317515778788261
7b_collapsed,yelp,classic,52,0.5,0.0,-0.5,0.43079500636227125,0.18558433750666933,0.9457847820134473,2.967590256199712,0.061197916666666664,8.640648995343156,1.9459101490553132,0.6583333333333333,1.0,0.47368421052631576,0.0,0.9,3.295836866004329,0.0004604637622833696,0.13396039938116167
7b_collapsed,yelp,classic,53,0.0,0.0,0.0,0.43079500636227125,0.18558433750666933,0.9457847820134473,2.967590256199712,0.061197916666666664,7.6093665379542115,1.3862943611198906,0.6666666666666666,1.0,0.2631578947368421,0.0,0.95,4.219507705176107,0.23366469343503304,0.13571478055963754
7b_collapsed,yelp,classic,54,0.0,0.6309297535714575,0.6309297535714575,0.43079500636227125,0.18558433750666933,0.9457847820134473,2.967590256199712,0.061197916666666664,7.9420068084898565,1.9459101490553132,0.6625,1.0,0.10526315789473684,0.0,0.95,2.1972245773362196,0.009378737211227395,0.2063937791033996
7b_collapsed,yelp,classic,55,0.0,0.0,0.0,0.43079500636227125,0.18558433750666933,0.9457847820134473,2.967590256199712,0.061197916666666664,6.907755278982137,1.0986122886681096,0.6666666666666666,2.0,0.05263157894736842,0.0,0.95,2.995732273553991,0.0030552864074706587,0.17658265738214307
7b_collapsed,yelp,classic,56,0.6309297535714575,0.38685280723454163,-0.2440769463369159,0.43079500636227125,0.18558433750666933,0.9457847820134473,2.967590256199712,0.061197916666666664,7.789868559054706,1.3862943611198906,0.6666666666666666,0.0,0.2631578947368421,0.05263157894736842,0.9,4.060443010546419,0.23462102611859637,0.15329481478386056
7b_collapsed,yelp,classic,57,0.0,1.0,1.0,0.43079500636227125,0.18558433750666933,0.9457847820134473,2.967590256199712,0.061197916666666664,8.636574948436317,2.302585092994046,0.6666666666666666,2.0,0.05263157894736842,0.0,1.0,3.713572066704308,0.00015383362770082787,0.12217900448562384
7b_collapsed,yelp,classic,58,0.0,0.0,0.0,0.43079500636227125,0.18558433750666933,0.9457847820134473,2.967590256199712,0.061197916666666664,8.268475388982598,2.0794415416798357,0.6666666666666666,2.0,0.15789473684210525,0.0,0.85,0.6931471805599453,0.23403017123540237,0.1595601134186172
7b_collapsed,yelp,classic,59,0.0,0.0,0.0,0.43079500636227125,0.18558433750666933,0.9457847820134473,2.967590256199712,0.061197916666666664,5.883322388488279,0.6931471805599453,0.6666666666666666,0.0,0.21052631578947367,0.05263157894736842,0.9,4.852030263919617,0.23291492660840352,0.13530541500103102
7b_collapsed,yelp,classic,60,1.0,0.0,-1.0,0.43079500636227125,0.18558433750666933,0.9457847820134473,2.967590256199712,0.061197916666666664,9.738553945343401,2.833213344056216,0.6666666666666666,3.0,0.0,0.0,0.95,2.833213344056216,0.0009274005889893244,0.1510283374610894
7b_collapsed,yelp,classic,61,0.0,0.0,0.0,0.43079500636227125,0.18558433750666933,0.9457847820134473,2.967590256199712,0.061197916666666664,6.818924065275521,0.6931471805599453,0.6666666666666666,2.0,0.21052631578947367,0.0,0.95,3.1354942159291497,0.006545180082321078,0.09648445085293911
7b_collapsed,yelp,classic,62,0.0,1.0,1.0,0.43079500636227125,0.18558433750666933,0.9457847820134473,2.967590256199712,0.061197916666666664,6.1903154058531475,0.6931471805599453,0.6666666666666666,1.0,0.21052631578947367,0.0,0.95,5.1298987149230735,0.2301524837811788,0.12951344153525712
7b_collapsed,yelp,classic,63,0.6309297535714575,0.6309297535714575,0.0,0.43079500636227125,0.18558433750666933,0.9457847820134473,2.967590256199712,0.061197916666666664,7.440733707389261,1.3862943611198906,0.6583333333333333,2.0,0.05263157894736842,0.0,0.95,2.0794415416798357,0.23052336176236465,0.19228901158987713
7b_collapsed,yelp,classic,64,0.38685280723454163,1.0,0.6131471927654584,0.43079500636227125,0.18558433750666933,0.9457847820134473,2.967590256199712,0.061197916666666664,6.881411303642535,0.6931471805599453,0.6666666666666666,1.0,0.47368421052631576,0.0,0.9,4.290459441148391,0.011103719472885132,0.07309595237083436
7b_collapsed,yelp,classic,65,1.0,0.0,-1.0,0.43079500636227125,0.18558433750666933,0.9457847820134473,2.967590256199712,0.061197916666666664,7.332369205929062,1.0986122886681096,0.6666666666666666,1.0,0.15789473684210525,0.0,0.95,3.295836866004329,0.0029548823833466242,0.18673764957397168
7b_collapsed,yelp,classic,66,0.0,0.0,0.0,0.43079500636227125,0.18558433750666933,0.9457847820134473,2.967590256199712,0.061197916666666664,6.037870919922137,0.6931471805599453,0.6666666666666666,2.0,0.05263157894736842,0.0,1.0,3.6635616461296463,0.012916517257690496,0.16589695416975603
7b_collapsed,yelp,classic,67,0.0,0.0,0.0,0.43079500636227125,0.18558433750666933,0.9457847820134473,2.967590256199712,0.061197916666666664,7.0317412587631285,0.6931471805599453,0.6625,0.0,0.5789473684210527,0.10526315789473684,0.85,4.927253685157205,0.23089847763379423,0.22385070694205192
7b_collapsed,yelp,classic,68,1.0,1.0,0.0,0.43079500636227125,0.18558433750666933,0.9457847820134473,2.967590256199712,0.061197916666666664,9.259320994197804,2.302585092994046,0.6666666666666666,1.0,0.15789473684210525,0.0,1.0,3.8066624897703196,0.00028084516525261893,0.1078463185810614
7b_collapsed,yelp,classic,69,0.5,0.6309297535714575,0.13092975357145753,0.43079500636227125,0.18558433750666933,0.9457847820134473,2.967590256199712,0.061197916666666664,6.968850378341948,1.0986122886681096,0.6666666666666666,2.0,0.10526315789473684,0.0,0.95,3.7612001156935624,0.003010940551757768,0.10692611693673208
7b_collapsed,yelp,classic,70,1.0,0.6309297535714575,-0.36907024642854247,0.43079500636227125,0.18558433750666933,0.9457847820134473,2.967590256199712,0.061197916666666664,8.742414582525413,2.0794415416798357,0.6666666666666666,1.0,0.47368421052631576,0.0,0.9,4.624972813284271,0.00220963954925546,0.10847177818294189
7b_collapsed,yelp,classic,71,0.38685280723454163,1.0,0.6131471927654584,0.43079500636227125,0.18558433750666933,0.9457847820134473,2.967590256199712,0.061197916666666664,6.8966943316227125,0.6931471805599453,0.6583333333333333,1.0,0.47368421052631576,0.0,0.95,3.9512437185814275,0.2271001656850179,0.13944841428566432
7b_collapsed,yelp,classic,72,0.5,0.5,0.0,0.43079500636227125,0.18558433750666933,0.9457847820134473,2.967590256199712,0.061197916666666664,6.1779441140506,0.6931471805599453,0.6666666666666666,0.0,0.42105263157894735,0.05263157894736842,0.9,4.060443010546419,0.010780423879623413,0.1577809416505938
7b_collapsed,yelp,classic,73,0.43067655807339306,0.6309297535714575,0.20025319549806447,0.43079500636227125,0.18558433750666933,0.9457847820134473,2.967590256199712,0.061197916666666664,6.082218910376446,0.6931471805599453,0.6666666666666666,2.0,0.21052631578947367,0.0,0.9,4.499809670330265,0.24091767271359765,0.22823281368945794
7b_collapsed,yelp,classic,74,0.0,0.0,0.0,0.43079500636227125,0.18558433750666933,0.9457847820134473,2.967590256199712,0.061197916666666664,6.525029657843462,0.6931471805599453,0.6666666666666666,2.0,0.3684210526315789,0.0,0.9,5.099866427824199,0.0028521895408630815,0.10853818960786678
7b_collapsed,yelp,classic,75,0.43067655807339306,0.5,0.06932344192660694,0.43079500636227125,0.18558433750666933,0.9457847820134473,2.967590256199712,0.061197916666666664,6.577861357721047,1.0986122886681096,0.6666666666666666,1.0,0.42105263157894735,0.0,1.0,3.367295829986474,0.0003727912902831143,0.1098529637399116
7b_collapsed,yelp,classic,76,0.0,0.5,0.5,0.43079500636227125,0.18558433750666933,0.9457847820134473,2.967590256199712,0.061197916666666664,7.534762657037537,1.6094379124341003,0.6666666666666666,1.0,0.47368421052631576,0.0,0.95,4.143134726391533,0.2319410165150959,0.13002088748382248
7b_collapsed,yelp,classic,77,0.6309297535714575,0.5,-0.13092975357145753,0.43079500636227125,0.18558433750666933,0.9457847820134473,2.967590256199712,0.061197916666666664,8.704668113450987,2.1972245773362196,0.6625,1.0,0.15789473684210525,0.0,0.95,4.820281565605037,0.2352153142293294,0.15095632644277296
7b_collapsed,yelp,classic,78,0.5,0.5,0.0,0.43079500636227125,0.18558433750666933,0.9457847820134473,2.967590256199712,0.061197916666666664,6.658011045870748,0.6931471805599453,0.6666666666666666,1.0,0.10526315789473684,0.0,0.95,5.093750200806762,0.23651979764302578,0.20544219899245109
7b_collapsed,yelp,classic,79,0.43067655807339306,0.0,-0.43067655807339306,0.43079500636227125,0.18558433750666933,0.9457847820134473,2.967590256199712,0.061197916666666664,5.986452005284438,0.6931471805599453,0.6625,1.0,0.42105263157894735,0.0,0.95,4.330733340286331,0.00020350813865666062,0.12710434209166502
7b_collapsed,yelp,classic,80,0.0,0.0,0.0,0.43079500636227125,0.18558433750666933,0.9457847820134473,2.967590256199712,0.061197916666666664,7.713784616598755,1.6094379124341003,0.6666666666666666,2.0,0.10526315789473684,0.0,0.95,4.219507705176107,0.2301815410455068,0.18619315607094195
7b_collapsed,yelp,classic,81,0.0,0.0,0.0,0.43079500636227125,0.18558433750666933,0.9457847820134473,2.967590256199712,0.061197916666666664,9.683837890476173,2.833213344056216,0.6625,1.0,0.42105263157894735,0.0,0.9,5.099866427824199,0.22938034733136492,0.14165648178168158
7b_collapsed,yelp,classic,82,0.0,0.6309297535714575,0.6309297535714575,0.43079500636227125,0.18558433750666933,0.9457847820134473,2.967590256199712,0.061197916666666664,8.065265208897733,1.3862943611198906,0.6625,2.0,0.42105263157894735,0.0,0.95,3.8501476017100584,0.0006494164466858132,0.16590651073690266
7b_collapsed,yelp,classic,83,0.0,0.6309297535714575,0.6309297535714575,0.43079500636227125,0.18558433750666933,0.9457847820134473,2.967590256199712,0.061197916666666664,8.101071503119543,1.9459101490553132,0.6625,1.0,0.3157894736842105,0.0,0.95,4.927253685157205,0.2320446034272512,0.1733796390995861
7b_collapsed,yelp,classic,84,1.0,0.0,-1.0,0.43079500636227125,0.18558433750666933,0.9457847820134473,2.967590256199712,0.061197916666666664,6.0112671744041615,0.6931471805599453,0.6458333333333333,3.0,0.0,0.0,0.85,2.833213344056216,0.0014047443866729292,0.12300795700515357
7b_collapsed,yelp,classic,85,0.0,0.0,0.0,0.43079500636227125,0.18558433750666933,0.9457847820134473,2.967590256199712,0.061197916666666664,7.884952945759814,1.6094379124341003,0.6666666666666666,2.0,0.15789473684210525,0.0,0.95,2.3978952727983707,0.46863714257876066,0.16526402208575378
7b_collapsed,yelp,classic,86,0.38685280723454163,0.0,-0.38685280723454163,0.43079500636227125,0.18558433750666933,0.9457847820134473,2.967590256199712,0.061197916666666664,5.942799375126701,0.6931471805599453,0.6666666666666666,1.0,0.21052631578947367,0.0,0.95,4.219507705176107,0.0008421063423157404,0.17842855888471512
7b_collapsed,yelp,classic,87,0.0,0.0,0.0,0.43079500636227125,0.18558433750666933,0.9457847820134473,2.967590256199712,0.061197916666666664,8.405367376233981,1.6094379124341003,0.6666666666666666,3.0,0.0,0.0,1.0,2.1972245773362196,0.1936072786649068,0.12474659783056935
7b_collapsed,yelp,classic,88,0.5,0.0,-0.5,0.43079500636227125,0.18558433750666933,0.9457847820134473,2.967590256199712,0.061197916666666664,7.4360278163518485,0.6931471805599453,0.6541666666666666,2.0,0.3157894736842105,0.0,1.0,3.6109179126442243,0.2772064765294393,0.13336731137650157
7b_collapsed,yelp,classic,89,0.38685280723454163,0.0,-0.38685280723454163,0.43079500636227125,0.18558433750666933,0.9457847820134473,2.967590256199712,0.061197916666666664,8.68676717538769,2.639057329615259,0.6625,2.0,0.21052631578947367,0.0,0.9,3.9318256327243257,0.22970637877782185,0.14784259692089466
7b_collapsed,yelp,classic,90,0.6309297535714575,0.0,-0.6309297535714575,0.43079500636227125,0.18558433750666933,0.9457847820134473,2.967590256199712,0.061197916666666664,5.978885764901122,0.6931471805599453,0.6666666666666666,3.0,0.0,0.0,0.95,2.70805020110221,0.0007452428340911643,0.09966136997347212
7b_collapsed,yelp,classic,91,0.0,0.0,0.0,0.43079500636227125,0.18558433750666933,0.9457847820134473,2.967590256199712,0.061197916666666664,7.719129840906732,1.3862943611198906,0.6666666666666666,2.0,0.15789473684210525,0.0,1.0,3.091042453358316,0.22365499337514239,0.12713057042342119
7b_collapsed,yelp,classic,92,0.0,0.43067655807339306,0.43067655807339306,0.43079500636227125,0.18558433750666933,0.9457847820134473,2.967590256199712,0.061197916666666664,6.018593214496234,0.6931471805599453,0.6666666666666666,3.0,0.0,0.0,0.85,4.795790545596741,0.23552509148915612,0.13157227467754384
7b_collapsed,yelp,classic,93,0.0,1.0,1.0,0.43079500636227125,0.18558433750666933,0.9457847820134473,2.967590256199712,0.061197916666666664,10.460786372659188,3.5553480614894135,0.6625,3.0,0.0,0.0,1.0,4.477336814478207,0.0050702691078186035,0.1287279735797275
7b_collapsed,yelp,classic,94,0.6309297535714575,1.0,0.36907024642854247,0.43079500636227125,0.18558433750666933,0.9457847820134473,2.967590256199712,0.061197916666666664,8.01532730902172,1.791759469228055,0.6625,1.0,0.3157894736842105,0.0,1.0,4.356708826689592,0.23370517690976467,0.19456917769136461
7b_collapsed,yelp,classic,95,0.0,0.0,0.0,0.43079500636227125,0.18558433750666933,0.9457847820134473,2.967590256199712,0.061197916666666664,6.541029999189903,0.6931471805599453,0.6666666666666666,1.0,0.3684210526315789,0.0,0.95,4.820281565605037,0.002075779438018732,0.11170224096279903
7b_collapsed,yelp,classic,96,0.0,1.0,1.0,0.43079500636227125,0.18558433750666933,0.9457847820134473,2.967590256199712,0.061197916666666664,7.370860166536716,1.6094379124341003,0.6666666666666666,0.0,0.2631578947368421,0.05263157894736842,0.9,4.553876891600541,0.006464427709579557,0.1584223809883628
7b_collapsed,yelp,classic,97,0.0,0.0,0.0,0.43079500636227125,0.18558433750666933,0.9457847820134473,2.967590256199712,0.061197916666666664,7.1770187659099,0.6931471805599453,0.6625,3.0,0.0,0.0,1.0,2.3978952727983707,0.004635876417160012,0.1258128290133756
7b_collapsed,yelp,classic,98,0.0,0.0,0.0,0.43079500636227125,0.18558433750666933,0.9457847820134473,2.967590256199712,0.061197916666666664,6.16541785423142,0.6931471805599453,0.6583333333333333,2.0,0.2631578947368421,0.0,0.9,5.147494476813453,0.24343723257382704,0.13101032486003844
7b_collapsed,yelp,classic,99,0.0,0.0,0.0,0.43079500636227125,0.18558433750666933,0.9457847820134473,2.967590256199712,0.061197916666666664,8.148445666243235,1.0986122886681096,0.6541666666666666,2.0,0.05263157894736842,0.0,0.9,1.791759469228055,0.23434906800587973,0.20618192749475642
7b_collapsed,yelp,classic,100,0.38685280723454163,0.0,-0.38685280723454163,0.43079500636227125,0.18558433750666933,0.9457847820134473,2.967590256199712,0.061197916666666664,10.637080656910605,4.02535169073515,0.6666666666666666,1.0,0.2631578947368421,0.0,0.9,3.367295829986474,0.2305968006451924,0.13575217096477174
7b_collapsed,yelp,classic,101,0.38685280723454163,0.38685280723454163,0.0,0.43079500636227125,0.18558433750666933,0.9457847820134473,2.967590256199712,0.061197916666666664,8.255568653283746,1.6094379124341003,0.6583333333333333,2.0,0.10526315789473684,0.0,1.0,3.8918202981106265,0.20133474071820578,0.12259259917186202
7b_collapsed,yelp,classic,102,0.0,0.0,0.0,0.43079500636227125,0.18558433750666933,0.9457847820134473,2.967590256199712,0.061197916666666664,7.490529402060711,1.0986122886681096,0.6625,2.0,0.05263157894736842,0.0,1.0,3.713572066704308,0.22142525513966882,0.14988627582594793
7b_collapsed,yelp,classic,103,0.0,0.5,0.5,0.43079500636227125,0.18558433750666933,0.9457847820134473,2.967590256199712,0.061197916666666664,6.249975242259483,0.6931471805599453,0.6666666666666666,1.0,0.2631578947368421,0.0,0.95,4.543294782270004,0.0038163900375366433,0.10349040567927999
7b_collapsed,yelp,classic,104,0.6309297535714575,0.0,-0.6309297535714575,0.43079500636227125,0.18558433750666933,0.9457847820134473,2.967590256199712,0.061197916666666664,7.160845906664299,0.6931471805599453,0.6625,1.0,0.15789473684210525,0.0,0.85,3.6375861597263857,0.2284553607304891,0.14519284293040655
7b_collapsed,yelp,classic,105,0.5,1.0,0.5,0.43079500636227125,0.18558433750666933,0.9457847820134473,2.967590256199712,0.061197916666666664,7.206377291472252,1.0986122886681096,0.6625,0.0,0.5263157894736842,0.05263157894736842,0.9,5.262690188904886,0.23710991938908899,0.20427534560488556
7b_collapsed,yelp,classic,106,0.0,0.0,0.0,0.43079500636227125,0.18558433750666933,0.9457847820134473,2.967590256199712,0.061197916666666664,9.633710883953182,3.1780538303479458,0.6625,3.0,0.0,0.0,0.95,4.23410650459726,0.00013425350189200103,0.14460714350943912
7b_collapsed,yelp,classic,107,0.5,0.5,0.0,0.43079500636227125,0.18558433750666933,0.9457847820134473,2.967590256199712,0.061197916666666664,10.576406515249081,4.672828834461906,0.6625,2.0,0.15789473684210525,0.0,1.0,3.258096538021482,0.2273549755414327,0.14379485819519744
7b_collapsed,yelp,classic,108,1.0,0.38685280723454163,-0.6131471927654584,0.43079500636227125,0.18558433750666933,0.9457847820134473,2.967590256199712,0.061197916666666664,6.949856455000773,0.6931471805599453,0.6666666666666666,3.0,0.0,0.0,0.95,3.4011973816621555,0.0034804522991180864,0.10815376799486916
7b_collapsed,yelp,classic,109,1.0,1.0,0.0,0.43079500636227125,0.18558433750666933,0.9457847820134473,2.967590256199712,0.061197916666666664,6.175867270105761,0.6931471805599453,0.6625,2.0,0.15789473684210525,0.0,1.0,4.663439094112067,0.00026691555976865455,0.1130944971818498
7b_collapsed,yelp,classic,110,0.6309297535714575,1.0,0.36907024642854247,0.43079500636227125,0.18558433750666933,0.9457847820134473,2.967590256199712,0.061197916666666664,7.075808863978387,0.6931471805599453,0.6666666666666666,3.0,0.0,0.0,0.95,4.477336814478207,0.0006449103355408159,0.1614814680800747
7b_collapsed,yelp,classic,111,0.0,0.43067655807339306,0.43067655807339306,0.43079500636227125,0.18558433750666933,0.9457847820134473,2.967590256199712,0.061197916666666664,6.486160788944089,0.6931471805599453,0.6666666666666666,2.0,0.15789473684210525,0.0,1.0,3.4657359027997265,0.23508413632710767,0.14095778751788746
7b_collapsed,yelp,classic,112,0.6309297535714575,0.5,-0.13092975357145753,0.43079500636227125,0.18558433750666933,0.9457847820134473,2.967590256199712,0.061197916666666664,6.07073772800249,0.6931471805599453,0.6666666666666666,3.0,0.0,0.0,1.0,2.4849066497880004,0.0005533039569853848,0.11526219429669847
7b_collapsed,yelp,classic,113,0.6309297535714575,0.6309297535714575,0.0,0.43079500636227125,0.18558433750666933,0.9457847820134473,2.967590256199712,0.061197916666666664,9.874058741845316,3.1354942159291497,0.6583333333333333,2.0,0.2631578947368421,0.0,0.95,2.0794415416798357,0.002212017774581909,0.13088899920345184
7b_collapsed,yelp,classic,114,0.0,0.0,0.0,0.43079500636227125,0.18558433750666933,0.9457847820134473,2.967590256199712,0.061197916666666664,6.92951677076365,1.0986122886681096,0.6666666666666666,2.0,0.15789473684210525,0.0,1.0,3.258096538021482,0.23274079759915667,0.1402546478322415
7b_collapsed,yelp,classic,115,0.0,1.0,1.0,0.43079500636227125,0.18558433750666933,0.9457847820134473,2.967590256199712,0.061197916666666664,7.611842399580417,1.3862943611198906,0.6625,2.0,0.42105263157894735,0.0,0.9,4.787491742782046,0.0069637835025787576,0.15817791727092742
7b_collapsed,yelp,classic,116,0.6309297535714575,0.38685280723454163,-0.2440769463369159,0.43079500636227125,0.18558433750666933,0.9457847820134473,2.967590256199712,0.061197916666666664,10.647018864320016,3.7376696182833684,0.6666666666666666,1.0,0.21052631578947367,0.0,1.0,3.784189633918261,0.0011688888072968195,0.11980644344118514
7b_collapsed,yelp,classic,117,0.0,0.0,0.0,0.43079500636227125,0.18558433750666933,0.9457847820134473,2.967590256199712,0.061197916666666664,9.049114723476961,2.5649493574615367,0.6583333333333333,3.0,0.0,0.0,1.0,2.3978952727983707,0.2321302731831868,0.15315852356722495
7b_collapsed,yelp,classic,118,0.43067655807339306,0.0,-0.43067655807339306,0.43079500636227125,0.18558433750666933,0.9457847820134473,2.967590256199712,0.061197916666666664,9.311451873344595,2.639057329615259,0.6666666666666666,2.0,0.15789473684210525,0.0,0.95,0.6931471805599453,0.2361368497212728,0.1384795456965391
7b_collapsed,yelp,classic,119,0.0,0.0,0.0,0.43079500636227125,0.18558433750666933,0.9457847820134473,2.967590256199712,0.061197916666666664,6.890609120147166,1.0986122886681096,0.6541666666666666,3.0,0.0,0.0,0.95,3.1354942159291497,0.0012728333473206455,0.1979563312757441
7b_collapsed,yelp,classic,120,0.0,0.0,0.0,0.43079500636227125,0.18558433750666933,0.9457847820134473,2.967590256199712,0.061197916666666664,9.254357257392957,3.091042453358316,0.6583333333333333,2.0,0.05263157894736842,0.0,0.95,1.791759469228055,0.0004998922348022905,0.12083850475956141
7b_collapsed,yelp,classic,121,0.6309297535714575,0.5,-0.13092975357145753,0.43079500636227125,0.18558433750666933,0.9457847820134473,2.967590256199712,0.061197916666666664,8.471358655072438,1.9459101490553132,0.6625,2.0,0.21052631578947367,0.0,0.95,3.258096538021482,0.0007359802722931574,0.15481513236302208
7b_collapsed,yelp,classic,122,1.0,0.0,-1.0,0.43079500636227125,0.18558433750666933,0.9457847820134473,2.967590256199712,0.061197916666666664,9.226213721132472,2.302585092994046,0.6666666666666666,2.0,0.05263157894736842,0.0,0.95,3.258096538021482,0.000462949275970459,0.12876986615938107
7b_collapsed,yelp,classic,123,1.0,1.0,0.0,0.43079500636227125,0.18558433750666933,0.9457847820134473,2.967590256199712,0.061197916666666664,6.895682697747868,1.0986122886681096,0.6583333333333333,0.0,0.21052631578947367,0.05263157894736842,0.85,3.295836866004329,0.004307967424392656,0.23873326614813886
7b_collapsed,yelp,classic,124,1.0,0.43067655807339306,-0.5693234419266069,0.43079500636227125,0.18558433750666933,0.9457847820134473,2.967590256199712,0.061197916666666664,8.293049139768444,1.6094379124341003,0.6666666666666666,3.0,0.0,0.0,0.95,3.8066624897703196,0.0004794001579284668,0.15819204261406786
7b_collapsed,yelp,classic,125,0.0,1.0,1.0,0.43079500636227125,0.18558433750666933,0.9457847820134473,2.967590256199712,0.061197916666666664,7.962763930168115,1.6094379124341003,0.6666666666666666,0.0,0.3157894736842105,0.05263157894736842,0.95,3.091042453358316,0.0007934510707855447,0.11148917795710686
7b_collapsed,yelp,classic,126,0.6309297535714575,0.5,-0.13092975357145753,0.43079500636227125,0.18558433750666933,0.9457847820134473,2.967590256199712,0.061197916666666664,5.872117789475416,0.6931471805599453,0.6666666666666666,2.0,0.15789473684210525,0.0,1.0,3.713572066704308,0.01389117836952214,0.1542912131758302
7b_collapsed,yelp,classic,127,0.0,0.0,0.0,0.43079500636227125,0.18558433750666933,0.9457847820134473,2.967590256199712,0.061197916666666664,10.594081476308356,4.6443908991413725,0.6625,1.0,0.47368421052631576,0.0,1.0,2.70805020110221,0.0009546160697936346,0.1890930600048615
7b_collapsed,yelp,classic,128,0.0,0.0,0.0,0.43079500636227125,0.18558433750666933,0.9457847820134473,2.967590256199712,0.061197916666666664,7.028201432058005,1.0986122886681096,0.6666666666666666,2.0,0.3684210526315789,0.0,0.95,2.3978952727983707,0.008141863346099787,0.1452388590949957
7b_collapsed,yelp,classic,129,0.38685280723454163,0.5,0.11314719276545837,0.43079500636227125,0.18558433750666933,0.9457847820134473,2.967590256199712,0.061197916666666664,7.22983877815125,0.6931471805599453,0.6625,3.0,0.0,0.0,1.0,2.833213344056216,0.2356428404649098,0.14192476251289
7b_collapsed,yelp,classic,130,0.6309297535714575,0.5,-0.13092975357145753,0.43079500636227125,0.18558433750666933,0.9457847820134473,2.967590256199712,0.061197916666666664,6.126869184114185,0.6931471805599453,0.6666666666666666,3.0,0.0,0.0,0.95,3.1780538303479458,0.0032307028770446333,0.09111819743462306
7b_collapsed,yelp,classic,131,0.38685280723454163,0.0,-0.38685280723454163,0.43079500636227125,0.18558433750666933,0.9457847820134473,2.967590256199712,0.061197916666666664,9.48524111006323,2.3978952727983707,0.6666666666666666,2.0,0.10526315789473684,0.0,0.9,0.6931471805599453,0.0005116581916809748,0.1146733267316554
7b_collapsed,yelp,classic,132,0.5,0.0,-0.5,0.43079500636227125,0.18558433750666933,0.9457847820134473,2.967590256199712,0.061197916666666664,8.351846738828245,1.9459101490553132,0.6666666666666666,1.0,0.3684210526315789,0.0,0.9,5.147494476813453,0.008990156650543146,0.1374010032511066
7b_collapsed,yelp,classic,133,1.0,1.0,0.0,0.43079500636227125,0.18558433750666933,0.9457847820134473,2.967590256199712,0.061197916666666664,7.842278779117352,1.3862943611198906,0.6625,2.0,0.21052631578947367,0.0,0.95,3.6888794541139363,6.092190742490455e-05,0.1854338387254345
7b_collapsed,yelp,classic,134,0.6309297535714575,0.0,-0.6309297535714575,0.43079500636227125,0.18558433750666933,0.9457847820134473,2.967590256199712,0.061197916666666664,7.579167967396076,1.0986122886681096,0.6625,2.0,0.05263157894736842,0.0,1.0,3.258096538021482,0.23452652295430498,0.14990821042797361
7b_collapsed,yelp,classic,135,0.38685280723454163,0.6309297535714575,0.2440769463369159,0.43079500636227125,0.18558433750666933,0.9457847820134473,2.967590256199712,0.061197916666666664,5.921578419643816,0.6931471805599453,0.6666666666666666,1.0,0.21052631578947367,0.0,0.95,4.060443010546419,0.0026523828506469505,0.07329089783866673
7b_collapsed,yelp,classic,136,1.0,0.38685280723454163,-0.6131471927654584,0.43079500636227125,0.18558433750666933,0.9457847820134473,2.967590256199712,0.061197916666666664,7.791935956938058,1.791759469228055,0.6666666666666666,3.0,0.0,0.0,1.0,2.1972245773362196,0.0005050241947174294,0.1076726527578777
7b_collapsed,yelp,classic,137,0.0,0.0,0.0,0.43079500636227125,0.18558433750666933,0.9457847820134473,2.967590256199712,0.061197916666666664,6.0063531596017325,0.6931471805599453,0.6666666666666666,1.0,0.21052631578947367,0.0,0.95,3.784189633918261,0.0006414234638213445,0.10433819811270148
7b_collapsed,yelp,classic,138,0.0,0.0,0.0,0.43079500636227125,0.18558433750666933,0.9457847820134473,2.967590256199712,0.061197916666666664,9.13259502335133,2.3978952727983707,0.6625,3.0,0.0,0.0,0.8,2.3978952727983707,0.0013549447059630904,0.08769526994722299
7b_collapsed,yelp,classic,139,1.0,0.6309297535714575,-0.36907024642854247,0.43079500636227125,0.18558433750666933,0.9457847820134473,2.967590256199712,0.061197916666666664,9.688126141663973,3.1780538303479458,0.6666666666666666,1.0,0.10526315789473684,0.0,1.0,3.4965075614664802,0.23323793609937027,0.13529871900175702
7b_collapsed,yelp,classic,140,0.0,0.5,0.5,0.43079500636227125,0.18558433750666933,0.9457847820134473,2.967590256199712,0.061197916666666664,9.080003870248179,2.5649493574615367,0.6666666666666666,1.0,0.3157894736842105,0.0,0.9,3.367295829986474,0.0034786283969879817,0.11869324540079655
7b_collapsed,yelp,classic,141,0.0,0.0,0.0,0.43079500636227125,0.18558433750666933,0.9457847820134473,2.967590256199712,0.061197916666666664,10.653936192260108,4.672828834461906,0.6541666666666666,1.0,0.5789473684210527,0.0,0.95,3.258096538021482,0.0009234488010406716,0.11740185810138414
7b_collapsed,yelp,classic,142,0.0,0.0,0.0,0.43079500636227125,0.18558433750666933,0.9457847820134473,2.967590256199712,0.061197916666666664,5.908082938168931,0.6931471805599453,0.6666666666666666,0.0,0.3684210526315789,0.05263157894736842,0.95,3.091042453358316,0.0018110990524292658,0.11449896654760566
7b_collapsed,yelp,classic,143,0.5,0.0,-0.5,0.43079500636227125,0.18558433750666933,0.9457847820134473,2.967590256199712,0.061197916666666664,6.393590753950631,0.6931471805599453,0.6666666666666666,2.0,0.3157894736842105,0.0,0.95,4.6443908991413725,0.002214825153350808,0.10496192204337215
7b_collapsed,yelp,classic,144,1.0,0.0,-1.0,0.43079500636227125,0.18558433750666933,0.9457847820134473,2.967590256199712,0.061197916666666664,6.576469569048224,0.6931471805599453,0.6666666666666666,1.0,0.2631578947368421,0.0,1.0,3.6888794541139363,0.02227812409400942,0.1556936136005646
7b_collapsed,yelp,classic,145,0.0,0.0,0.0,0.43079500636227125,0.18558433750666933,0.9457847820134473,2.967590256199712,0.061197916666666664,7.5766097669730375,1.0986122886681096,0.6625,0.0,0.2631578947368421,0.05263157894736842,0.95,4.927253685157205,0.0020430207252503108,0.09905648775886627
7b_collapsed,yelp,classic,146,0.38685280723454163,0.43067655807339306,0.04382375083885143,0.43079500636227125,0.18558433750666933,0.9457847820134473,2.967590256199712,0.061197916666666664,6.580639137284949,1.0986122886681096,0.6666666666666666,1.0,0.3157894736842105,0.0,0.95,3.8501476017100584,0.005063438415527366,0.10300143034728022
7b_collapsed,yelp,classic,147,0.43067655807339306,0.5,0.06932344192660694,0.43079500636227125,0.18558433750666933,0.9457847820134473,2.967590256199712,0.061197916666666664,7.080867896690782,1.3862943611198906,0.6625,1.0,0.10526315789473684,0.0,1.0,3.6109179126442243,0.23313640554745985,0.1687525694249371
7b_collapsed,yelp,classic,148,0.0,0.43067655807339306,0.43067655807339306,0.43079500636227125,0.18558433750666933,0.9457847820134473,2.967590256199712,0.061197916666666664,8.203304026795282,2.0794415416798357,0.6625,3.0,0.0,0.0,0.95,3.7376696182833684,0.23714391191800432,0.16820696930031728
7b_collapsed,yelp,classic,149,0.6309297535714575,0.6309297535714575,0.0,0.43079500636227125,0.18558433750666933,0.9457847820134473,2.967590256199712,0.061197916666666664,8.495356496807062,2.302585092994046,0.6666666666666666,2.0,0.21052631578947367,0.0,1.0,2.302585092994046,0.23252816994984948,0.13644551558326085
7b_collapsed,yelp,classic,150,0.0,0.0,0.0,0.43079500636227125,0.18558433750666933,0.9457847820134473,2.967590256199712,0.061197916666666664,8.62622695244036,2.0794415416798357,0.6666666666666666,2.0,0.21052631578947367,0.0,0.9,3.332204510175204,0.0037866353988647017,0.08654058161898766
7b_collapsed,yelp,classic,151,0.43067655807339306,0.0,-0.43067655807339306,0.43079500636227125,0.18558433750666933,0.9457847820134473,2.967590256199712,0.061197916666666664,7.038783541388542,1.0986122886681096,0.6666666666666666,3.0,0.0,0.0,0.95,3.258096538021482,0.006593620777130105,0.2012249264186523
7b_collapsed,yelp,classic,152,0.43067655807339306,0.43067655807339306,0.0,0.43079500636227125,0.18558433750666933,0.9457847820134473,2.967590256199712,0.061197916666666664,9.945732534129874,3.091042453358316,0.6625,1.0,0.10526315789473684,0.0,0.95,3.6109179126442243,0.0037031471729278564,0.12439025253814134
7b_collapsed,yelp,classic,153,0.0,0.0,0.0,0.43079500636227125,0.18558433750666933,0.9457847820134473,2.967590256199712,0.061197916666666664,6.731018100482083,1.0986122886681096,0.6666666666666666,2.0,0.10526315789473684,0.0,0.95,3.367295829986474,0.004604887962341375,0.14446801692814853
7b_collapsed,yelp,classic,154,0.0,0.0,0.0,0.43079500636227125,0.18558433750666933,0.9457847820134473,2.967590256199712,0.061197916666666664,7.389563953677635,1.0986122886681096,0.6666666666666666,2.0,0.15789473684210525,0.0,1.0,2.3978952727983707,0.0015212237834929532,0.180203084594907
7b_collapsed,yelp,classic,155,0.43067655807339306,0.5,0.06932344192660694,0.43079500636227125,0.18558433750666933,0.9457847820134473,2.967590256199712,0.061197916666666664,10.237492462093485,3.828641396489095,0.6583333333333333,0.0,0.3684210526315789,0.10526315789473684,0.85,4.927253685157205,0.00013988614082338646,0.12321656310631363
7b_collapsed,yelp,classic,156,0.6309297535714575,0.5,-0.13092975357145753,0.43079500636227125,0.18558433750666933,0.9457847820134473,2.967590256199712,0.061197916666666664,10.558595321930772,4.143134726391533,0.6541666666666666,3.0,0.0,0.0,0.95,3.784189633918261,0.0003288388252258301,0.13348670099088258
7b_collapsed,yelp,classic,157,0.6309297535714575,0.6309297535714575,0.0,0.43079500636227125,0.18558433750666933,0.9457847820134473,2.967590256199712,0.061197916666666664,7.168579897264035,1.3862943611198906,0.6666666666666666,3.0,0.0,0.0,0.95,3.1780538303479458,0.06289284825325003,0.0936394803122347
7b_collapsed,yelp,classic,158,0.0,1.0,1.0,0.43079500636227125,0.18558433750666933,0.9457847820134473,2.967590256199712,0.061197916666666664,5.963579343618446,0.6931471805599453,0.6583333333333333,0.0,0.42105263157894735,0.05263157894736842,0.95,3.6109179126442243,0.0004038333892822932,0.1938206695470011
7b_collapsed,yelp,classic,159,1.0,1.0,0.0,0.43079500636227125,0.18558433750666933,0.9457847820134473,2.967590256199712,0.061197916666666664,7.505492274737424,1.0986122886681096,0.6666666666666666,3.0,0.0,0.0,0.9,2.70805020110221,0.24398390253384905,0.1414328402394526
7b_collapsed,yelp,classic,160,1.0,1.0,0.0,0.43079500636227125,0.18558433750666933,0.9457847820134473,2.967590256199712,0.061197916666666664,6.18826412308259,0.6931471805599453,0.6625,2.0,0.05263157894736842,0.0,0.95,5.1298987149230735,0.23205415209134417,0.15160431141216515
7b_collapsed,yelp,classic,161,0.0,0.0,0.0,0.43079500636227125,0.18558433750666933,0.9457847820134473,2.967590256199712,0.061197916666666664,9.3350328159335,2.1972245773362196,0.6666666666666666,2.0,0.10526315789473684,0.0,1.0,1.6094379124341003,0.004696297645568892,0.09105181306735204
7b_collapsed,yelp,classic,162,0.0,0.0,0.0,0.43079500636227125,0.18558433750666933,0.9457847820134473,2.967590256199712,0.061197916666666664,8.142354276849835,1.6094379124341003,0.6625,0.0,0.5789473684210527,0.05263157894736842,0.95,5.262690188904886,0.0020958065986633745,0.1595753223934389
7b_collapsed,yelp,classic,163,0.6309297535714575,0.6309297535714575,0.0,0.43079500636227125,0.18558433750666933,0.9457847820134473,2.967590256199712,0.061197916666666664,8.185628891147607,1.6094379124341003,0.6625,2.0,0.05263157894736842,0.0,0.95,3.8501476017100584,0.23717602690060935,0.20274853871671097
7b_collapsed,yelp,classic,164,1.0,0.5,-0.5,0.43079500636227125,0.18558433750666933,0.9457847820134473,2.967590256199712,0.061197916666666664,6.854354502255021,1.0986122886681096,0.6666666666666666,3.0,0.0,0.0,0.9,0.6931471805599453,0.0011221468448638916,0.1134068799982941
7b_collapsed,yelp,classic,165,0.0,0.5,0.5,0.43079500636227125,0.18558433750666933,0.9457847820134473,2.967590256199712,0.061197916666666664,7.1180162044653335,1.0986122886681096,0.6666666666666666,2.0,0.05263157894736842,0.0,0.9,3.8501476017100584,4.273653030395508e-05,0.19029408946639326
7b_collapsed,yelp,classic,166,0.0,0.0,0.0,0.43079500636227125,0.18558433750666933,0.9457847820134473,2.967590256199712,0.061197916666666664,6.522092798170152,0.6931471805599453,0.6666666666666666,2.0,0.05263157894736842,0.0,0.95,5.093750200806762,0.261720206340154,0.06153521490642154
7b_collapsed,yelp,classic,167,0.5,0.6309297535714575,0.13092975357145753,0.43079500636227125,0.18558433750666933,0.9457847820134473,2.967590256199712,0.061197916666666664,6.812345094177479,1.0986122886681096,0.6666666666666666,2.0,0.3157894736842105,0.0,0.9,5.093750200806762,0.2328121622403463,0.14352712663553271
7b_collapsed,yelp,classic,168,0.0,0.0,0.0,0.43079500636227125,0.18558433750666933,0.9457847820134473,2.967590256199712,0.061197916666666664,8.610319169405722,2.302585092994046,0.6625,2.0,0.10526315789473684,0.0,1.0,3.8918202981106265,0.2322504897912343,0.13508191646478301
7b_collapsed,yelp,classic,169,0.0,0.0,0.0,0.43079500636227125,0.18558433750666933,0.9457847820134473,2.967590256199712,0.061197916666666664,7.020190708311925,0.6931471805599453,0.6583333333333333,2.0,0.3157894736842105,0.0,1.0,5.0369526024136295,0.003479951620101951,0.20095552764590874
7b_collapsed,yelp,classic,170,0.5,0.38685280723454163,-0.11314719276545837,0.43079500636227125,0.18558433750666933,0.9457847820134473,2.967590256199712,0.061197916666666664,9.149953221961088,2.3978952727983707,0.6625,2.0,0.15789473684210525,0.0,0.95,3.784189633918261,0.0009142398834229848,0.18527415767443556
7b_collapsed,yelp,classic,171,0.0,0.0,0.0,0.43079500636227125,0.18558433750666933,0.9457847820134473,2.967590256199712,0.061197916666666664,10.152766577454964,2.833213344056216,0.6625,1.0,0.47368421052631576,0.0,0.95,3.258096538021482,0.23431523640950525,0.14635173320437248
7b_collapsed,yelp,classic,172,0.0,0.0,0.0,0.43079500636227125,0.18558433750666933,0.9457847820134473,2.967590256199712,0.061197916666666664,6.171700597410915,0.6931471805599453,0.6625,2.0,0.05263157894736842,0.0,1.0,4.3694478524670215,0.016766881942749,0.16503900379055106
7b_collapsed,yelp,classic,173,0.0,0.0,0.0,0.43079500636227125,0.18558433750666933,0.9457847820134473,2.967590256199712,0.061197916666666664,9.795568210316635,3.091042453358316,0.6666666666666666,2.0,0.21052631578947367,0.0,1.0,3.9318256327243257,0.0007857799530028853,0.1704593520417741
7b_collapsed,yelp,classic,174,0.6309297535714575,0.0,-0.6309297535714575,0.43079500636227125,0.18558433750666933,0.9457847820134473,2.967590256199712,0.061197916666666664,7.268920128193722,0.6931471805599453,0.6666666666666666,3.0,0.0,0.0,0.9,3.367295829986474,0.23270254929860434,0.13918453194595196
7b_collapsed,yelp,classic,175,1.0,0.5,-0.5,0.43079500636227125,0.18558433750666933,0.9457847820134473,2.967590256199712,0.061197916666666664,6.78897174299217,0.6931471805599453,0.6541666666666666,0.0,0.47368421052631576,0.05263157894736842,0.9,4.927253685157205,0.003050512075424172,0.15315613883434948
7b_collapsed,yelp,classic,176,0.6309297535714575,1.0,0.36907024642854247,0.43079500636227125,0.18558433750666933,0.9457847820134473,2.967590256199712,0.061197916666666664,6.336825731146441,0.6931471805599453,0.6666666666666666,3.0,0.0,0.0,0.95,4.477336814478207,0.21249283750851944,0.1372294179131548
7b_collapsed,yelp,classic,177,1.0,1.0,0.0,0.43079500636227125,0.18558433750666933,0.9457847820134473,2.967590256199712,0.061197916666666664,6.173786103901937,0.6931471805599453,0.6666666666666666,2.0,0.10526315789473684,0.0,0.9,4.219507705176107,0.008023774623870827,0.09498714210520433
7b_collapsed,yelp,classic,178,0.0,0.0,0.0,0.43079500636227125,0.18558433750666933,0.9457847820134473,2.967590256199712,0.061197916666666664,7.323170717943469,1.3862943611198906,0.6666666666666666,3.0,0.0,0.0,1.0,1.0986122886681096,0.011653125286102295,0.14729632719166755
7b_collapsed,yelp,classic,179,0.5,0.38685280723454163,-0.11314719276545837,0.43079500636227125,0.18558433750666933,0.9457847820134473,2.967590256199712,0.061197916666666664,6.35088571671474,0.6931471805599453,0.6666666666666666,1.0,0.10526315789473684,0.0,0.9,3.9889840465642745,0.0003729701042175515,0.10849863410519699
7b_collapsed,yelp,classic,180,0.0,0.0,0.0,0.43079500636227125,0.18558433750666933,0.9457847820134473,2.967590256199712,0.061197916666666664,9.557964480394498,2.302585092994046,0.6666666666666666,2.0,0.15789473684210525,0.0,0.9,3.367295829986474,0.0012376248836516446,0.16403278055951023
7b_collapsed,yelp,classic,181,0.38685280723454163,0.0,-0.38685280723454163,0.43079500636227125,0.18558433750666933,0.9457847820134473,2.967590256199712,0.061197916666666664,5.91350300563827,0.6931471805599453,0.6666666666666666,3.0,0.0,0.0,1.0,3.332204510175204,0.4708023111025492,0.1777035388324199
7b_collapsed,yelp,classic,182,0.0,0.0,0.0,0.43079500636227125,0.18558433750666933,0.9457847820134473,2.967590256199712,0.061197916666666664,8.241966560231802,2.0794415416798357,0.6666666666666666,2.0,0.05263157894736842,0.0,0.95,3.4657359027997265,0.003166687488555864,0.1277595458161734
7b_collapsed,yelp,classic,183,0.38685280723454163,1.0,0.6131471927654584,0.43079500636227125,0.18558433750666933,0.9457847820134473,2.967590256199712,0.061197916666666664,6.486160788944089,0.6931471805599453,0.6666666666666666,2.0,0.10526315789473684,0.0,1.0,3.6888794541139363,0.2319946070512135,0.056861809612511235
7b_collapsed,yelp,classic,184,0.6309297535714575,0.6309297535714575,0.0,0.43079500636227125,0.18558433750666933,0.9457847820134473,2.967590256199712,0.061197916666666664,8.776630098427717,1.9459101490553132,0.6666666666666666,1.0,0.2631578947368421,0.0,1.0,4.174387269895637,0.0023589491844177024,0.12627895697228442
7b_collapsed,yelp,classic,185,0.0,0.0,0.0,0.43079500636227125,0.18558433750666933,0.9457847820134473,2.967590256199712,0.061197916666666664,8.402231172946555,2.0794415416798357,0.6583333333333333,0.0,0.5789473684210527,0.10526315789473684,0.9,5.262690188904886,0.22505271037419627,0.14319475034254742
7b_collapsed,yelp,classic,186,0.43067655807339306,0.0,-0.43067655807339306,0.43079500636227125,0.18558433750666933,0.9457847820134473,2.967590256199712,0.061197916666666664,7.027314514039777,0.6931471805599453,0.6625,3.0,0.0,0.0,0.9,2.3978952727983707,0.23081239660580954,0.14438303127029967
7b_collapsed,yelp,classic,187,0.43067655807339306,0.0,-0.43067655807339306,0.43079500636227125,0.18558433750666933,0.9457847820134473,2.967590256199712,0.061197916666666664,6.71174039505618,0.6931471805599453,0.6666666666666666,2.0,0.05263157894736842,0.0,0.95,4.0943445622221,0.2332850714524587,0.14110062976759635
7b_collapsed,yelp,classic,188,0.0,0.0,0.0,0.43079500636227125,0.18558433750666933,0.9457847820134473,2.967590256199712,0.061197916666666664,9.52806656577634,3.2188758248682006,0.6625,1.0,0.15789473684210525,0.0,0.95,2.1972245773362196,0.23171581824620557,0.1441872157329869
7b_collapsed,yelp,classic,189,1.0,0.0,-1.0,0.43079500636227125,0.18558433750666933,0.9457847820134473,2.967590256199712,0.061197916666666664,8.039802343736485,1.3862943611198906,0.6625,2.0,0.05263157894736842,0.0,1.0,3.713572066704308,0.0006102025508880615,0.18264726011465326
7b_collapsed,yelp,classic,190,0.0,1.0,1.0,0.43079500636227125,0.18558433750666933,0.9457847820134473,2.967590256199712,0.061197916666666664,6.784457062637643,0.6931471805599453,0.6583333333333333,2.0,0.05263157894736842,0.0,1.0,3.9318256327243257,0.2628314097722371,0.14410174937032844
7b_collapsed,yelp,classic,191,0.0,0.0,0.0,0.43079500636227125,0.18558433750666933,0.9457847820134473,2.967590256199712,0.061197916666666664,8.990566138131577,2.5649493574615367,0.6625,2.0,0.2631578947368421,0.0,0.95,4.787491742782046,0.0033684253692627397,0.09080280450668418
7b_collapsed,yelp,classic,192,0.6309297535714575,0.0,-0.6309297535714575,0.43079500636227125,0.18558433750666933,0.9457847820134473,2.967590256199712,0.061197916666666664,7.122059881629142,0.6931471805599453,0.6666666666666666,3.0,0.0,0.0,0.8,3.9318256327243257,0.001191151142120428,0.159576852639322
7b_collapsed,yelp,classic,193,0.38685280723454163,0.0,-0.38685280723454163,0.43079500636227125,0.18558433750666933,0.9457847820134473,2.967590256199712,0.061197916666666664,8.764053269347762,2.1972245773362196,0.6625,3.0,0.0,0.0,0.95,3.4011973816621555,0.0020487248897552712,0.18436107493949883
7b_collapsed,yelp,classic,194,0.5,0.38685280723454163,-0.11314719276545837,0.43079500636227125,0.18558433750666933,0.9457847820134473,2.967590256199712,0.061197916666666664,6.297109319933935,0.6931471805599453,0.6625,2.0,0.05263157894736842,0.0,1.0,3.8918202981106265,0.0037417173385619895,0.12172176620485921
7b_collapsed,yelp,classic,195,0.38685280723454163,0.5,0.11314719276545837,0.43079500636227125,0.18558433750666933,0.9457847820134473,2.967590256199712,0.061197916666666664,6.091309882077698,0.6931471805599453,0.6666666666666666,2.0,0.15789473684210525,0.0,0.95,3.367295829986474,0.002950662374496482,0.10390831512602335
7b_collapsed,yelp,classic,196,0.5,0.0,-0.5,0.43079500636227125,0.18558433750666933,0.9457847820134473,2.967590256199712,0.061197916666666664,7.857867559331803,1.791759469228055,0.6666666666666666,2.0,0.10526315789473684,0.0,0.95,3.828641396489095,0.23798800309499102,0.16157798625041642
7b_collapsed,yelp,classic,197,0.43067655807339306,1.0,0.5693234419266069,0.43079500636227125,0.18558433750666933,0.9457847820134473,2.967590256199712,0.061197916666666664,7.615791072035833,0.6931471805599453,0.6666666666666666,3.0,0.0,0.0,1.0,3.6109179126442243,0.012486684322357111,0.07355249829055154
7b_collapsed,yelp,classic,198,0.6309297535714575,0.0,-0.6309297535714575,0.43079500636227125,0.18558433750666933,0.9457847820134473,2.967590256199712,0.061197916666666664,6.013715156042802,0.6931471805599453,0.6625,3.0,0.0,0.0,1.0,4.927253685157205,0.004724228382110618,0.12208322393857388
7b_collapsed,yelp,classic,199,0.43067655807339306,0.0,-0.43067655807339306,0.43079500636227125,0.18558433750666933,0.9457847820134473,2.967590256199712,0.061197916666666664,8.247220052745229,1.791759469228055,0.6666666666666666,2.0,0.3157894736842105,0.0,1.0,3.9318256327243257,0.0042264997959136075,0.11164187691102978
7b_collapsed,yelp,classic,200,0.6309297535714575,0.5,-0.13092975357145753,0.43079500636227125,0.18558433750666933,0.9457847820134473,2.967590256199712,0.061197916666666664,6.660575149839686,0.6931471805599453,0.6666666666666666,1.0,0.3157894736842105,0.0,0.85,4.795790545596741,0.0111752450466156,0.0858435645653401
7b_collapsed,yelp,classic,201,0.38685280723454163,0.6309297535714575,0.2440769463369159,0.43079500636227125,0.18558433750666933,0.9457847820134473,2.967590256199712,0.061197916666666664,7.571473648851271,1.3862943611198906,0.6625,3.0,0.0,0.0,1.0,3.8066624897703196,0.2177786310513814,0.14305935714408752
7b_collapsed,yelp,classic,202,0.0,0.0,0.0,0.43079500636227125,0.18558433750666933,0.9457847820134473,2.967590256199712,0.061197916666666664,9.677527538712344,3.091042453358316,0.6666666666666666,2.0,0.2631578947368421,0.0,0.95,4.248495242049359,0.2216988762219747,0.1405323101808019
7b_collapsed,yelp,classic,203,0.0,0.0,0.0,0.43079500636227125,0.18558433750666933,0.9457847820134473,2.967590256199712,0.061197916666666664,7.316548177182976,0.6931471805599453,0.6666666666666666,2.0,0.2631578947368421,0.0,0.95,2.302585092994046,0.002724570035934515,0.1109569370470797
7b_collapsed,yelp,classic,204,0.0,0.0,0.0,0.43079500636227125,0.18558433750666933,0.9457847820134473,2.967590256199712,0.061197916666666664,6.517671272912275,0.6931471805599453,0.6541666666666666,1.0,0.42105263157894735,0.0,0.9,3.6109179126442243,0.0010608315467834917,0.12470425893173302
7b_collapsed,yelp,classic,205,0.6309297535714575,0.0,-0.6309297535714575,0.43079500636227125,0.18558433750666933,0.9457847820134473,2.967590256199712,0.061197916666666664,6.61338421837956,0.6931471805599453,0.6625,1.0,0.5789473684210527,0.0,0.85,3.9318256327243257,0.002747672796249323,0.1640043807638811
7b_collapsed,yelp,classic,206,0.6309297535714575,0.43067655807339306,-0.20025319549806447,0.43079500636227125,0.18558433750666933,0.9457847820134473,2.967590256199712,0.061197916666666664,6.3835066348840055,0.6931471805599453,0.6666666666666666,2.0,0.21052631578947367,0.0,1.0,3.4657359027997265,0.000238233804702781,0.18875966052879414
7b_collapsed,yelp,classic,207,0.43067655807339306,0.5,0.06932344192660694,0.43079500636227125,0.18558433750666933,0.9457847820134473,2.967590256199712,0.061197916666666664,9.038602608721874,2.0794415416798357,0.6666666666666666,2.0,0.05263157894736842,0.0,1.0,3.258096538021482,0.003698587417602539,0.1323276106996923
7b_collapsed,yelp,classic,208,0.6309297535714575,0.0,-0.6309297535714575,0.43079500636227125,0.18558433750666933,0.9457847820134473,2.967590256199712,0.061197916666666664,8.285513309079741,1.791759469228055,0.6666666666666666,2.0,0.15789473684210525,0.0,0.95,1.9459101490553132,0.0001916170120239702,0.149896138838585
7b_collapsed,yelp,classic,209,1.0,0.5,-0.5,0.43079500636227125,0.18558433750666933,0.9457847820134473,2.967590256199712,0.061197916666666664,6.222576268071369,0.6931471805599453,0.6666666666666666,2.0,0.05263157894736842,0.0,0.95,2.302585092994046,0.006203055381774902,0.1605986561620311
7b_collapsed,yelp,classic,210,0.38685280723454163,0.0,-0.38685280723454163,0.43079500636227125,0.18558433750666933,0.9457847820134473,2.967590256199712,0.061197916666666664,8.515591910049263,1.6094379124341003,0.6666666666666666,2.0,0.10526315789473684,0.0,0.95,0.6931471805599453,0.00250818729400637,0.11398002237210209
7b_collapsed,yelp,classic,211,1.0,1.0,0.0,0.43079500636227125,0.18558433750666933,0.9457847820134473,2.967590256199712,0.061197916666666664,7.43307534889858,1.0986122886681096,0.6625,1.0,0.21052631578947367,0.0,1.0,5.093750200806762,0.0009491264820098433,0.18242981235973443
7b_collapsed,yelp,classic,212,0.38685280723454163,1.0,0.6131471927654584,0.43079500636227125,0.18558433750666933,0.9457847820134473,2.967590256199712,0.061197916666666664,9.405824915296419,3.044522437723423,0.6666666666666666,2.0,0.05263157894736842,0.0,0.95,2.995732273553991,0.22893883784612024,0.14012956755771644
7b_collapsed,yelp,classic,213,0.6309297535714575,0.0,-0.6309297535714575,0.43079500636227125,0.18558433750666933,0.9457847820134473,2.967590256199712,0.061197916666666664,8.290794347381356,1.3862943611198906,0.6666666666666666,2.0,0.21052631578947367,0.0,0.9,0.6931471805599453,0.0007971525192260742,0.13899953482946145
7b_collapsed,yelp,classic,214,0.6309297535714575,0.6309297535714575,0.0,0.43079500636227125,0.18558433750666933,0.9457847820134473,2.967590256199712,0.061197916666666664,6.825460036255307,0.6931471805599453,0.6625,1.0,0.21052631578947367,0.0,1.0,3.784189633918261,0.003910356760025047,0.11779685408081624
7b_collapsed,yelp,classic,215,0.0,0.0,0.0,0.43079500636227125,0.18558433750666933,0.9457847820134473,2.967590256199712,0.061197916666666664,9.038246335337664,2.4849066497880004,0.6666666666666666,2.0,0.21052631578947367,0.0,0.9,4.634728988229636,0.00015140175819394752,0.13892686194044612
7b_collapsed,yelp,classic,216,0.5,0.43067655807339306,-0.06932344192660694,0.43079500636227125,0.18558433750666933,0.9457847820134473,2.967590256199712,0.061197916666666664,10.142858720954989,3.5263605246161616,0.6666666666666666,1.0,0.21052631578947367,0.0,0.9,3.367295829986474,0.0005332052707672785,0.1348121943493207
7b_collapsed,yelp,classic,217,0.0,0.0,0.0,0.43079500636227125,0.18558433750666933,0.9457847820134473,2.967590256199712,0.061197916666666664,10.571675835054878,3.8066624897703196,0.6666666666666666,3.0,0.0,0.0,0.95,4.060443010546419,0.0012564539909362127,0.14944109289364443
7b_collapsed,yelp,classic,218,0.38685280723454163,0.0,-0.38685280723454163,0.43079500636227125,0.18558433750666933,0.9457847820134473,2.967590256199712,0.061197916666666664,5.945420608606575,0.6931471805599453,0.6666666666666666,2.0,0.05263157894736842,0.0,0.95,1.0986122886681096,0.22040201028188067,0.13686459733582326
7b_collapsed,yelp,classic,219,0.38685280723454163,0.0,-0.38685280723454163,0.43079500636227125,0.18558433750666933,0.9457847820134473,2.967590256199712,0.061197916666666664,6.311734809152915,0.6931471805599453,0.6625,1.0,0.3157894736842105,0.0,0.9,5.1298987149230735,0.22066568930943803,0.06044000479564962
7b_collapsed,yelp,classic,220,1.0,0.0,-1.0,0.43079500636227125,0.18558433750666933,0.9457847820134473,2.967590256199712,0.061197916666666664,6.4425401664681985,0.6931471805599453,0.6666666666666666,2.0,0.05263157894736842,0.0,0.9,4.060443010546419,0.22726921637852981,0.14086954898323983
7b_collapsed,yelp,classic,221,1.0,1.0,0.0,0.43079500636227125,0.18558433750666933,0.9457847820134473,2.967590256199712,0.061197916666666664,8.872907674259846,2.0794415416798357,0.6666666666666666,3.0,0.0,0.0,0.9,1.9459101490553132,0.0014105379581451638,0.11566220666020381
7b_collapsed,yelp,classic,222,0.0,0.0,0.0,0.43079500636227125,0.18558433750666933,0.9457847820134473,2.967590256199712,0.061197916666666664,7.38025578842646,0.6931471805599453,0.6666666666666666,2.0,0.05263157894736842,0.0,0.95,2.8903717578961645,0.23522021373113,0.21552912219061396
7b_collapsed,yelp,classic,223,1.0,0.5,-0.5,0.43079500636227125,0.18558433750666933,0.9457847820134473,2.967590256199712,0.061197916666666664,9.038246335337664,2.0794415416798357,0.6625,3.0,0.0,0.0,0.95,4.23410650459726,0.00016433000564575195,0.14566349638369191
7b_collapsed,yelp,classic,224,0.5,1.0,0.5,0.43079500636227125,0.18558433750666933,0.9457847820134473,2.967590256199712,0.061197916666666664,5.860786223465865,0.6931471805599453,0.6625,2.0,0.05263157894736842,0.0,1.0,3.5263605246161616,0.20537700851758323,0.13279725685100835
7b_collapsed,yelp,classic,225,0.5,0.0,-0.5,0.43079500636227125,0.18558433750666933,0.9457847820134473,2.967590256199712,0.061197916666666664,9.050640993218508,2.302585092994046,0.6625,2.0,0.05263157894736842,0.0,0.95,3.367295829986474,0.0011147797107696755,0.13178038894879637
7b_collapsed,yelp,classic,226,0.0,0.6309297535714575,0.6309297535714575,0.43079500636227125,0.18558433750666933,0.9457847820134473,2.967590256199712,0.061197916666666664,8.265907334155747,2.1972245773362196,0.6666666666666666,2.0,0.15789473684210525,0.0,0.95,2.9444389791664403,0.003959387540817261,0.1295295919099099
7b_collapsed,yelp,classic,227,0.0,0.0,0.0,0.43079500636227125,0.18558433750666933,0.9457847820134473,2.967590256199712,0.061197916666666664,10.295022755110795,3.9318256327243257,0.6666666666666666,2.0,0.05263157894736842,0.0,1.0,3.258096538021482,0.23156845768292744,0.13953871410044075
7b_collapsed,yelp,classic,228,1.0,0.6309297535714575,-0.36907024642854247,0.43079500636227125,0.18558433750666933,0.9457847820134473,2.967590256199712,0.061197916666666664,9.521128433142438,2.4849066497880004,0.6666666666666666,0.0,0.631578947368421,0.05263157894736842,0.95,4.867534450455582,0.0008227229118347168,0.11924592922932936
7b_collapsed,yelp,classic,229,0.6309297535714575,0.0,-0.6309297535714575,0.43079500636227125,0.18558433750666933,0.9457847820134473,2.967590256199712,0.061197916666666664,6.492239835020471,0.6931471805599453,0.6583333333333333,3.0,0.0,0.0,0.8,2.639057329615259,0.00029395222663874954,0.17999275344480928
7b_collapsed,yelp,classic,230,0.6309297535714575,0.5,-0.13092975357145753,0.43079500636227125,0.18558433750666933,0.9457847820134473,2.967590256199712,0.061197916666666664,8.54752839121231,2.4849066497880004,0.6625,0.0,0.42105263157894735,0.05263157894736842,0.9,3.6109179126442243,0.23435514767964682,0.17187228333323662
7b_collapsed,yelp,classic,231,0.6309297535714575,0.0,-0.6309297535714575,0.43079500636227125,0.18558433750666933,0.9457847820134473,2.967590256199712,0.061197916666666664,9.255218130754269,2.639057329615259,0.65,3.0,0.0,0.0,0.95,2.639057329615259,0.00027168989181525216,0.17986965363482685
7b_collapsed,yelp,classic,232,0.0,0.0,0.0,0.43079500636227125,0.18558433750666933,0.9457847820134473,2.967590256199712,0.061197916666666664,6.455198563340122,0.6931471805599453,0.6666666666666666,2.0,0.15789473684210525,0.0,0.95,3.4657359027997265,0.21139928301175437,0.1289704714944381
7b_collapsed,yelp,classic,233,0.5,0.38685280723454163,-0.11314719276545837,0.43079500636227125,0.18558433750666933,0.9457847820134473,2.967590256199712,0.061197916666666664,7.830425617820331,1.6094379124341003,0.6666666666666666,3.0,0.0,0.0,0.75,3.295836866004329,0.0054988324642181174,0.1568658495497962
7b_collapsed,yelp,classic,234,0.43067655807339306,1.0,0.5693234419266069,0.43079500636227125,0.18558433750666933,0.9457847820134473,2.967590256199712,0.061197916666666664,7.047517221357296,1.0986122886681096,0.6666666666666666,0.0,0.21052631578947367,0.05263157894736842,0.9,4.060443010546419,0.0010858654975890447,0.0945557992230408
7b_collapsed,yelp,classic,235,0.38685280723454163,0.0,-0.38685280723454163,0.43079500636227125,0.18558433750666933,0.9457847820134473,2.967590256199712,0.061197916666666664,7.351158226430694,1.0986122886681096,0.6666666666666666,2.0,0.05263157894736842,0.0,0.95,3.258096538021482,0.22964872916539503,0.13282793961677475
7b_collapsed,yelp,classic,236,0.0,0.0,0.0,0.43079500636227125,0.18558433750666933,0.9457847820134473,2.967590256199712,0.061197916666666664,6.637258031284457,0.6931471805599453,0.6625,2.0,0.10526315789473684,0.0,0.9,3.713572066704308,0.004210656881332486,0.12718711034303062
7b_collapsed,yelp,classic,237,0.6309297535714575,0.0,-0.6309297535714575,0.43079500636227125,0.18558433750666933,0.9457847820134473,2.967590256199712,0.061197916666666664,7.071573364211532,1.0986122886681096,0.6666666666666666,2.0,0.05263157894736842,0.0,0.95,3.713572066704308,0.22483366330464682,0.12782447417195184
7b_collapsed,yelp,classic,238,1.0,1.0,0.0,0.43079500636227125,0.18558433750666933,0.9457847820134473,2.967590256199712,0.061197916666666664,7.671826797878781,1.3862943611198906,0.6625,2.0,0.10526315789473684,0.0,1.0,4.0943445622221,0.0044616401195526345,0.16675910410438202
7b_collapsed,yelp,classic,239,1.0,0.0,-1.0,0.43079500636227125,0.18558433750666933,0.9457847820134473,2.967590256199712,0.061197916666666664,6.3473892096560105,0.6931471805599453,0.6583333333333333,1.0,0.10526315789473684,0.0,0.95,2.1972245773362196,0.004891061782836936,0.17097289536242397
7b_collapsed,yelp,classic,240,1.0,0.38685280723454163,-0.6131471927654584,0.43079500636227125,0.18558433750666933,0.9457847820134473,2.967590256199712,0.061197916666666664,8.41715183723601,1.0986122886681096,0.6625,2.0,0.05263157894736842,0.0,1.0,3.4965075614664802,0.2229370554288228,0.15026327222151717
7b_collapsed,yelp,classic,241,0.43067655807339306,0.43067655807339306,0.0,0.43079500636227125,0.18558433750666933,0.9457847820134473,2.967590256199712,0.061197916666666664,7.283448228756631,1.0986122886681096,0.6625,2.0,0.2631578947368421,0.0,0.9,3.9889840465642745,0.007629865407943637,0.16711629925628216
7b_collapsed,yelp,classic,242,0.0,0.0,0.0,0.43079500636227125,0.18558433750666933,0.9457847820134473,2.967590256199712,0.061197916666666664,6.513230110912307,0.6931471805599453,0.6666666666666666,2.0,0.05263157894736842,0.0,0.95,2.995732273553991,0.0033565700054168923,0.15979624075908352
7b_collapsed,yelp,classic,243,0.0,0.0,0.0,0.43079500636227125,0.18558433750666933,0.9457847820134473,2.967590256199712,0.061197916666666664,9.995656440007505,3.6635616461296463,0.6583333333333333,2.0,0.42105263157894735,0.0,0.95,4.795790545596741,0.001484638452529885,0.11975839188005735
7b_collapsed,yelp,classic,244,0.43067655807339306,0.0,-0.43067655807339306,0.43079500636227125,0.18558433750666933,0.9457847820134473,2.967590256199712,0.061197916666666664,5.932245187448011,0.6931471805599453,0.6625,3.0,0.0,0.0,0.85,4.1588830833596715,0.4682602028052012,0.17228815991231688
7b_collapsed,yelp,classic,245,0.0,0.43067655807339306,0.43067655807339306,0.43079500636227125,0.18558433750666933,0.9457847820134473,2.967590256199712,0.061197916666666664,7.00397413672268,0.6931471805599453,0.6583333333333333,2.0,0.05263157894736842,0.0,1.0,2.1972245773362196,0.044550704956054676,0.11904995913612665
7b_collapsed,yelp,classic,246,0.6309297535714575,0.38685280723454163,-0.2440769463369159,0.43079500636227125,0.18558433750666933,0.9457847820134473,2.967590256199712,0.061197916666666664,9.140025198061156,2.639057329615259,0.6666666666666666,2.0,0.05263157894736842,0.0,0.95,2.995732273553991,0.22410422762235005,0.13937228515543407
7b_collapsed,yelp,classic,247,0.0,0.0,0.0,0.43079500636227125,0.18558433750666933,0.9457847820134473,2.967590256199712,0.061197916666666664,9.23561817916045,3.044522437723423,0.6625,0.0,0.5789473684210527,0.05263157894736842,0.9,5.0369526024136295,0.0008708596229553001,0.14493977521617882
7b_collapsed,yelp,classic,248,0.6309297535714575,0.0,-0.6309297535714575,0.43079500636227125,0.18558433750666933,0.9457847820134473,2.967590256199712,0.061197916666666664,9.759501702007746,2.70805020110221,0.6625,2.0,0.05263157894736842,0.0,1.0,3.367295829986474,0.00012148618698115676,0.13027247657333366
7b_collapsed,yelp,classic,249,0.5,0.43067655807339306,-0.06932344192660694,0.43079500636227125,0.18558433750666933,0.9457847820134473,2.967590256199712,0.061197916666666664,8.725507328484445,1.9459101490553132,0.6666666666666666,3.0,0.0,0.0,0.95,2.995732273553991,0.003127473592758223,0.09546332762178965
7b_collapsed,yelp,classic,250,0.0,0.5,0.5,0.43079500636227125,0.18558433750666933,0.9457847820134473,2.967590256199712,0.061197916666666664,7.1049654482698426,0.6931471805599453,0.6666666666666666,1.0,0.3157894736842105,0.0,0.95,3.784189633918261,0.004938000440597556,0.11626649297921776
7b_collapsed,yelp,classic,251,0.6309297535714575,0.0,-0.6309297535714575,0.43079500636227125,0.18558433750666933,0.9457847820134473,2.967590256199712,0.061197916666666664,7.142827401161621,1.0986122886681096,0.6625,1.0,0.15789473684210525,0.0,0.95,4.574710978503383,0.00035490989685060814,0.1671580718715908
7b_collapsed,yelp,classic,252,0.0,0.0,0.0,0.43079500636227125,0.18558433750666933,0.9457847820134473,2.967590256199712,0.061197916666666664,9.682840881420505,2.995732273553991,0.6666666666666666,2.0,0.2631578947368421,0.0,0.85,4.248495242049359,0.0004912734031677912,0.11944248308467986
7b_collapsed,yelp,classic,253,0.0,0.0,0.0,0.43079500636227125,0.18558433750666933,0.9457847820134473,2.967590256199712,0.061197916666666664,7.427144133408616,0.6931471805599453,0.6666666666666666,1.0,0.2631578947368421,0.0,0.95,3.784189633918261,0.2538356562455495,0.19549674907953327
7b_collapsed,yelp,classic,254,1.0,1.0,0.0,0.43079500636227125,0.18558433750666933,0.9457847820134473,2.967590256199712,0.061197916666666664,7.2868764117507,0.6931471805599453,0.6666666666666666,2.0,0.05263157894736842,0.0,1.0,4.0943445622221,0.012708985805511497,0.15823343257946704
7b_collapsed,yelp,classic,255,0.0,0.0,0.0,0.43079500636227125,0.18558433750666933,0.9457847820134473,2.967590256199712,0.061197916666666664,8.87066300440602,2.4849066497880004,0.6666666666666666,2.0,0.05263157894736842,0.0,0.95,2.3978952727983707,0.003212678432464644,0.15402308865897418
7b_collapsed,yelp,classic,256,0.0,1.0,1.0,0.43079500636227125,0.18558433750666933,0.9457847820134473,2.967590256199712,0.061197916666666664,7.462789157412448,1.3862943611198906,0.6583333333333333,2.0,0.21052631578947367,0.0,1.0,4.0943445622221,0.002078568935394265,0.17968682179022075
7b_collapsed,yelp,classic,257,0.0,0.0,0.0,0.43079500636227125,0.18558433750666933,0.9457847820134473,2.967590256199712,0.061197916666666664,9.398809659356372,2.4849066497880004,0.6625,2.0,0.10526315789473684,0.0,1.0,3.912023005428146,0.2292421241601308,0.1695135784121008
7b_collapsed,yelp,classic,258,1.0,0.0,-1.0,0.43079500636227125,0.18558433750666933,0.9457847820134473,2.967590256199712,0.061197916666666664,7.088408778675395,1.0986122886681096,0.6666666666666666,0.0,0.21052631578947367,0.05263157894736842,0.95,4.356708826689592,0.00023599863052370385,0.11573107289577232
7b_collapsed,yelp,classic,259,0.6309297535714575,0.38685280723454163,-0.2440769463369159,0.43079500636227125,0.18558433750666933,0.9457847820134473,2.967590256199712,0.061197916666666664,8.715552125907816,2.4849066497880004,0.6666666666666666,2.0,0.3157894736842105,0.0,0.85,4.454347296253507,4.481077194218308e-05,0.11721091210525045
7b_collapsed,yelp,classic,260,0.5,0.5,0.0,0.43079500636227125,0.18558433750666933,0.9457847820134473,2.967590256199712,0.061197916666666664,6.042632833682381,0.6931471805599453,0.6666666666666666,0.0,0.42105263157894735,0.05263157894736842,0.95,3.091042453358316,0.23741084535916634,0.1905489972838958
7b_collapsed,yelp,classic,261,1.0,0.0,-1.0,0.43079500636227125,0.18558433750666933,0.9457847820134473,2.967590256199712,0.061197916666666664,6.236369590203704,0.6931471805599453,0.6666666666666666,2.0,0.05263157894736842,0.0,1.0,1.0986122886681096,0.21694044073422747,0.13158664457289776
7b_collapsed,yelp,classic,262,0.0,0.6309297535714575,0.6309297535714575,0.43079500636227125,0.18558433750666933,0.9457847820134473,2.967590256199712,0.061197916666666664,10.55552623920546,5.54907608489522,0.6666666666666666,3.0,0.0,0.0,1.0,3.258096538021482,0.0003469884395599365,0.11237626208274501
7b_collapsed,yelp,classic,263,0.43067655807339306,1.0,0.5693234419266069,0.43079500636227125,0.18558433750666933,0.9457847820134473,2.967590256199712,0.061197916666666664,6.398594934535208,0.6931471805599453,0.6666666666666666,2.0,0.10526315789473684,0.0,1.0,3.713572066704308,0.0004721224308014138,0.17730772939419326
7b_collapsed,yelp,classic,264,0.0,0.0,0.0,0.43079500636227125,0.18558433750666933,0.9457847820134473,2.967590256199712,0.061197916666666664,8.079308192051961,1.9459101490553132,0.6666666666666666,2.0,0.2631578947368421,0.0,0.95,3.1354942159291497,0.23036319812138872,0.1191078864062197
7b_collapsed,yelp,classic,265,0.0,0.0,0.0,0.43079500636227125,0.18558433750666933,0.9457847820134473,2.967590256199712,0.061197916666666664,7.570443252057374,1.6094379124341003,0.6625,2.0,0.10526315789473684,0.0,1.0,4.0943445622221,0.0054010927677153875,0.14375293050813112
7b_collapsed,yelp,classic,266,0.5,1.0,0.5,0.43079500636227125,0.18558433750666933,0.9457847820134473,2.967590256199712,0.061197916666666664,8.744806737401898,2.302585092994046,0.6666666666666666,3.0,0.0,0.0,0.95,4.820281565605037,0.23043620785077412,0.15708600178475854
7b_collapsed,yelp,classic,267,0.0,0.38685280723454163,0.38685280723454163,0.43079500636227125,0.18558433750666933,0.9457847820134473,2.967590256199712,0.061197916666666664,8.624611588183507,1.791759469228055,0.6666666666666666,2.0,0.21052631578947367,0.0,0.95,0.6931471805599453,0.4635724167029063,0.14748371628791554
7b_collapsed,yelp,classic,268,1.0,0.0,-1.0,0.43079500636227125,0.18558433750666933,0.9457847820134473,2.967590256199712,0.061197916666666664,6.529418838262226,0.6931471805599453,0.6666666666666666,3.0,0.0,0.0,1.0,3.1780538303479458,0.23258113463719687,0.14155013819926462
7b_collapsed,yelp,classic,269,0.0,0.0,0.0,0.43079500636227125,0.18558433750666933,0.9457847820134473,2.967590256199712,0.061197916666666664,6.0014148779611505,0.6931471805599453,0.6666666666666666,2.0,0.05263157894736842,0.0,0.95,3.828641396489095,0.22983666261037194,0.1415392995318044
7b_collapsed,yelp,classic,270,1.0,0.43067655807339306,-0.5693234419266069,0.43079500636227125,0.18558433750666933,0.9457847820134473,2.967590256199712,0.061197916666666664,7.688455356549944,1.6094379124341003,0.6666666666666666,1.0,0.3157894736842105,0.0,0.9,3.367295829986474,0.004325938224792436,0.15591317381571476
7b_collapsed,yelp,classic,271,0.0,0.0,0.0,0.43079500636227125,0.18558433750666933,0.9457847820134473,2.967590256199712,0.061197916666666664,7.43955930913332,0.6931471805599453,0.6583333333333333,2.0,0.2631578947368421,0.0,1.0,2.9444389791664403,0.0005318820476531982,0.12118913787839848
7b_collapsed,yelp,classic,272,0.0,0.38685280723454163,0.38685280723454163,0.43079500636227125,0.18558433750666933,0.9457847820134473,2.967590256199712,0.061197916666666664,8.747034264178168,2.1972245773362196,0.6666666666666666,1.0,0.15789473684210525,0.0,0.9,4.219507705176107,0.003087830543518022,0.16367453384506234
7b_collapsed,yelp,classic,273,0.0,0.0,0.0,0.43079500636227125,0.18558433750666933,0.9457847820134473,2.967590256199712,0.061197916666666664,5.8289456176102075,0.6931471805599453,0.6625,3.0,0.0,0.0,1.0,2.3978952727983707,0.0006355047225952148,0.10414933548987731
7b_collapsed,yelp,classic,274,0.0,0.5,0.5,0.43079500636227125,0.18558433750666933,0.9457847820134473,2.967590256199712,0.061197916666666664,8.615770754777232,2.3978952727983707,0.6666666666666666,2.0,0.3684210526315789,0.0,0.95,3.9318256327243257,0.0014591038227081965,0.11203015435758307
7b_collapsed,yelp,classic,275,0.5,0.0,-0.5,0.43079500636227125,0.18558433750666933,0.9457847820134473,2.967590256199712,0.061197916666666664,7.503289630675082,1.3862943611198906,0.6666666666666666,1.0,0.3684210526315789,0.0,0.95,3.912023005428146,0.0026584982872008833,0.15681101714911358
7b_collapsed,yelp,classic,276,0.5,0.43067655807339306,-0.06932344192660694,0.43079500636227125,0.18558433750666933,0.9457847820134473,2.967590256199712,0.061197916666666664,5.945420608606575,0.6931471805599453,0.6666666666666666,1.0,0.15789473684210525,0.0,0.95,3.6888794541139363,0.2440565546353658,0.1372252724880205
7b_collapsed,yelp,classic,277,0.0,0.0,0.0,0.43079500636227125,0.18558433750666933,0.9457847820134473,2.967590256199712,0.061197916666666664,9.75504554717585,2.70805020110221,0.6666666666666666,1.0,0.21052631578947367,0.0,1.0,4.663439094112067,0.23211900790532436,0.15855680796742697
7b_collapsed,yelp,classic,278,0.5,0.0,-0.5,0.43079500636227125,0.18558433750666933,0.9457847820134473,2.967590256199712,0.061197916666666664,8.722742874329398,2.302585092994046,0.6583333333333333,2.0,0.05263157894736842,0.0,1.0,3.4011973816621555,0.0029158115386962447,0.22320160723134366
7b_collapsed,yelp,classic,279,0.6309297535714575,0.6309297535714575,0.0,0.43079500636227125,0.18558433750666933,0.9457847820134473,2.967590256199712,0.061197916666666664,5.8289456176102075,0.6931471805599453,0.6625,2.0,0.15789473684210525,0.0,1.0,4.0943445622221,0.221778412659963,0.13586676848877705
7b_collapsed,yelp,classic,280,0.0,1.0,1.0,0.43079500636227125,0.18558433750666933,0.9457847820134473,2.967590256199712,0.061197916666666664,8.240385115516334,1.3862943611198906,0.6666666666666666,2.0,0.10526315789473684,0.0,1.0,3.7612001156935624,0.013027507066726618,0.14989841135917215
7b_collapsed,yelp,classic,281,0.0,0.5,0.5,0.43079500636227125,0.18558433750666933,0.9457847820134473,2.967590256199712,0.061197916666666664,10.093611921393103,3.4965075614664802,0.6666666666666666,2.0,0.10526315789473684,0.0,1.0,3.5263605246161616,0.00013053417205810547,0.10521823007650838
7b_collapsed,yelp,classic,282,0.0,0.0,0.0,0.43079500636227125,0.18558433750666933,0.9457847820134473,2.967590256199712,0.061197916666666664,9.91665053906241,3.4339872044851463,0.6666666666666666,2.0,0.21052631578947367,0.0,1.0,3.332204510175204,0.22633938392003383,0.1300942464942504
7b_collapsed,yelp,classic,283,0.6309297535714575,0.5,-0.13092975357145753,0.43079500636227125,0.18558433750666933,0.9457847820134473,2.967590256199712,0.061197916666666664,6.311734809152915,0.6931471805599453,0.6666666666666666,3.0,0.0,0.0,0.95,3.1780538303479458,0.2278292616208395,0.1438850685217287
7b_collapsed,yelp,classic,284,0.0,0.0,0.0,0.43079500636227125,0.18558433750666933,0.9457847820134473,2.967590256199712,0.061197916666666664,7.087573705557973,1.0986122886681096,0.6666666666666666,1.0,0.47368421052631576,0.0,0.9,5.262690188904886,0.004935836791992165,0.14867926416027563
7b_collapsed,yelp,classic,285,0.6309297535714575,0.38685280723454163,-0.2440769463369159,0.43079500636227125,0.18558433750666933,0.9457847820134473,2.967590256199712,0.061197916666666664,6.142037405587356,0.6931471805599453,0.6666666666666666,1.0,0.15789473684210525,0.0,0.95,2.1972245773362196,0.0014785945415496382,0.1120441598913337
7b_collapsed,yelp,classic,286,0.0,0.38685280723454163,0.38685280723454163,0.43079500636227125,0.18558433750666933,0.9457847820134473,2.967590256199712,0.061197916666666664,6.423246963533519,0.6931471805599453,0.6541666666666666,1.0,0.42105263157894735,0.0,0.95,3.295836866004329,0.22332771023114517,0.23092492925263997
7b_collapsed,yelp,classic,287,0.0,0.0,0.0,0.43079500636227125,0.18558433750666933,0.9457847820134473,2.967590256199712,0.061197916666666664,7.158513997329321,0.6931471805599453,0.6666666666666666,3.0,0.0,0.0,0.95,2.3978952727983707,0.2152722318967183,0.13707787030312313
7b_collapsed,yelp,classic,288,1.0,0.0,-1.0,0.43079500636227125,0.18558433750666933,0.9457847820134473,2.967590256199712,0.061197916666666664,7.5569505720129,1.3862943611198906,0.6625,3.0,0.0,0.0,0.85,1.3862943611198906,0.00025463104248046875,0.1841371873478817
7b_collapsed,yelp,classic,289,0.6309297535714575,0.6309297535714575,0.0,0.43079500636227125,0.18558433750666933,0.9457847820134473,2.967590256199712,0.061197916666666664,7.4798641311650265,1.3862943611198906,0.6625,2.0,0.05263157894736842,0.0,1.0,3.8918202981106265,0.0004303872585296187,0.15926210927245746
7b_collapsed,yelp,classic,290,0.5,1.0,0.5,0.43079500636227125,0.18558433750666933,0.9457847820134473,2.967590256199712,0.061197916666666664,9.52806656577634,2.9444389791664403,0.6541666666666666,1.0,0.2631578947368421,0.0,1.0,5.262690188904886,0.2324712177117665,0.14904605877307203
7b_collapsed,yelp,classic,291,1.0,1.0,0.0,0.43079500636227125,0.18558433750666933,0.9457847820134473,2.967590256199712,0.061197916666666664,6.261491684321042,0.6931471805599453,0.6583333333333333,3.0,0.0,0.0,0.95,2.1972245773362196,0.005411285161971979,0.19277912082578377
7b_collapsed,yelp,classic,292,0.6309297535714575,0.0,-0.6309297535714575,0.43079500636227125,0.18558433750666933,0.9457847820134473,2.967590256199712,0.061197916666666664,6.39024066706535,0.6931471805599453,0.6666666666666666,0.0,0.2631578947368421,0.05263157894736842,0.95,3.091042453358316,0.0006808161735535334,0.1862739370958731
7b_collapsed,yelp,classic,293,0.6309297535714575,0.5,-0.13092975357145753,0.43079500636227125,0.18558433750666933,0.9457847820134473,2.967590256199712,0.061197916666666664,5.981414211254481,0.6931471805599453,0.6666666666666666,2.0,0.15789473684210525,0.0,1.0,4.663439094112067,0.23100442488988238,0.21355244695937556
7b_collapsed,yelp,classic,294,0.43067655807339306,0.0,-0.43067655807339306,0.43079500636227125,0.18558433750666933,0.9457847820134473,2.967590256199712,0.061197916666666664,8.27614021955846,1.791759469228055,0.6625,2.0,0.05263157894736842,0.0,1.0,3.1780538303479458,0.0008483469486236794,0.1396734641414741
7b_collapsed,yelp,classic,295,1.0,1.0,0.0,0.43079500636227125,0.18558433750666933,0.9457847820134473,2.967590256199712,0.061197916666666664,6.630683385642372,0.6931471805599453,0.6541666666666666,3.0,0.0,0.0,0.95,2.1972245773362196,0.00011245608329768508,0.19762087008029192
7b_collapsed,yelp,classic,296,0.0,0.0,0.0,0.43079500636227125,0.18558433750666933,0.9457847820134473,2.967590256199712,0.061197916666666664,6.439350371100098,0.6931471805599453,0.6666666666666666,2.0,0.05263157894736842,0.0,1.0,3.7612001156935624,0.22923443516095476,0.140363999592938
7b_collapsed,yelp,classic,297,0.5,0.43067655807339306,-0.06932344192660694,0.43079500636227125,0.18558433750666933,0.9457847820134473,2.967590256199712,0.061197916666666664,9.121509158269568,2.1972245773362196,0.6541666666666666,0.0,0.42105263157894735,0.05263157894736842,0.85,3.713572066704308,0.23289389808972671,0.14223195557885318
7b_collapsed,yelp,classic,298,0.0,1.0,1.0,0.43079500636227125,0.18558433750666933,0.9457847820134473,2.967590256199712,0.061197916666666664,7.2196420401307355,1.0986122886681096,0.6625,1.0,0.47368421052631576,0.0,0.9,2.1972245773362196,0.011090147495269709,0.15459620170202754
7b_collapsed,yelp,classic,299,0.43067655807339306,0.0,-0.43067655807339306,0.43079500636227125,0.18558433750666933,0.9457847820134473,2.967590256199712,0.061197916666666664,8.537779825024625,1.791759469228055,0.6666666666666666,3.0,0.0,0.0,0.95,4.584967478670572,0.0029262006282806396,0.11980603919308373
7b_collapsed,yelp,classic,300,1.0,1.0,0.0,0.43079500636227125,0.18558433750666933,0.9457847820134473,2.967590256199712,0.061197916666666664,6.253828811575473,0.6931471805599453,0.6625,1.0,0.10526315789473684,0.0,1.0,4.927253685157205,0.47594301501909886,0.1689944947525303
7b_collapsed,yelp,classic,301,0.43067655807339306,0.5,0.06932344192660694,0.43079500636227125,0.18558433750666933,0.9457847820134473,2.967590256199712,0.061197916666666664,6.025865973825314,0.6931471805599453,0.6666666666666666,2.0,0.05263157894736842,0.0,1.0,3.713572066704308,0.22776994903882342,0.13988513489866689
7b_collapsed,yelp,classic,302,0.0,0.0,0.0,0.43079500636227125,0.18558433750666933,0.9457847820134473,2.967590256199712,0.061197916666666664,6.173786103901937,0.6931471805599453,0.6666666666666666,0.0,0.2631578947368421,0.05263157894736842,0.8,3.828641396489095,0.23039198716481524,0.13870880072172606
7b_collapsed,yelp,classic,303,0.0,0.0,0.0,0.43079500636227125,0.18558433750666933,0.9457847820134473,2.967590256199712,0.061197916666666664,8.864746660905409,2.3978952727983707,0.6666666666666666,3.0,0.0,0.0,1.0,4.382026634673881,0.00104566812515261,0.1460556714081579
7b_collapsed,yelp,classic,304,0.6309297535714575,0.43067655807339306,-0.20025319549806447,0.43079500636227125,0.18558433750666933,0.9457847820134473,2.967590256199712,0.061197916666666664,7.518064181233078,0.6931471805599453,0.6666666666666666,2.0,0.2631578947368421,0.0,1.0,4.07753744390572,0.0024912893772124356,0.11105005356066266
7b_collapsed,yelp,classic,305,0.5,0.0,-0.5,0.43079500636227125,0.18558433750666933,0.9457847820134473,2.967590256199712,0.061197916666666664,7.789868559054706,1.3862943611198906,0.6625,2.0,0.05263157894736842,0.0,0.9,3.1780538303479458,0.0003869354724883589,0.11520290811955866
7b_collapsed,yelp,classic,306,0.43067655807339306,1.0,0.5693234419266069,0.43079500636227125,0.18558433750666933,0.9457847820134473,2.967590256199712,0.061197916666666664,6.621405651764134,0.6931471805599453,0.6625,3.0,0.0,0.0,0.8,3.912023005428146,0.538336435953776,0.12168255163252971
7b_collapsed,yelp,classic,307,0.5,0.0,-0.5,0.43079500636227125,0.18558433750666933,0.9457847820134473,2.967590256199712,0.061197916666666664,5.955837369464831,0.6931471805599453,0.6666666666666666,1.0,0.3157894736842105,0.0,1.0,4.304065093204169,0.23034052451451614,0.14210071878918362
7b_collapsed,yelp,classic,308,1.0,0.6309297535714575,-0.36907024642854247,0.43079500636227125,0.18558433750666933,0.9457847820134473,2.967590256199712,0.061197916666666664,7.231287004327616,0.6931471805599453,0.6666666666666666,1.0,0.42105263157894735,0.0,0.85,3.7376696182833684,5.208849906923607e-05,0.1659417677503224
7b_collapsed,yelp,classic,309,0.43067655807339306,1.0,0.5693234419266069,0.43079500636227125,0.18558433750666933,0.9457847820134473,2.967590256199712,0.061197916666666664,7.566311014772463,1.6094379124341003,0.6666666666666666,2.0,0.15789473684210525,0.0,0.95,5.147494476813453,0.010611176490783691,0.1279999267365646
7b_collapsed,yelp,classic,310,1.0,0.0,-1.0,0.43079500636227125,0.18558433750666933,0.9457847820134473,2.967590256199712,0.061197916666666664,9.584039577320695,2.1972245773362196,0.6666666666666666,2.0,0.3157894736842105,0.0,0.85,3.6888794541139363,0.0006068944931030273,0.10724267585410584
7b_collapsed,yelp,classic,311,1.0,0.0,-1.0,0.43079500636227125,0.18558433750666933,0.9457847820134473,2.967590256199712,0.061197916666666664,8.387084506069217,1.9459101490553132,0.6666666666666666,2.0,0.2631578947368421,0.0,1.0,2.302585092994046,0.23542810281117765,0.133648994206568
7b_collapsed,yelp,classic,312,0.43067655807339306,0.0,-0.43067655807339306,0.43079500636227125,0.18558433750666933,0.9457847820134473,2.967590256199712,0.061197916666666664,8.28045768658256,1.791759469228055,0.6666666666666666,1.0,0.631578947368421,0.0,0.95,4.867534450455582,0.0028103649616241233,0.14651254087615434
7b_collapsed,yelp,classic,313,1.0,0.6309297535714575,-0.36907024642854247,0.43079500636227125,0.18558433750666933,0.9457847820134473,2.967590256199712,0.061197916666666664,7.252762418053187,1.0986122886681096,0.6583333333333333,1.0,0.21052631578947367,0.0,0.95,4.430816798843313,0.00012858510017388358,0.1644938640626336
7b_collapsed,yelp,classic,314,0.0,0.0,0.0,0.43079500636227125,0.18558433750666933,0.9457847820134473,2.967590256199712,0.061197916666666664,7.346655163176539,1.0986122886681096,0.6666666666666666,0.0,0.42105263157894735,0.05263157894736842,0.95,3.091042453358316,0.19986741145451858,0.1353363000937101
7b_collapsed,yelp,classic,315,1.0,1.0,0.0,0.43079500636227125,0.18558433750666933,0.9457847820134473,2.967590256199712,0.061197916666666664,10.302800441159095,3.7376696182833684,0.6541666666666666,3.0,0.0,0.0,0.85,3.5553480614894135,0.00010644793510439232,0.11583283548298835
7b_collapsed,yelp,classic,316,1.0,1.0,0.0,0.43079500636227125,0.18558433750666933,0.9457847820134473,2.967590256199712,0.061197916666666664,7.112327444710911,1.3862943611198906,0.6625,3.0,0.0,0.0,1.0,3.1780538303479458,0.006474995613098167,0.12226211493182425
7b_collapsed,yelp,classic,317,0.6309297535714575,1.0,0.36907024642854247,0.43079500636227125,0.18558433750666933,0.9457847820134473,2.967590256199712,0.061197916666666664,7.349230824613334,1.3862943611198906,0.6625,2.0,0.15789473684210525,0.0,1.0,3.258096538021482,0.0007445096969603826,0.1427714323247127
7b_collapsed,yelp,classic,318,0.6309297535714575,0.43067655807339306,-0.20025319549806447,0.43079500636227125,0.18558433750666933,0.9457847820134473,2.967590256199712,0.061197916666666664,8.207129168071326,1.6094379124341003,0.6666666666666666,2.0,0.2631578947368421,0.0,1.0,4.624972813284271,0.00015276074409475981,0.17551966141581302
7b_collapsed,yelp,classic,319,0.0,0.0,0.0,0.43079500636227125,0.18558433750666933,0.9457847820134473,2.967590256199712,0.061197916666666664,6.100318952020064,0.6931471805599453,0.6666666666666666,2.0,0.05263157894736842,0.0,0.95,4.0943445622221,0.0002079606056213379,0.156766076193698
7b_collapsed,yelp,classic,320,0.6309297535714575,1.0,0.36907024642854247,0.43079500636227125,0.18558433750666933,0.9457847820134473,2.967590256199712,0.061197916666666664,6.796823718274855,0.6931471805599453,0.6625,3.0,0.0,0.0,1.0,2.3978952727983707,0.09295556545257566,0.08664485864001521
7b_collapsed,yelp,classic,321,1.0,1.0,0.0,0.43079500636227125,0.18558433750666933,0.9457847820134473,2.967590256199712,0.061197916666666664,6.300785794663244,0.6931471805599453,0.6625,0.0,0.3684210526315789,0.05263157894736842,0.95,3.713572066704308,0.0015066862106323242,0.13653534365059158
7b_collapsed,yelp,classic,322,0.0,1.0,1.0,0.43079500636227125,0.18558433750666933,0.9457847820134473,2.967590256199712,0.061197916666666664,7.8336002236611035,1.791759469228055,0.6625,2.0,0.10526315789473684,0.0,0.95,3.713572066704308,0.003080660104751609,0.16781116042229838
7b_collapsed,yelp,classic,323,0.0,0.0,0.0,0.43079500636227125,0.18558433750666933,0.9457847820134473,2.967590256199712,0.061197916666666664,7.823645930834952,1.791759469228055,0.6666666666666666,3.0,0.0,0.0,0.95,0.6931471805599453,4.8637390136496705e-06,0.15993525251937923
7b_collapsed,yelp,classic,324,0.5,0.0,-0.5,0.43079500636227125,0.18558433750666933,0.9457847820134473,2.967590256199712,0.061197916666666664,8.055157731819678,1.0986122886681096,0.6625,0.0,0.21052631578947367,0.05263157894736842,0.95,4.927253685157205,0.008009362220764094,0.15382846838051636
7b_collapsed,yelp,classic,325,0.43067655807339306,0.6309297535714575,0.20025319549806447,0.43079500636227125,0.18558433750666933,0.9457847820134473,2.967590256199712,0.061197916666666664,7.144407180321139,1.0986122886681096,0.6625,1.0,0.3157894736842105,0.0,0.95,3.6888794541139363,0.0014895558357238547,0.1632500381194195
7b_collapsed,yelp,classic,326,0.0,0.6309297535714575,0.6309297535714575,0.43079500636227125,0.18558433750666933,0.9457847820134473,2.967590256199712,0.061197916666666664,7.471932078245122,1.3862943611198906,0.6583333333333333,0.0,0.47368421052631576,0.05263157894736842,0.95,5.262690188904886,0.0009380221366882546,0.1320971877668116
7b_collapsed,yelp,classic,327,1.0,1.0,0.0,0.43079500636227125,0.18558433750666933,0.9457847820134473,2.967590256199712,0.061197916666666664,7.252762418053187,1.0986122886681096,0.6666666666666666,2.0,0.10526315789473684,0.0,0.95,4.219507705176107,0.0032026290893555354,0.14428793037649082
7b_collapsed,yelp,classic,328,0.0,0.38685280723454163,0.38685280723454163,0.43079500636227125,0.18558433750666933,0.9457847820134473,2.967590256199712,0.061197916666666664,9.885883506587767,3.6109179126442243,0.6625,2.0,0.15789473684210525,0.0,1.0,4.0943445622221,0.2309835751851399,0.13379173892182208
7b_collapsed,yelp,classic,329,0.38685280723454163,0.0,-0.38685280723454163,0.43079500636227125,0.18558433750666933,0.9457847820134473,2.967590256199712,0.061197916666666664,10.075464117275093,3.4965075614664802,0.6625,2.0,0.05263157894736842,0.0,1.0,4.0943445622221,0.0021625399589537686,0.1829436975365688
7b_collapsed,yelp,classic,330,0.43067655807339306,0.0,-0.43067655807339306,0.43079500636227125,0.18558433750666933,0.9457847820134473,2.967590256199712,0.061197916666666664,6.608000625296087,0.6931471805599453,0.6625,2.0,0.10526315789473684,0.0,1.0,4.927253685157205,0.23174575169881184,0.1435604743325652
7b_collapsed,yelp,classic,331,0.0,0.0,0.0,0.43079500636227125,0.18558433750666933,0.9457847820134473,2.967590256199712,0.061197916666666664,10.17740026090191,3.295836866004329,0.6625,3.0,0.0,0.0,0.95,3.1354942159291497,0.23642432888348885,0.14436625805539594
7b_collapsed,yelp,classic,332,0.6309297535714575,0.5,-0.13092975357145753,0.43079500636227125,0.18558433750666933,0.9457847820134473,2.967590256199712,0.061197916666666664,6.628041376179533,0.6931471805599453,0.6666666666666666,2.0,0.3157894736842105,0.0,0.95,2.302585092994046,0.0016719818115235041,0.09450008292021418
7b_collapsed,yelp,classic,333,0.0,0.0,0.0,0.43079500636227125,0.18558433750666933,0.9457847820134473,2.967590256199712,0.061197916666666664,10.521102670483636,4.382026634673881,0.6541666666666666,2.0,0.47368421052631576,0.0,0.9,2.0794415416798357,0.232135566075643,0.14664533006705638
7b_collapsed,yelp,classic,334,0.38685280723454163,0.0,-0.38685280723454163,0.43079500636227125,0.18558433750666933,0.9457847820134473,2.967590256199712,0.061197916666666664,6.815639990074331,1.0986122886681096,0.6541666666666666,2.0,0.05263157894736842,0.0,0.95,1.791759469228055,0.0017848849296570046,0.14161664862415294
7b_collapsed,yelp,classic,335,0.0,0.5,0.5,0.43079500636227125,0.18558433750666933,0.9457847820134473,2.967590256199712,0.061197916666666664,9.339261152043022,2.772588722239781,0.6583333333333333,2.0,0.42105263157894735,0.0,0.95,5.0106352940962555,0.0009202659130096436,0.14510035623486572
7b_collapsed,yelp,classic,336,0.6309297535714575,0.6309297535714575,0.0,0.43079500636227125,0.18558433750666933,0.9457847820134473,2.967590256199712,0.061197916666666664,9.917784857236953,3.332204510175204,0.6625,1.0,0.3684210526315789,0.0,0.85,5.099866427824199,0.23272742231686916,0.1349298523135904
7b_collapsed,yelp,classic,337,1.0,1.0,0.0,0.43079500636227125,0.18558433750666933,0.9457847820134473,2.967590256199712,0.061197916666666664,7.288244401020124,1.3862943611198906,0.6625,2.0,0.10526315789473684,0.0,1.0,5.262690188904886,0.013681286573410056,0.14576708532320004
7b_collapsed,yelp,classic,338,1.0,0.6309297535714575,-0.36907024642854247,0.43079500636227125,0.18558433750666933,0.9457847820134473,2.967590256199712,0.061197916666666664,7.286191714702382,1.0986122886681096,0.6666666666666666,1.0,0.5789473684210527,0.0,0.9,4.290459441148391,0.0007830440998077837,0.11047390704970088
7b_collapsed,yelp,classic,339,1.0,0.5,-0.5,0.43079500636227125,0.18558433750666933,0.9457847820134473,2.967590256199712,0.061197916666666664,7.9215356321335495,1.9459101490553132,0.6666666666666666,2.0,0.42105263157894735,0.0,1.0,2.9444389791664403,0.0008391380310058816,0.14889791547117742
7b_collapsed,yelp,classic,340,1.0,1.0,0.0,0.43079500636227125,0.18558433750666933,0.9457847820134473,2.967590256199712,0.061197916666666664,6.635946555686647,0.6931471805599453,0.6666666666666666,1.0,0.2631578947368421,0.0,0.9,3.367295829986474,0.006896567344665483,0.1639869669519447
7b_collapsed,yelp,classic,341,0.0,0.0,0.0,0.43079500636227125,0.18558433750666933,0.9457847820134473,2.967590256199712,0.061197916666666664,7.955425088912672,1.0986122886681096,0.6625,2.0,0.3684210526315789,0.0,0.85,3.295836866004329,0.22901204427083321,0.1406762661764203
7b_collapsed,yelp,classic,342,1.0,0.38685280723454163,-0.6131471927654584,0.43079500636227125,0.18558433750666933,0.9457847820134473,2.967590256199712,0.061197916666666664,8.0861025356691,1.791759469228055,0.6625,3.0,0.0,0.0,0.95,2.4849066497880004,0.0022801637649536577,0.17238175265902522
7b_collapsed,yelp,classic,343,0.0,0.0,0.0,0.43079500636227125,0.18558433750666933,0.9457847820134473,2.967590256199712,0.061197916666666664,7.087573705557973,0.6931471805599453,0.6666666666666666,3.0,0.0,0.0,1.0,3.4657359027997265,0.23006323774655657,0.1425264806508101
7b_collapsed,yelp,classic,344,1.0,0.0,-1.0,0.43079500636227125,0.18558433750666933,0.9457847820134473,2.967590256199712,0.061197916666666664,5.958424693029782,0.6931471805599453,0.6583333333333333,2.0,0.05263157894736842,0.0,1.0,2.9444389791664403,0.23039604624112442,0.20561892559044115
7b_collapsed,yelp,classic,345,1.0,1.0,0.0,0.43079500636227125,0.18558433750666933,0.9457847820134473,2.967590256199712,0.061197916666666664,8.531096096585228,2.302585092994046,0.6666666666666666,3.0,0.0,0.0,1.0,3.7376696182833684,0.0036540448665619563,0.10006884597710008
7b_collapsed,yelp,classic,346,1.0,1.0,0.0,0.43079500636227125,0.18558433750666933,0.9457847820134473,2.967590256199712,0.061197916666666664,6.045005314036012,0.6931471805599453,0.6666666666666666,2.0,0.05263157894736842,0.0,1.0,4.219507705176107,0.23618968923886607,0.13984343868973692
7b_collapsed,yelp,classic,347,0.5,0.0,-0.5,0.43079500636227125,0.18558433750666933,0.9457847820134473,2.967590256199712,0.061197916666666664,6.882437470997847,0.6931471805599453,0.6625,2.0,0.3157894736842105,0.0,1.0,3.1354942159291497,0.22358548839886982,0.14260300328767195
7b_collapsed,yelp,classic,348,0.0,0.0,0.0,0.43079500636227125,0.18558433750666933,0.9457847820134473,2.967590256199712,0.061197916666666664,6.755768921984256,0.6931471805599453,0.6666666666666666,0.0,0.2631578947368421,0.05263157894736842,0.9,4.927253685157205,0.003845161199569569,0.21301614523285084
7b_collapsed,yelp,classic,349,0.38685280723454163,0.0,-0.38685280723454163,0.43079500636227125,0.18558433750666933,0.9457847820134473,2.967590256199712,0.061197916666666664,6.0844994130751715,0.6931471805599453,0.6666666666666666,2.0,0.21052631578947367,0.0,0.95,1.9459101490553132,0.22944171627362564,0.13627982464402205
7b_collapsed,yelp,classic,350,0.6309297535714575,0.6309297535714575,0.0,0.43079500636227125,0.18558433750666933,0.9457847820134473,2.967590256199712,0.061197916666666664,8.212025804623437,1.0986122886681096,0.6625,1.0,0.5789473684210527,0.0,0.8,1.791759469228055,0.0004441380500793679,0.1799702995699098
7b_collapsed,yelp,classic,351,1.0,0.43067655807339306,-0.5693234419266069,0.43079500636227125,0.18558433750666933,0.9457847820134473,2.967590256199712,0.061197916666666664,5.83773044716594,0.6931471805599453,0.6666666666666666,1.0,0.21052631578947367,0.0,1.0,3.6109179126442243,0.0018211841583252175,0.1212520819239554
7b_collapsed,yelp,classic,352,0.0,0.0,0.0,0.43079500636227125,0.18558433750666933,0.9457847820134473,2.967590256199712,0.061197916666666664,6.159095388491933,0.6931471805599453,0.6666666666666666,2.0,0.10526315789473684,0.0,0.95,3.6888794541139363,0.2481266637643179,0.18851270567295939
7b_collapsed,yelp,classic,353,0.0,0.0,0.0,0.43079500636227125,0.18558433750666933,0.9457847820134473,2.967590256199712,0.061197916666666664,6.947937068614969,1.0986122886681096,0.6666666666666666,2.0,0.21052631578947367,0.0,0.9,3.5553480614894135,0.0007926821708679199,0.11602014859199274
7b_collapsed,yelp,classic,354,0.6309297535714575,0.43067655807339306,-0.20025319549806447,0.43079500636227125,0.18558433750666933,0.9457847820134473,2.967590256199712,0.061197916666666664,10.3962917617043,3.7612001156935624,0.6666666666666666,2.0,0.3157894736842105,0.0,0.95,5.58724865840025,0.23354994853337607,0.13797452318758419
7b_collapsed,yelp,classic,355,1.0,1.0,0.0,0.43079500636227125,0.18558433750666933,0.9457847820134473,2.967590256199712,0.061197916666666664,6.698268054115413,0.6931471805599453,0.6666666666666666,2.0,0.10526315789473684,0.0,1.0,3.5263605246161616,0.010617864131927446,0.1555171338215663
7b_collapsed,yelp,classic,356,0.6309297535714575,0.6309297535714575,0.0,0.43079500636227125,0.18558433750666933,0.9457847820134473,2.967590256199712,0.061197916666666664,6.042632833682381,0.6931471805599453,0.6666666666666666,1.0,0.21052631578947367,0.0,0.95,4.663439094112067,0.02782203555107121,0.16058868094886486
7b_collapsed,yelp,classic,357,1.0,0.6309297535714575,-0.36907024642854247,0.43079500636227125,0.18558433750666933,0.9457847820134473,2.967590256199712,0.061197916666666664,7.691200097522863,0.6931471805599453,0.6666666666666666,1.0,0.15789473684210525,0.0,0.95,4.248495242049359,0.23134790857632948,0.14223851146579217
7b_collapsed,yelp,classic,358,0.43067655807339306,0.0,-0.43067655807339306,0.43079500636227125,0.18558433750666933,0.9457847820134473,2.967590256199712,0.061197916666666664,9.092232283495854,2.302585092994046,0.6666666666666666,2.0,0.05263157894736842,0.0,1.0,3.367295829986474,0.004832357168197632,0.10990951985140984
7b_collapsed,yelp,classic,359,0.0,0.0,0.0,0.43079500636227125,0.18558433750666933,0.9457847820134473,2.967590256199712,0.061197916666666664,8.572249397164315,1.791759469228055,0.6625,2.0,0.05263157894736842,0.0,0.9,2.833213344056216,0.23685074647267657,0.12652000209972594
7b_collapsed,yelp,classic,360,0.6309297535714575,0.0,-0.6309297535714575,0.43079500636227125,0.18558433750666933,0.9457847820134473,2.967590256199712,0.061197916666666664,6.340359303727752,0.6931471805599453,0.6666666666666666,3.0,0.0,0.0,1.0,5.093750200806762,0.0025808572769164817,0.08551565583109506
7b_collapsed,yelp,classic,361,0.5,0.38685280723454163,-0.11314719276545837,0.43079500636227125,0.18558433750666933,0.9457847820134473,2.967590256199712,0.061197916666666664,6.818924065275521,1.0986122886681096,0.6666666666666666,0.0,0.3157894736842105,0.05263157894736842,0.95,4.060443010546419,0.015480011701583862,0.14830634872339524
7b_collapsed,yelp,classic,362,1.0,0.5,-0.5,0.43079500636227125,0.18558433750666933,0.9457847820134473,2.967590256199712,0.061197916666666664,6.077642243349034,0.6931471805599453,0.6666666666666666,2.0,0.05263157894736842,0.0,1.0,3.713572066704308,0.019587779045105003,0.16462170988859767
7b_collapsed,yelp,classic,363,0.5,0.5,0.0,0.43079500636227125,0.18558433750666933,0.9457847820134473,2.967590256199712,0.061197916666666664,9.574010790427302,2.8903717578961645,0.6625,1.0,0.42105263157894735,0.0,1.0,4.430816798843313,0.0012149333953856978,0.13013838076798173
7b_collapsed,yelp,classic,364,0.5,0.0,-0.5,0.43079500636227125,0.18558433750666933,0.9457847820134473,2.967590256199712,0.061197916666666664,7.3098814858247865,1.0986122886681096,0.6625,3.0,0.0,0.0,0.9,2.1972245773362196,0.01412190198898311,0.09907104377733646
7b_collapsed,yelp,classic,365,0.43067655807339306,0.0,-0.43067655807339306,0.43079500636227125,0.18558433750666933,0.9457847820134473,2.967590256199712,0.061197916666666664,6.118097198041348,0.6931471805599453,0.6625,1.0,0.47368421052631576,0.0,1.0,5.58724865840025,0.23577673633893326,0.13502394717241425
7b_collapsed,yelp,classic,366,1.0,0.6309297535714575,-0.36907024642854247,0.43079500636227125,0.18558433750666933,0.9457847820134473,2.967590256199712,0.061197916666666664,10.157780872842554,3.784189633918261,0.6666666666666666,1.0,0.3684210526315789,0.0,1.0,3.367295829986474,0.23136185606320703,0.13939481260785952
7b_collapsed,yelp,classic,367,1.0,1.0,0.0,0.43079500636227125,0.18558433750666933,0.9457847820134473,2.967590256199712,0.061197916666666664,5.8944028342648505,0.6931471805599453,0.6625,2.0,0.05263157894736842,0.0,0.9,3.1780538303479458,0.17603201866149898,0.04787105216101754
7b_collapsed,yelp,classic,368,1.0,0.6309297535714575,-0.36907024642854247,0.43079500636227125,0.18558433750666933,0.9457847820134473,2.967590256199712,0.061197916666666664,6.129050210060545,0.6931471805599453,0.6666666666666666,2.0,0.10526315789473684,0.0,1.0,4.110873864173311,0.009707844257354714,0.07182511373590833
7b_collapsed,yelp,cold_start_user,0,0.0,0.0,0.0,0.43079500636227125,0.18558433750666933,0.9457847820134473,2.967590256199712,0.061197916666666664,6.018593214496234,0.6931471805599453,0.6625,0.0,0.3157894736842105,0.05263157894736842,0.75,4.795790545596741,0.0007018089294432706,0.15220655462938737
7b_collapsed,yelp,cold_start_user,1,1.0,1.0,0.0,0.43079500636227125,0.18558433750666933,0.9457847820134473,2.967590256199712,0.061197916666666664,7.5883236773352225,1.3862943611198906,0.6625,3.0,0.0,0.0,0.9,4.394449154672439,0.0009208917617797852,0.15584414806644092
7b_collapsed,yelp,cold_start_user,2,1.0,0.6309297535714575,-0.36907024642854247,0.43079500636227125,0.18558433750666933,0.9457847820134473,2.967590256199712,0.061197916666666664,5.961005339623274,0.6931471805599453,0.6666666666666666,2.0,0.42105263157894735,0.0,0.9,4.290459441148391,0.007815939188003496,0.15485611113181377
7b_collapsed,yelp,cold_start_user,3,0.43067655807339306,0.5,0.06932344192660694,0.43079500636227125,0.18558433750666933,0.9457847820134473,2.967590256199712,0.061197916666666664,7.791522819150732,1.791759469228055,0.6666666666666666,1.0,0.5789473684210527,0.0,0.95,3.9318256327243257,0.23325664003690083,0.15735375446401845
7b_collapsed,yelp,cold_start_user,4,0.6309297535714575,0.0,-0.6309297535714575,0.43079500636227125,0.18558433750666933,0.9457847820134473,2.967590256199712,0.061197916666666664,6.061456918928017,0.6931471805599453,0.6666666666666666,2.0,0.15789473684210525,0.0,0.95,3.367295829986474,0.0020909070968627708,0.1580137960541676
7b_collapsed,yelp,cold_start_user,5,1.0,0.0,-1.0,0.43079500636227125,0.18558433750666933,0.9457847820134473,2.967590256199712,0.061197916666666664,7.803843303538772,1.6094379124341003,0.6625,2.0,0.10526315789473684,0.0,1.0,3.5263605246161616,0.0037199020385741965,0.13489163992821035
7b_collapsed,yelp,cold_start_user,6,0.0,0.43067655807339306,0.43067655807339306,0.43079500636227125,0.18558433750666933,0.9457847820134473,2.967590256199712,0.061197916666666664,6.665683717782408,0.6931471805599453,0.6625,1.0,0.2631578947368421,0.0,0.95,4.927253685157205,0.22022355397542315,0.15062052623962321
7b_collapsed,yelp,cold_start_user,7,1.0,0.38685280723454163,-0.6131471927654584,0.43079500636227125,0.18558433750666933,0.9457847820134473,2.967590256199712,0.061197916666666664,8.938925271988273,1.3862943611198906,0.6666666666666666,1.0,0.15789473684210525,0.0,1.0,3.8066624897703196,0.23345464070638022,0.1845048056670174
7b_collapsed,yelp,cold_start_user,8,0.6309297535714575,0.5,-0.13092975357145753,0.43079500636227125,0.18558433750666933,0.9457847820134473,2.967590256199712,0.061197916666666664,5.934894195619588,0.6931471805599453,0.6666666666666666,2.0,0.15789473684210525,0.0,0.95,4.605170185988092,0.22753910024960833,0.1394576085043373
7b_collapsed,yelp,cold_start_user,9,1.0,0.6309297535714575,-0.36907024642854247,0.43079500636227125,0.18558433750666933,0.9457847820134473,2.967590256199712,0.061197916666666664,7.83399634170946,1.9459101490553132,0.6666666666666666,1.0,0.21052631578947367,0.0,0.9,3.367295829986474,0.26814874609311423,0.10929706932476146
7b_collapsed,yelp,cold_start_user,10,0.5,0.6309297535714575,0.13092975357145753,0.43079500636227125,0.18558433750666933,0.9457847820134473,2.967590256199712,0.061197916666666664,7.531552381407289,1.3862943611198906,0.6583333333333333,0.0,0.5263157894736842,0.10526315789473684,0.9,4.927253685157205,0.2295719464619954,0.1406845001216067
7b_collapsed,yelp,cold_start_user,11,0.5,0.43067655807339306,-0.06932344192660694,0.43079500636227125,0.18558433750666933,0.9457847820134473,2.967590256199712,0.061197916666666664,6.429719478039138,0.6931471805599453,0.6625,3.0,0.0,0.0,0.95,3.7376696182833684,0.005534917116165161,0.16725527922912278
7b_collapsed,yelp,cold_start_user,12,0.5,0.6309297535714575,0.13092975357145753,0.43079500636227125,0.18558433750666933,0.9457847820134473,2.967590256199712,0.061197916666666664,6.066108090103747,0.6931471805599453,0.6666666666666666,3.0,0.0,0.0,0.95,4.927253685157205,0.00044002532958975493,0.10582886577253467
7b_collapsed,yelp,cold_start_user,13,0.0,0.0,0.0,0.43079500636227125,0.18558433750666933,0.9457847820134473,2.967590256199712,0.061197916666666664,7.81762544305337,1.3862943611198906,0.6666666666666666,2.0,0.3157894736842105,0.0,1.0,2.3978952727983707,0.004396247863769465,0.13708557481630393
7b_collapsed,yelp,cold_start_user,14,1.0,0.0,-1.0,0.43079500636227125,0.18558433750666933,0.9457847820134473,2.967590256199712,0.061197916666666664,6.576469569048224,0.6931471805599453,0.6666666666666666,2.0,0.05263157894736842,0.0,1.0,3.367295829986474,0.012903624773025535,0.10658555766773874
7b_collapsed,yelp,cold_start_user,15,0.5,0.6309297535714575,0.13092975357145753,0.43079500636227125,0.18558433750666933,0.9457847820134473,2.967590256199712,0.061197916666666664,6.62273632394984,0.6931471805599453,0.6666666666666666,2.0,0.05263157894736842,0.0,1.0,3.8501476017100584,0.0012274146080016868,0.0965417332435775
7b_collapsed,yelp,cold_start_user,16,0.0,0.0,0.0,0.43079500636227125,0.18558433750666933,0.9457847820134473,2.967590256199712,0.061197916666666664,6.461468176353717,0.6931471805599453,0.6666666666666666,0.0,0.3157894736842105,0.05263157894736842,0.9,4.955827057601261,0.0015609741210937944,0.16054820234483358
7b_collapsed,yelp,cold_start_user,17,0.6309297535714575,0.0,-0.6309297535714575,0.43079500636227125,0.18558433750666933,0.9457847820134473,2.967590256199712,0.061197916666666664,6.418364935936212,0.6931471805599453,0.6666666666666666,1.0,0.15789473684210525,0.0,1.0,3.258096538021482,0.1944997568925222,0.1349122014503312
7b_collapsed,yelp,cold_start_user,18,0.43067655807339306,0.43067655807339306,0.0,0.43079500636227125,0.18558433750666933,0.9457847820134473,2.967590256199712,0.061197916666666664,6.745236349484362,0.6931471805599453,0.6666666666666666,1.0,0.3684210526315789,0.0,0.95,4.927253685157205,0.029020312428474415,0.07428156872314742
7b_collapsed,yelp,cold_start_user,19,1.0,1.0,0.0,0.43079500636227125,0.18558433750666933,0.9457847820134473,2.967590256199712,0.061197916666666664,5.891644211825771,0.6931471805599453,0.6666666666666666,1.0,0.21052631578947367,0.0,0.95,3.367295829986474,0.004442274570465088,0.09714203409907607
7b_collapsed,yelp,cold_start_user,20,0.6309297535714575,1.0,0.36907024642854247,0.43079500636227125,0.18558433750666933,0.9457847820134473,2.967590256199712,0.061197916666666664,7.170119543449628,1.0986122886681096,0.6625,1.0,0.5263157894736842,0.0,0.95,3.8066624897703196,0.004200160503387451,0.12526495157056725
7b_collapsed,yelp,cold_start_user,21,0.0,0.0,0.0,0.43079500636227125,0.18558433750666933,0.9457847820134473,2.967590256199712,0.061197916666666664,6.679599185844383,0.6931471805599453,0.6625,0.0,0.3684210526315789,0.05263157894736842,0.85,4.624972813284271,0.001520955562591575,0.1277629909253022
7b_collapsed,yelp,cold_start_user,22,1.0,0.38685280723454163,-0.6131471927654584,0.43079500636227125,0.18558433750666933,0.9457847820134473,2.967590256199712,0.061197916666666664,6.9363427358340495,0.6931471805599453,0.6583333333333333,3.0,0.0,0.0,0.85,2.1972245773362196,0.0010770857334136963,0.1916967893175323
7b_collapsed,yelp,cold_start_user,23,0.0,0.0,0.0,0.43079500636227125,0.18558433750666933,0.9457847820134473,2.967590256199712,0.061197916666666664,6.327936783729195,0.6931471805599453,0.6583333333333333,3.0,0.0,0.0,1.0,2.0794415416798357,0.0004346609115599698,0.15081747971352719
7b_collapsed,yelp,cold_start_user,24,0.5,0.38685280723454163,-0.11314719276545837,0.43079500636227125,0.18558433750666933,0.9457847820134473,2.967590256199712,0.061197916666666664,8.00736706798333,1.9459101490553132,0.6666666666666666,2.0,0.3157894736842105,0.0,0.95,1.791759469228055,0.002156907320022605,0.11820697435626476
7b_collapsed,yelp,cold_start_user,25,0.43067655807339306,0.0,-0.43067655807339306,0.43079500636227125,0.18558433750666933,0.9457847820134473,2.967590256199712,0.061197916666666664,6.835184586147301,0.6931471805599453,0.6666666666666666,2.0,0.05263157894736842,0.0,0.9,3.9318256327243257,0.0005997955799101895,0.15537054008834764
7b_collapsed,yelp,cold_start_user,26,0.43067655807339306,0.38685280723454163,-0.04382375083885143,0.43079500636227125,0.18558433750666933,0.9457847820134473,2.967590256199712,0.061197916666666664,7.52131798019924,0.6931471805599453,0.6666666666666666,1.0,0.21052631578947367,0.0,0.95,4.663439094112067,0.007662498950958274,0.15864216487859703
7b_collapsed,yelp,cold_start_user,27,0.0,0.0,0.0,0.43079500636227125,0.18558433750666933,0.9457847820134473,2.967590256199712,0.061197916666666664,6.261491684321042,0.6931471805599453,0.6625,2.0,0.05263157894736842,0.0,1.0,3.5553480614894135,0.00048483610153204904,0.12682338249858335
7b_collapsed,yelp,cold_start_user,28,0.0,0.0,0.0,0.43079500636227125,0.18558433750666933,0.9457847820134473,2.967590256199712,0.061197916666666664,6.980075940561763,1.0986122886681096,0.6625,0.0,0.631578947368421,0.05263157894736842,0.9,5.262690188904886,0.0017109274864196555,0.1198996620721046
7b_collapsed,yelp,cold_start_user,29,0.38685280723454163,0.0,-0.38685280723454163,0.43079500636227125,0.18558433750666933,0.9457847820134473,2.967590256199712,0.061197916666666664,7.397561535524052,1.0986122886681096,0.6625,1.0,0.21052631578947367,0.0,0.95,3.7376696182833684,0.22375389536221812,0.13715705707548326
7b_collapsed,yelp,cold_start_user,30,0.0,0.0,0.0,0.43079500636227125,0.18558433750666933,0.9457847820134473,2.967590256199712,0.061197916666666664,7.58629630715272,1.3862943611198906,0.6666666666666666,2.0,0.10526315789473684,0.0,0.95,1.9459101490553132,0.0010410189628601296,0.17028476336884524
7b_collapsed,yelp,cold_start_user,31,0.5,0.5,0.0,0.43079500636227125,0.18558433750666933,0.9457847820134473,2.967590256199712,0.061197916666666664,6.940222469119639,0.6931471805599453,0.6666666666666666,2.0,0.10526315789473684,0.0,0.95,3.5553480614894135,0.2326848109563191,0.13321357311325716
7b_collapsed,yelp,cold_start_user,32,0.0,1.0,1.0,0.43079500636227125,0.18558433750666933,0.9457847820134473,2.967590256199712,0.061197916666666664,7.256297239690681,1.3862943611198906,0.6625,1.0,0.15789473684210525,0.0,0.9,3.6109179126442243,0.005283862352371216,0.12910956040523738
7b_collapsed,yelp,cold_start_user,33,1.0,1.0,0.0,0.43079500636227125,0.18558433750666933,0.9457847820134473,2.967590256199712,0.061197916666666664,7.466227556215481,1.6094379124341003,0.6666666666666666,1.0,0.15789473684210525,0.0,0.95,4.060443010546419,0.22174252470334366,0.11053107159028694
7b_collapsed,yelp,cold_start_user,34,1.0,0.0,-1.0,0.43079500636227125,0.18558433750666933,0.9457847820134473,2.967590256199712,0.061197916666666664,7.5766097669730375,0.6931471805599453,0.6625,1.0,0.3157894736842105,0.0,0.95,5.147494476813453,0.010907435417175315,0.16813856309868275
7b_collapsed,yelp,cold_start_user,35,1.0,1.0,0.0,0.43079500636227125,0.18558433750666933,0.9457847820134473,2.967590256199712,0.061197916666666664,8.034955024502159,1.0986122886681096,0.6625,2.0,0.2631578947368421,0.0,0.95,4.1588830833596715,0.22588054736455287,0.1446052463061894
7b_collapsed,yelp,cold_start_user,36,0.5,0.0,-0.5,0.43079500636227125,0.18558433750666933,0.9457847820134473,2.967590256199712,0.061197916666666664,6.866933284461882,0.6931471805599453,0.6583333333333333,2.0,0.05263157894736842,0.0,1.0,3.1354942159291497,0.0038496136665344682,0.20532960356155572
7b_collapsed,yelp,cold_start_user,37,0.5,0.0,-0.5,0.43079500636227125,0.18558433750666933,0.9457847820134473,2.967590256199712,0.061197916666666664,7.591357046698551,1.3862943611198906,0.6625,1.0,0.10526315789473684,0.0,0.95,3.1780538303479458,0.0002927362918854204,0.1434443150363105
7b_collapsed,yelp,cold_start_user,38,1.0,1.0,0.0,0.43079500636227125,0.18558433750666933,0.9457847820134473,2.967590256199712,0.061197916666666664,8.183676582620658,1.6094379124341003,0.6666666666666666,2.0,0.15789473684210525,0.0,1.0,3.6109179126442243,0.23180429538091019,0.1642975126332036
7b_collapsed,yelp,cold_start_user,39,0.0,0.0,0.0,0.43079500636227125,0.18558433750666933,0.9457847820134473,2.967590256199712,0.061197916666666664,5.955837369464831,0.6931471805599453,0.6625,2.0,0.21052631578947367,0.0,0.95,3.4011973816621555,0.007235902547836348,0.0960919546857924
7b_collapsed,yelp,cold_start_user,40,0.43067655807339306,0.0,-0.43067655807339306,0.43079500636227125,0.18558433750666933,0.9457847820134473,2.967590256199712,0.061197916666666664,6.756932389247553,0.6931471805599453,0.6666666666666666,2.0,0.42105263157894735,0.0,0.85,4.382026634673881,0.23284438451131184,0.1407287062880446
7b_collapsed,yelp,cold_start_user,41,0.38685280723454163,0.6309297535714575,0.2440769463369159,0.43079500636227125,0.18558433750666933,0.9457847820134473,2.967590256199712,0.061197916666666664,7.234177179749849,1.0986122886681096,0.6666666666666666,1.0,0.15789473684210525,0.0,0.95,4.663439094112067,0.007234758138656594,0.16705287021294576
7b_collapsed,yelp,cold_start_user,42,0.5,0.0,-0.5,0.43079500636227125,0.18558433750666933,0.9457847820134473,2.967590256199712,0.061197916666666664,8.640648995343156,1.9459101490553132,0.6583333333333333,1.0,0.47368421052631576,0.0,0.9,3.295836866004329,0.0004604637622833696,0.13396039938116167
7b_collapsed,yelp,cold_start_user,43,0.0,0.0,0.0,0.43079500636227125,0.18558433750666933,0.9457847820134473,2.967590256199712,0.061197916666666664,7.6093665379542115,1.3862943611198906,0.6666666666666666,1.0,0.2631578947368421,0.0,0.95,4.219507705176107,0.23366469343503304,0.13571478055963754
7b_collapsed,yelp,cold_start_user,44,0.6309297535714575,0.6309297535714575,0.0,0.43079500636227125,0.18558433750666933,0.9457847820134473,2.967590256199712,0.061197916666666664,7.9420068084898565,1.9459101490553132,0.6625,1.0,0.10526315789473684,0.0,0.95,2.1972245773362196,0.009378737211227395,0.2063937791033996
7b_collapsed,yelp,cold_start_user,45,0.0,0.0,0.0,0.43079500636227125,0.18558433750666933,0.9457847820134473,2.967590256199712,0.061197916666666664,6.907755278982137,1.0986122886681096,0.6666666666666666,2.0,0.05263157894736842,0.0,0.95,2.995732273553991,0.0030552864074706587,0.17658265738214307
7b_collapsed,yelp,cold_start_user,46,0.6309297535714575,0.38685280723454163,-0.2440769463369159,0.43079500636227125,0.18558433750666933,0.9457847820134473,2.967590256199712,0.061197916666666664,7.789868559054706,1.3862943611198906,0.6666666666666666,0.0,0.2631578947368421,0.05263157894736842,0.9,4.060443010546419,0.23462102611859637,0.15329481478386056
7b_collapsed,yelp,cold_start_user,47,0.0,0.0,0.0,0.43079500636227125,0.18558433750666933,0.9457847820134473,2.967590256199712,0.061197916666666664,5.883322388488279,0.6931471805599453,0.6666666666666666,0.0,0.21052631578947367,0.05263157894736842,0.9,4.852030263919617,0.23291492660840352,0.13530541500103102
7b_collapsed,yelp,cold_start_user,48,0.0,0.0,0.0,0.43079500636227125,0.18558433750666933,0.9457847820134473,2.967590256199712,0.061197916666666664,6.818924065275521,0.6931471805599453,0.6666666666666666,2.0,0.21052631578947367,0.0,0.95,3.1354942159291497,0.006545180082321078,0.09648445085293911
7b_collapsed,yelp,cold_start_user,49,0.0,0.0,0.0,0.43079500636227125,0.18558433750666933,0.9457847820134473,2.967590256199712,0.061197916666666664,6.1903154058531475,0.6931471805599453,0.6666666666666666,1.0,0.21052631578947367,0.0,0.95,5.1298987149230735,0.2301524837811788,0.12951344153525712
7b_collapsed,yelp,cold_start_user,50,0.6309297535714575,0.6309297535714575,0.0,0.43079500636227125,0.18558433750666933,0.9457847820134473,2.967590256199712,0.061197916666666664,7.440733707389261,1.3862943611198906,0.6583333333333333,2.0,0.05263157894736842,0.0,0.95,2.0794415416798357,0.23052336176236465,0.19228901158987713
7b_collapsed,yelp,cold_start_user,51,0.0,1.0,1.0,0.43079500636227125,0.18558433750666933,0.9457847820134473,2.967590256199712,0.061197916666666664,6.881411303642535,0.6931471805599453,0.6666666666666666,1.0,0.47368421052631576,0.0,0.9,4.290459441148391,0.011103719472885132,0.07309595237083436
7b_collapsed,yelp,cold_start_user,52,1.0,0.43067655807339306,-0.5693234419266069,0.43079500636227125,0.18558433750666933,0.9457847820134473,2.967590256199712,0.061197916666666664,7.332369205929062,1.0986122886681096,0.6666666666666666,1.0,0.15789473684210525,0.0,0.95,3.295836866004329,0.0029548823833466242,0.18673764957397168
7b_collapsed,yelp,cold_start_user,53,0.0,0.0,0.0,0.43079500636227125,0.18558433750666933,0.9457847820134473,2.967590256199712,0.061197916666666664,6.037870919922137,0.6931471805599453,0.6666666666666666,2.0,0.05263157894736842,0.0,1.0,3.6635616461296463,0.012916517257690496,0.16589695416975603
7b_collapsed,yelp,cold_start_user,54,0.0,0.0,0.0,0.43079500636227125,0.18558433750666933,0.9457847820134473,2.967590256199712,0.061197916666666664,7.0317412587631285,0.6931471805599453,0.6625,0.0,0.5789473684210527,0.10526315789473684,0.85,4.927253685157205,0.23089847763379423,0.22385070694205192
7b_collapsed,yelp,cold_start_user,55,0.38685280723454163,0.6309297535714575,0.2440769463369159,0.43079500636227125,0.18558433750666933,0.9457847820134473,2.967590256199712,0.061197916666666664,6.968850378341948,1.0986122886681096,0.6666666666666666,2.0,0.10526315789473684,0.0,0.95,3.7612001156935624,0.003010940551757768,0.10692611693673208
7b_collapsed,yelp,cold_start_user,56,0.5,1.0,0.5,0.43079500636227125,0.18558433750666933,0.9457847820134473,2.967590256199712,0.061197916666666664,6.8966943316227125,0.6931471805599453,0.6583333333333333,1.0,0.47368421052631576,0.0,0.95,3.9512437185814275,0.2271001656850179,0.13944841428566432
7b_collapsed,yelp,cold_start_user,57,0.5,0.5,0.0,0.43079500636227125,0.18558433750666933,0.9457847820134473,2.967590256199712,0.061197916666666664,6.1779441140506,0.6931471805599453,0.6666666666666666,0.0,0.42105263157894735,0.05263157894736842,0.9,4.060443010546419,0.010780423879623413,0.1577809416505938
7b_collapsed,yelp,cold_start_user,58,0.43067655807339306,0.6309297535714575,0.20025319549806447,0.43079500636227125,0.18558433750666933,0.9457847820134473,2.967590256199712,0.061197916666666664,6.082218910376446,0.6931471805599453,0.6666666666666666,2.0,0.21052631578947367,0.0,0.9,4.499809670330265,0.24091767271359765,0.22823281368945794
7b_collapsed,yelp,cold_start_user,59,0.0,0.0,0.0,0.43079500636227125,0.18558433750666933,0.9457847820134473,2.967590256199712,0.061197916666666664,6.525029657843462,0.6931471805599453,0.6666666666666666,2.0,0.3684210526315789,0.0,0.9,5.099866427824199,0.0028521895408630815,0.10853818960786678
7b_collapsed,yelp,cold_start_user,60,0.43067655807339306,0.5,0.06932344192660694,0.43079500636227125,0.18558433750666933,0.9457847820134473,2.967590256199712,0.061197916666666664,6.577861357721047,1.0986122886681096,0.6666666666666666,1.0,0.42105263157894735,0.0,1.0,3.367295829986474,0.0003727912902831143,0.1098529637399116
7b_collapsed,yelp,cold_start_user,61,0.0,0.5,0.5,0.43079500636227125,0.18558433750666933,0.9457847820134473,2.967590256199712,0.061197916666666664,7.534762657037537,1.6094379124341003,0.6666666666666666,1.0,0.47368421052631576,0.0,0.95,4.143134726391533,0.2319410165150959,0.13002088748382248
7b_collapsed,yelp,cold_start_user,62,0.5,0.5,0.0,0.43079500636227125,0.18558433750666933,0.9457847820134473,2.967590256199712,0.061197916666666664,6.658011045870748,0.6931471805599453,0.6666666666666666,1.0,0.10526315789473684,0.0,0.95,5.093750200806762,0.23651979764302578,0.20544219899245109
7b_collapsed,yelp,cold_start_user,63,0.38685280723454163,0.0,-0.38685280723454163,0.43079500636227125,0.18558433750666933,0.9457847820134473,2.967590256199712,0.061197916666666664,5.986452005284438,0.6931471805599453,0.6625,1.0,0.42105263157894735,0.0,0.95,4.330733340286331,0.00020350813865666062,0.12710434209166502
7b_collapsed,yelp,cold_start_user,64,0.0,0.0,0.0,0.43079500636227125,0.18558433750666933,0.9457847820134473,2.967590256199712,0.061197916666666664,7.713784616598755,1.6094379124341003,0.6666666666666666,2.0,0.10526315789473684,0.0,0.95,4.219507705176107,0.2301815410455068,0.18619315607094195
7b_collapsed,yelp,cold_start_user,65,0.0,0.6309297535714575,0.6309297535714575,0.43079500636227125,0.18558433750666933,0.9457847820134473,2.967590256199712,0.061197916666666664,8.065265208897733,1.3862943611198906,0.6625,2.0,0.42105263157894735,0.0,0.95,3.8501476017100584,0.0006494164466858132,0.16590651073690266
7b_collapsed,yelp,cold_start_user,66,0.0,0.6309297535714575,0.6309297535714575,0.43079500636227125,0.18558433750666933,0.9457847820134473,2.967590256199712,0.061197916666666664,8.101071503119543,1.9459101490553132,0.6625,1.0,0.3157894736842105,0.0,0.95,4.927253685157205,0.2320446034272512,0.1733796390995861
7b_collapsed,yelp,cold_start_user,67,1.0,0.0,-1.0,0.43079500636227125,0.18558433750666933,0.9457847820134473,2.967590256199712,0.061197916666666664,6.0112671744041615,0.6931471805599453,0.6458333333333333,3.0,0.0,0.0,0.85,2.833213344056216,0.0014047443866729292,0.12300795700515357
7b_collapsed,yelp,cold_start_user,68,0.0,0.0,0.0,0.43079500636227125,0.18558433750666933,0.9457847820134473,2.967590256199712,0.061197916666666664,7.884952945759814,1.6094379124341003,0.6666666666666666,2.0,0.15789473684210525,0.0,0.95,2.3978952727983707,0.46863714257876066,0.16526402208575378
7b_collapsed,yelp,cold_start_user,69,0.0,0.0,0.0,0.43079500636227125,0.18558433750666933,0.9457847820134473,2.967590256199712,0.061197916666666664,5.942799375126701,0.6931471805599453,0.6666666666666666,1.0,0.21052631578947367,0.0,0.95,4.219507705176107,0.0008421063423157404,0.17842855888471512
7b_collapsed,yelp,cold_start_user,70,0.0,0.0,0.0,0.43079500636227125,0.18558433750666933,0.9457847820134473,2.967590256199712,0.061197916666666664,8.405367376233981,1.6094379124341003,0.6666666666666666,3.0,0.0,0.0,1.0,2.1972245773362196,0.1936072786649068,0.12474659783056935
7b_collapsed,yelp,cold_start_user,71,0.5,0.0,-0.5,0.43079500636227125,0.18558433750666933,0.9457847820134473,2.967590256199712,0.061197916666666664,7.4360278163518485,0.6931471805599453,0.6541666666666666,2.0,0.3157894736842105,0.0,1.0,3.6109179126442243,0.2772064765294393,0.13336731137650157
7b_collapsed,yelp,cold_start_user,72,0.6309297535714575,0.0,-0.6309297535714575,0.43079500636227125,0.18558433750666933,0.9457847820134473,2.967590256199712,0.061197916666666664,5.978885764901122,0.6931471805599453,0.6666666666666666,3.0,0.0,0.0,0.95,2.70805020110221,0.0007452428340911643,0.09966136997347212
7b_collapsed,yelp,cold_start_user,73,0.0,0.0,0.0,0.43079500636227125,0.18558433750666933,0.9457847820134473,2.967590256199712,0.061197916666666664,7.719129840906732,1.3862943611198906,0.6666666666666666,2.0,0.15789473684210525,0.0,1.0,3.091042453358316,0.22365499337514239,0.12713057042342119
7b_collapsed,yelp,cold_start_user,74,0.0,0.43067655807339306,0.43067655807339306,0.43079500636227125,0.18558433750666933,0.9457847820134473,2.967590256199712,0.061197916666666664,6.018593214496234,0.6931471805599453,0.6666666666666666,3.0,0.0,0.0,0.85,4.795790545596741,0.23552509148915612,0.13157227467754384
7b_collapsed,yelp,cold_start_user,75,0.6309297535714575,1.0,0.36907024642854247,0.43079500636227125,0.18558433750666933,0.9457847820134473,2.967590256199712,0.061197916666666664,8.01532730902172,1.791759469228055,0.6625,1.0,0.3157894736842105,0.0,1.0,4.356708826689592,0.23370517690976467,0.19456917769136461
7b_collapsed,yelp,cold_start_user,76,0.0,0.43067655807339306,0.43067655807339306,0.43079500636227125,0.18558433750666933,0.9457847820134473,2.967590256199712,0.061197916666666664,6.541029999189903,0.6931471805599453,0.6666666666666666,1.0,0.3684210526315789,0.0,0.95,4.820281565605037,0.002075779438018732,0.11170224096279903
7b_collapsed,yelp,cold_start_user,77,0.0,1.0,1.0,0.43079500636227125,0.18558433750666933,0.9457847820134473,2.967590256199712,0.061197916666666664,7.370860166536716,1.6094379124341003,0.6666666666666666,0.0,0.2631578947368421,0.05263157894736842,0.9,4.553876891600541,0.006464427709579557,0.1584223809883628
7b_collapsed,yelp,cold_start_user,78,0.0,0.0,0.0,0.43079500636227125,0.18558433750666933,0.9457847820134473,2.967590256199712,0.061197916666666664,7.1770187659099,0.6931471805599453,0.6625,3.0,0.0,0.0,1.0,2.3978952727983707,0.004635876417160012,0.1258128290133756
7b_collapsed,yelp,cold_start_user,79,0.0,0.0,0.0,0.43079500636227125,0.18558433750666933,0.9457847820134473,2.967590256199712,0.061197916666666664,6.16541785423142,0.6931471805599453,0.6583333333333333,2.0,0.2631578947368421,0.0,0.9,5.147494476813453,0.24343723257382704,0.13101032486003844
7b_collapsed,yelp,cold_start_user,80,0.0,0.0,0.0,0.43079500636227125,0.18558433750666933,0.9457847820134473,2.967590256199712,0.061197916666666664,8.148445666243235,1.0986122886681096,0.6541666666666666,2.0,0.05263157894736842,0.0,0.9,1.791759469228055,0.23434906800587973,0.20618192749475642
7b_collapsed,yelp,cold_start_user,81,0.38685280723454163,0.0,-0.38685280723454163,0.43079500636227125,0.18558433750666933,0.9457847820134473,2.967590256199712,0.061197916666666664,8.255568653283746,1.6094379124341003,0.6583333333333333,2.0,0.10526315789473684,0.0,1.0,3.8918202981106265,0.20133474071820578,0.12259259917186202
7b_collapsed,yelp,cold_start_user,82,0.0,0.0,0.0,0.43079500636227125,0.18558433750666933,0.9457847820134473,2.967590256199712,0.061197916666666664,7.490529402060711,1.0986122886681096,0.6625,2.0,0.05263157894736842,0.0,1.0,3.713572066704308,0.22142525513966882,0.14988627582594793
7b_collapsed,yelp,cold_start_user,83,0.0,0.6309297535714575,0.6309297535714575,0.43079500636227125,0.18558433750666933,0.9457847820134473,2.967590256199712,0.061197916666666664,6.249975242259483,0.6931471805599453,0.6666666666666666,1.0,0.2631578947368421,0.0,0.95,4.543294782270004,0.0038163900375366433,0.10349040567927999
7b_collapsed,yelp,cold_start_user,84,0.6309297535714575,0.0,-0.6309297535714575,0.43079500636227125,0.18558433750666933,0.9457847820134473,2.967590256199712,0.061197916666666664,7.160845906664299,0.6931471805599453,0.6625,1.0,0.15789473684210525,0.0,0.85,3.6375861597263857,0.2284553607304891,0.14519284293040655
7b_collapsed,yelp,cold_start_user,85,0.5,1.0,0.5,0.43079500636227125,0.18558433750666933,0.9457847820134473,2.967590256199712,0.061197916666666664,7.206377291472252,1.0986122886681096,0.6625,0.0,0.5263157894736842,0.05263157894736842,0.9,5.262690188904886,0.23710991938908899,0.20427534560488556
7b_collapsed,yelp,cold_start_user,86,1.0,0.38685280723454163,-0.6131471927654584,0.43079500636227125,0.18558433750666933,0.9457847820134473,2.967590256199712,0.061197916666666664,6.949856455000773,0.6931471805599453,0.6666666666666666,3.0,0.0,0.0,0.95,3.4011973816621555,0.0034804522991180864,0.10815376799486916
7b_collapsed,yelp,cold_start_user,87,1.0,1.0,0.0,0.43079500636227125,0.18558433750666933,0.9457847820134473,2.967590256199712,0.061197916666666664,6.175867270105761,0.6931471805599453,0.6625,2.0,0.15789473684210525,0.0,1.0,4.663439094112067,0.00026691555976865455,0.1130944971818498
7b_collapsed,yelp,cold_start_user,88,0.6309297535714575,1.0,0.36907024642854247,0.43079500636227125,0.18558433750666933,0.9457847820134473,2.967590256199712,0.061197916666666664,7.075808863978387,0.6931471805599453,0.6666666666666666,3.0,0.0,0.0,0.95,4.477336814478207,0.0006449103355408159,0.1614814680800747
7b_collapsed,yelp,cold_start_user,89,0.0,0.43067655807339306,0.43067655807339306,0.43079500636227125,0.18558433750666933,0.9457847820134473,2.967590256199712,0.061197916666666664,6.486160788944089,0.6931471805599453,0.6666666666666666,2.0,0.15789473684210525,0.0,1.0,3.4657359027997265,0.23508413632710767,0.14095778751788746
7b_collapsed,yelp,cold_start_user,90,0.6309297535714575,0.5,-0.13092975357145753,0.43079500636227125,0.18558433750666933,0.9457847820134473,2.967590256199712,0.061197916666666664,6.07073772800249,0.6931471805599453,0.6666666666666666,3.0,0.0,0.0,1.0,2.4849066497880004,0.0005533039569853848,0.11526219429669847
7b_collapsed,yelp,cold_start_user,91,0.0,0.0,0.0,0.43079500636227125,0.18558433750666933,0.9457847820134473,2.967590256199712,0.061197916666666664,6.92951677076365,1.0986122886681096,0.6666666666666666,2.0,0.15789473684210525,0.0,1.0,3.258096538021482,0.23274079759915667,0.1402546478322415
7b_collapsed,yelp,cold_start_user,92,0.0,1.0,1.0,0.43079500636227125,0.18558433750666933,0.9457847820134473,2.967590256199712,0.061197916666666664,7.611842399580417,1.3862943611198906,0.6625,2.0,0.42105263157894735,0.0,0.9,4.787491742782046,0.0069637835025787576,0.15817791727092742
7b_collapsed,yelp,cold_start_user,93,0.0,0.0,0.0,0.43079500636227125,0.18558433750666933,0.9457847820134473,2.967590256199712,0.061197916666666664,6.890609120147166,1.0986122886681096,0.6541666666666666,3.0,0.0,0.0,0.95,3.1354942159291497,0.0012728333473206455,0.1979563312757441
7b_collapsed,yelp,cold_start_user,94,0.6309297535714575,0.6309297535714575,0.0,0.43079500636227125,0.18558433750666933,0.9457847820134473,2.967590256199712,0.061197916666666664,8.471358655072438,1.9459101490553132,0.6625,2.0,0.21052631578947367,0.0,0.95,3.258096538021482,0.0007359802722931574,0.15481513236302208
7b_collapsed,yelp,cold_start_user,95,1.0,1.0,0.0,0.43079500636227125,0.18558433750666933,0.9457847820134473,2.967590256199712,0.061197916666666664,6.895682697747868,1.0986122886681096,0.6583333333333333,0.0,0.21052631578947367,0.05263157894736842,0.85,3.295836866004329,0.004307967424392656,0.23873326614813886
7b_collapsed,yelp,cold_start_user,96,1.0,0.0,-1.0,0.43079500636227125,0.18558433750666933,0.9457847820134473,2.967590256199712,0.061197916666666664,8.293049139768444,1.6094379124341003,0.6666666666666666,3.0,0.0,0.0,0.95,3.8066624897703196,0.0004794001579284668,0.15819204261406786
7b_collapsed,yelp,cold_start_user,97,0.0,1.0,1.0,0.43079500636227125,0.18558433750666933,0.9457847820134473,2.967590256199712,0.061197916666666664,7.962763930168115,1.6094379124341003,0.6666666666666666,0.0,0.3157894736842105,0.05263157894736842,0.95,3.091042453358316,0.0007934510707855447,0.11148917795710686
7b_collapsed,yelp,cold_start_user,98,0.6309297535714575,0.0,-0.6309297535714575,0.43079500636227125,0.18558433750666933,0.9457847820134473,2.967590256199712,0.061197916666666664,5.872117789475416,0.6931471805599453,0.6666666666666666,2.0,0.15789473684210525,0.0,1.0,3.713572066704308,0.01389117836952214,0.1542912131758302
7b_collapsed,yelp,cold_start_user,99,0.0,0.0,0.0,0.43079500636227125,0.18558433750666933,0.9457847820134473,2.967590256199712,0.061197916666666664,7.028201432058005,1.0986122886681096,0.6666666666666666,2.0,0.3684210526315789,0.0,0.95,2.3978952727983707,0.008141863346099787,0.1452388590949957
7b_collapsed,yelp,cold_start_user,100,0.38685280723454163,0.5,0.11314719276545837,0.43079500636227125,0.18558433750666933,0.9457847820134473,2.967590256199712,0.061197916666666664,7.22983877815125,0.6931471805599453,0.6625,3.0,0.0,0.0,1.0,2.833213344056216,0.2356428404649098,0.14192476251289
7b_collapsed,yelp,cold_start_user,101,0.6309297535714575,0.6309297535714575,0.0,0.43079500636227125,0.18558433750666933,0.9457847820134473,2.967590256199712,0.061197916666666664,6.126869184114185,0.6931471805599453,0.6666666666666666,3.0,0.0,0.0,0.95,3.1780538303479458,0.0032307028770446333,0.09111819743462306
7b_collapsed,yelp,cold_start_user,102,0.5,0.0,-0.5,0.43079500636227125,0.18558433750666933,0.9457847820134473,2.967590256199712,0.061197916666666664,8.351846738828245,1.9459101490553132,0.6666666666666666,1.0,0.3684210526315789,0.0,0.9,5.147494476813453,0.008990156650543146,0.1374010032511066
7b_collapsed,yelp,cold_start_user,103,1.0,1.0,0.0,0.43079500636227125,0.18558433750666933,0.9457847820134473,2.967590256199712,0.061197916666666664,7.842278779117352,1.3862943611198906,0.6625,2.0,0.21052631578947367,0.0,0.95,3.6888794541139363,6.092190742490455e-05,0.1854338387254345
7b_collapsed,yelp,cold_start_user,104,0.6309297535714575,0.0,-0.6309297535714575,0.43079500636227125,0.18558433750666933,0.9457847820134473,2.967590256199712,0.061197916666666664,7.579167967396076,1.0986122886681096,0.6625,2.0,0.05263157894736842,0.0,1.0,3.258096538021482,0.23452652295430498,0.14990821042797361
7b_collapsed,yelp,cold_start_user,105,0.38685280723454163,0.6309297535714575,0.2440769463369159,0.43079500636227125,0.18558433750666933,0.9457847820134473,2.967590256199712,0.061197916666666664,5.921578419643816,0.6931471805599453,0.6666666666666666,1.0,0.21052631578947367,0.0,0.95,4.060443010546419,0.0026523828506469505,0.07329089783866673
7b_collapsed,yelp,cold_start_user,106,1.0,0.38685280723454163,-0.6131471927654584,0.43079500636227125,0.18558433750666933,0.9457847820134473,2.967590256199712,0.061197916666666664,7.791935956938058,1.791759469228055,0.6666666666666666,3.0,0.0,0.0,1.0,2.1972245773362196,0.0005050241947174294,0.1076726527578777
7b_collapsed,yelp,cold_start_user,107,0.0,0.0,0.0,0.43079500636227125,0.18558433750666933,0.9457847820134473,2.967590256199712,0.061197916666666664,6.0063531596017325,0.6931471805599453,0.6666666666666666,1.0,0.21052631578947367,0.0,0.95,3.784189633918261,0.0006414234638213445,0.10433819811270148
7b_collapsed,yelp,cold_start_user,108,0.0,0.0,0.0,0.43079500636227125,0.18558433750666933,0.9457847820134473,2.967590256199712,0.061197916666666664,5.908082938168931,0.6931471805599453,0.6666666666666666,0.0,0.3684210526315789,0.05263157894736842,0.95,3.091042453358316,0.0018110990524292658,0.11449896654760566
7b_collapsed,yelp,cold_start_user,109,0.5,0.5,0.0,0.43079500636227125,0.18558433750666933,0.9457847820134473,2.967590256199712,0.061197916666666664,6.393590753950631,0.6931471805599453,0.6666666666666666,2.0,0.3157894736842105,0.0,0.95,4.6443908991413725,0.002214825153350808,0.10496192204337215
7b_collapsed,yelp,cold_start_user,110,1.0,0.0,-1.0,0.43079500636227125,0.18558433750666933,0.9457847820134473,2.967590256199712,0.061197916666666664,6.576469569048224,0.6931471805599453,0.6666666666666666,1.0,0.2631578947368421,0.0,1.0,3.6888794541139363,0.02227812409400942,0.1556936136005646
7b_collapsed,yelp,cold_start_user,111,0.0,0.38685280723454163,0.38685280723454163,0.43079500636227125,0.18558433750666933,0.9457847820134473,2.967590256199712,0.061197916666666664,7.5766097669730375,1.0986122886681096,0.6625,0.0,0.2631578947368421,0.05263157894736842,0.95,4.927253685157205,0.0020430207252503108,0.09905648775886627
7b_collapsed,yelp,cold_start_user,112,0.38685280723454163,0.43067655807339306,0.04382375083885143,0.43079500636227125,0.18558433750666933,0.9457847820134473,2.967590256199712,0.061197916666666664,6.580639137284949,1.0986122886681096,0.6666666666666666,1.0,0.3157894736842105,0.0,0.95,3.8501476017100584,0.005063438415527366,0.10300143034728022
7b_collapsed,yelp,cold_start_user,113,0.43067655807339306,0.5,0.06932344192660694,0.43079500636227125,0.18558433750666933,0.9457847820134473,2.967590256199712,0.061197916666666664,7.080867896690782,1.3862943611198906,0.6625,1.0,0.10526315789473684,0.0,1.0,3.6109179126442243,0.23313640554745985,0.1687525694249371
7b_collapsed,yelp,cold_start_user,114,0.43067655807339306,0.0,-0.43067655807339306,0.43079500636227125,0.18558433750666933,0.9457847820134473,2.967590256199712,0.061197916666666664,7.038783541388542,1.0986122886681096,0.6666666666666666,3.0,0.0,0.0,0.95,3.258096538021482,0.006593620777130105,0.2012249264186523
7b_collapsed,yelp,cold_start_user,115,0.0,0.0,0.0,0.43079500636227125,0.18558433750666933,0.9457847820134473,2.967590256199712,0.061197916666666664,6.731018100482083,1.0986122886681096,0.6666666666666666,2.0,0.10526315789473684,0.0,0.95,3.367295829986474,0.004604887962341375,0.14446801692814853
7b_collapsed,yelp,cold_start_user,116,0.0,0.0,0.0,0.43079500636227125,0.18558433750666933,0.9457847820134473,2.967590256199712,0.061197916666666664,7.389563953677635,1.0986122886681096,0.6666666666666666,2.0,0.15789473684210525,0.0,1.0,2.3978952727983707,0.0015212237834929532,0.180203084594907
7b_collapsed,yelp,cold_start_user,117,0.6309297535714575,0.6309297535714575,0.0,0.43079500636227125,0.18558433750666933,0.9457847820134473,2.967590256199712,0.061197916666666664,7.168579897264035,1.3862943611198906,0.6666666666666666,3.0,0.0,0.0,0.95,3.1780538303479458,0.06289284825325003,0.0936394803122347
7b_collapsed,yelp,cold_start_user,118,0.0,1.0,1.0,0.43079500636227125,0.18558433750666933,0.9457847820134473,2.967590256199712,0.061197916666666664,5.963579343618446,0.6931471805599453,0.6583333333333333,0.0,0.42105263157894735,0.05263157894736842,0.95,3.6109179126442243,0.0004038333892822932,0.1938206695470011
7b_collapsed,yelp,cold_start_user,119,1.0,0.5,-0.5,0.43079500636227125,0.18558433750666933,0.9457847820134473,2.967590256199712,0.061197916666666664,7.505492274737424,1.0986122886681096,0.6666666666666666,3.0,0.0,0.0,0.9,2.70805020110221,0.24398390253384905,0.1414328402394526
7b_collapsed,yelp,cold_start_user,120,1.0,1.0,0.0,0.43079500636227125,0.18558433750666933,0.9457847820134473,2.967590256199712,0.061197916666666664,6.18826412308259,0.6931471805599453,0.6625,2.0,0.05263157894736842,0.0,0.95,5.1298987149230735,0.23205415209134417,0.15160431141216515
7b_collapsed,yelp,cold_start_user,121,0.0,0.0,0.0,0.43079500636227125,0.18558433750666933,0.9457847820134473,2.967590256199712,0.061197916666666664,8.142354276849835,1.6094379124341003,0.6625,0.0,0.5789473684210527,0.05263157894736842,0.95,5.262690188904886,0.0020958065986633745,0.1595753223934389
7b_collapsed,yelp,cold_start_user,122,0.6309297535714575,0.6309297535714575,0.0,0.43079500636227125,0.18558433750666933,0.9457847820134473,2.967590256199712,0.061197916666666664,8.185628891147607,1.6094379124341003,0.6625,2.0,0.05263157894736842,0.0,0.95,3.8501476017100584,0.23717602690060935,0.20274853871671097
7b_collapsed,yelp,cold_start_user,123,1.0,0.5,-0.5,0.43079500636227125,0.18558433750666933,0.9457847820134473,2.967590256199712,0.061197916666666664,6.854354502255021,1.0986122886681096,0.6666666666666666,3.0,0.0,0.0,0.9,0.6931471805599453,0.0011221468448638916,0.1134068799982941
7b_collapsed,yelp,cold_start_user,124,0.0,0.5,0.5,0.43079500636227125,0.18558433750666933,0.9457847820134473,2.967590256199712,0.061197916666666664,7.1180162044653335,1.0986122886681096,0.6666666666666666,2.0,0.05263157894736842,0.0,0.9,3.8501476017100584,4.273653030395508e-05,0.19029408946639326
7b_collapsed,yelp,cold_start_user,125,0.0,0.0,0.0,0.43079500636227125,0.18558433750666933,0.9457847820134473,2.967590256199712,0.061197916666666664,6.522092798170152,0.6931471805599453,0.6666666666666666,2.0,0.05263157894736842,0.0,0.95,5.093750200806762,0.261720206340154,0.06153521490642154
7b_collapsed,yelp,cold_start_user,126,0.6309297535714575,0.6309297535714575,0.0,0.43079500636227125,0.18558433750666933,0.9457847820134473,2.967590256199712,0.061197916666666664,6.812345094177479,1.0986122886681096,0.6666666666666666,2.0,0.3157894736842105,0.0,0.9,5.093750200806762,0.2328121622403463,0.14352712663553271
7b_collapsed,yelp,cold_start_user,127,0.0,0.0,0.0,0.43079500636227125,0.18558433750666933,0.9457847820134473,2.967590256199712,0.061197916666666664,7.020190708311925,0.6931471805599453,0.6583333333333333,2.0,0.3157894736842105,0.0,1.0,5.0369526024136295,0.003479951620101951,0.20095552764590874
7b_collapsed,yelp,cold_start_user,128,0.0,0.6309297535714575,0.6309297535714575,0.43079500636227125,0.18558433750666933,0.9457847820134473,2.967590256199712,0.061197916666666664,6.171700597410915,0.6931471805599453,0.6625,2.0,0.05263157894736842,0.0,1.0,4.3694478524670215,0.016766881942749,0.16503900379055106
7b_collapsed,yelp,cold_start_user,129,0.6309297535714575,0.0,-0.6309297535714575,0.43079500636227125,0.18558433750666933,0.9457847820134473,2.967590256199712,0.061197916666666664,7.268920128193722,0.6931471805599453,0.6666666666666666,3.0,0.0,0.0,0.9,3.367295829986474,0.23270254929860434,0.13918453194595196
7b_collapsed,yelp,cold_start_user,130,1.0,0.5,-0.5,0.43079500636227125,0.18558433750666933,0.9457847820134473,2.967590256199712,0.061197916666666664,6.78897174299217,0.6931471805599453,0.6541666666666666,0.0,0.47368421052631576,0.05263157894736842,0.9,4.927253685157205,0.003050512075424172,0.15315613883434948
7b_collapsed,yelp,cold_start_user,131,0.6309297535714575,1.0,0.36907024642854247,0.43079500636227125,0.18558433750666933,0.9457847820134473,2.967590256199712,0.061197916666666664,6.336825731146441,0.6931471805599453,0.6666666666666666,3.0,0.0,0.0,0.95,4.477336814478207,0.21249283750851944,0.1372294179131548
7b_collapsed,yelp,cold_start_user,132,1.0,1.0,0.0,0.43079500636227125,0.18558433750666933,0.9457847820134473,2.967590256199712,0.061197916666666664,6.173786103901937,0.6931471805599453,0.6666666666666666,2.0,0.10526315789473684,0.0,0.9,4.219507705176107,0.008023774623870827,0.09498714210520433
7b_collapsed,yelp,cold_start_user,133,0.0,0.0,0.0,0.43079500636227125,0.18558433750666933,0.9457847820134473,2.967590256199712,0.061197916666666664,7.323170717943469,1.3862943611198906,0.6666666666666666,3.0,0.0,0.0,1.0,1.0986122886681096,0.011653125286102295,0.14729632719166755
7b_collapsed,yelp,cold_start_user,134,0.6309297535714575,0.38685280723454163,-0.2440769463369159,0.43079500636227125,0.18558433750666933,0.9457847820134473,2.967590256199712,0.061197916666666664,6.35088571671474,0.6931471805599453,0.6666666666666666,1.0,0.10526315789473684,0.0,0.9,3.9889840465642745,0.0003729701042175515,0.10849863410519699
7b_collapsed,yelp,cold_start_user,135,0.38685280723454163,0.0,-0.38685280723454163,0.43079500636227125,0.18558433750666933,0.9457847820134473,2.967590256199712,0.061197916666666664,5.91350300563827,0.6931471805599453,0.6666666666666666,3.0,0.0,0.0,1.0,3.332204510175204,0.4708023111025492,0.1777035388324199
7b_collapsed,yelp,cold_start_user,136,0.38685280723454163,1.0,0.6131471927654584,0.43079500636227125,0.18558433750666933,0.9457847820134473,2.967590256199712,0.061197916666666664,6.486160788944089,0.6931471805599453,0.6666666666666666,2.0,0.10526315789473684,0.0,1.0,3.6888794541139363,0.2319946070512135,0.056861809612511235
7b_collapsed,yelp,cold_start_user,137,0.6309297535714575,0.6309297535714575,0.0,0.43079500636227125,0.18558433750666933,0.9457847820134473,2.967590256199712,0.061197916666666664,8.776630098427717,1.9459101490553132,0.6666666666666666,1.0,0.2631578947368421,0.0,1.0,4.174387269895637,0.0023589491844177024,0.12627895697228442
7b_collapsed,yelp,cold_start_user,138,0.43067655807339306,0.0,-0.43067655807339306,0.43079500636227125,0.18558433750666933,0.9457847820134473,2.967590256199712,0.061197916666666664,7.027314514039777,0.6931471805599453,0.6625,3.0,0.0,0.0,0.9,2.3978952727983707,0.23081239660580954,0.14438303127029967
7b_collapsed,yelp,cold_start_user,139,0.43067655807339306,0.0,-0.43067655807339306,0.43079500636227125,0.18558433750666933,0.9457847820134473,2.967590256199712,0.061197916666666664,6.71174039505618,0.6931471805599453,0.6666666666666666,2.0,0.05263157894736842,0.0,0.95,4.0943445622221,0.2332850714524587,0.14110062976759635
7b_collapsed,yelp,cold_start_user,140,1.0,0.0,-1.0,0.43079500636227125,0.18558433750666933,0.9457847820134473,2.967590256199712,0.061197916666666664,8.039802343736485,1.3862943611198906,0.6625,2.0,0.05263157894736842,0.0,1.0,3.713572066704308,0.0006102025508880615,0.18264726011465326
7b_collapsed,yelp,cold_start_user,141,0.0,1.0,1.0,0.43079500636227125,0.18558433750666933,0.9457847820134473,2.967590256199712,0.061197916666666664,6.784457062637643,0.6931471805599453,0.6583333333333333,2.0,0.05263157894736842,0.0,1.0,3.9318256327243257,0.2628314097722371,0.14410174937032844
7b_collapsed,yelp,cold_start_user,142,0.6309297535714575,0.0,-0.6309297535714575,0.43079500636227125,0.18558433750666933,0.9457847820134473,2.967590256199712,0.061197916666666664,7.122059881629142,0.6931471805599453,0.6666666666666666,3.0,0.0,0.0,0.8,3.9318256327243257,0.001191151142120428,0.159576852639322
7b_collapsed,yelp,cold_start_user,143,0.5,0.0,-0.5,0.43079500636227125,0.18558433750666933,0.9457847820134473,2.967590256199712,0.061197916666666664,6.297109319933935,0.6931471805599453,0.6625,2.0,0.05263157894736842,0.0,1.0,3.8918202981106265,0.0037417173385619895,0.12172176620485921
7b_collapsed,yelp,cold_start_user,144,0.38685280723454163,0.5,0.11314719276545837,0.43079500636227125,0.18558433750666933,0.9457847820134473,2.967590256199712,0.061197916666666664,6.091309882077698,0.6931471805599453,0.6666666666666666,2.0,0.15789473684210525,0.0,0.95,3.367295829986474,0.002950662374496482,0.10390831512602335
7b_collapsed,yelp,cold_start_user,145,0.5,0.0,-0.5,0.43079500636227125,0.18558433750666933,0.9457847820134473,2.967590256199712,0.061197916666666664,7.857867559331803,1.791759469228055,0.6666666666666666,2.0,0.10526315789473684,0.0,0.95,3.828641396489095,0.23798800309499102,0.16157798625041642
7b_collapsed,yelp,cold_start_user,146,0.0,1.0,1.0,0.43079500636227125,0.18558433750666933,0.9457847820134473,2.967590256199712,0.061197916666666664,7.615791072035833,0.6931471805599453,0.6666666666666666,3.0,0.0,0.0,1.0,3.6109179126442243,0.012486684322357111,0.07355249829055154
7b_collapsed,yelp,cold_start_user,147,1.0,0.0,-1.0,0.43079500636227125,0.18558433750666933,0.9457847820134473,2.967590256199712,0.061197916666666664,6.013715156042802,0.6931471805599453,0.6625,3.0,0.0,0.0,1.0,4.927253685157205,0.004724228382110618,0.12208322393857388
7b_collapsed,yelp,cold_start_user,148,0.43067655807339306,0.0,-0.43067655807339306,0.43079500636227125,0.18558433750666933,0.9457847820134473,2.967590256199712,0.061197916666666664,8.247220052745229,1.791759469228055,0.6666666666666666,2.0,0.3157894736842105,0.0,1.0,3.9318256327243257,0.0042264997959136075,0.11164187691102978
7b_collapsed,yelp,cold_start_user,149,0.6309297535714575,0.5,-0.13092975357145753,0.43079500636227125,0.18558433750666933,0.9457847820134473,2.967590256199712,0.061197916666666664,6.660575149839686,0.6931471805599453,0.6666666666666666,1.0,0.3157894736842105,0.0,0.85,4.795790545596741,0.0111752450466156,0.0858435645653401
7b_collapsed,yelp,cold_start_user,150,0.38685280723454163,0.6309297535714575,0.2440769463369159,0.43079500636227125,0.18558433750666933,0.9457847820134473,2.967590256199712,0.061197916666666664,7.571473648851271,1.3862943611198906,0.6625,3.0,0.0,0.0,1.0,3.8066624897703196,0.2177786310513814,0.14305935714408752
7b_collapsed,yelp,cold_start_user,151,0.0,0.0,0.0,0.43079500636227125,0.18558433750666933,0.9457847820134473,2.967590256199712,0.061197916666666664,7.316548177182976,0.6931471805599453,0.6666666666666666,2.0,0.2631578947368421,0.0,0.95,2.302585092994046,0.002724570035934515,0.1109569370470797
7b_collapsed,yelp,cold_start_user,152,0.0,0.0,0.0,0.43079500636227125,0.18558433750666933,0.9457847820134473,2.967590256199712,0.061197916666666664,6.517671272912275,0.6931471805599453,0.6541666666666666,1.0,0.42105263157894735,0.0,0.9,3.6109179126442243,0.0010608315467834917,0.12470425893173302
7b_collapsed,yelp,cold_start_user,153,0.6309297535714575,0.0,-0.6309297535714575,0.43079500636227125,0.18558433750666933,0.9457847820134473,2.967590256199712,0.061197916666666664,6.61338421837956,0.6931471805599453,0.6625,1.0,0.5789473684210527,0.0,0.85,3.9318256327243257,0.002747672796249323,0.1640043807638811
7b_collapsed,yelp,cold_start_user,154,0.6309297535714575,0.43067655807339306,-0.20025319549806447,0.43079500636227125,0.18558433750666933,0.9457847820134473,2.967590256199712,0.061197916666666664,6.3835066348840055,0.6931471805599453,0.6666666666666666,2.0,0.21052631578947367,0.0,1.0,3.4657359027997265,0.000238233804702781,0.18875966052879414
7b_collapsed,yelp,cold_start_user,155,0.5,0.0,-0.5,0.43079500636227125,0.18558433750666933,0.9457847820134473,2.967590256199712,0.061197916666666664,8.285513309079741,1.791759469228055,0.6666666666666666,2.0,0.15789473684210525,0.0,0.95,1.9459101490553132,0.0001916170120239702,0.149896138838585
7b_collapsed,yelp,cold_start_user,156,1.0,0.5,-0.5,0.43079500636227125,0.18558433750666933,0.9457847820134473,2.967590256199712,0.061197916666666664,6.222576268071369,0.6931471805599453,0.6666666666666666,2.0,0.05263157894736842,0.0,0.95,2.302585092994046,0.006203055381774902,0.1605986561620311
7b_collapsed,yelp,cold_start_user,157,0.38685280723454163,0.0,-0.38685280723454163,0.43079500636227125,0.18558433750666933,0.9457847820134473,2.967590256199712,0.061197916666666664,8.515591910049263,1.6094379124341003,0.6666666666666666,2.0,0.10526315789473684,0.0,0.95,0.6931471805599453,0.00250818729400637,0.11398002237210209
7b_collapsed,yelp,cold_start_user,158,1.0,1.0,0.0,0.43079500636227125,0.18558433750666933,0.9457847820134473,2.967590256199712,0.061197916666666664,7.43307534889858,1.0986122886681096,0.6625,1.0,0.21052631578947367,0.0,1.0,5.093750200806762,0.0009491264820098433,0.18242981235973443
7b_collapsed,yelp,cold_start_user,159,0.6309297535714575,0.0,-0.6309297535714575,0.43079500636227125,0.18558433750666933,0.9457847820134473,2.967590256199712,0.061197916666666664,8.290794347381356,1.3862943611198906,0.6666666666666666,2.0,0.21052631578947367,0.0,0.9,0.6931471805599453,0.0007971525192260742,0.13899953482946145
7b_collapsed,yelp,cold_start_user,160,0.6309297535714575,0.6309297535714575,0.0,0.43079500636227125,0.18558433750666933,0.9457847820134473,2.967590256199712,0.061197916666666664,6.825460036255307,0.6931471805599453,0.6625,1.0,0.21052631578947367,0.0,1.0,3.784189633918261,0.003910356760025047,0.11779685408081624
7b_collapsed,yelp,cold_start_user,161,0.0,0.0,0.0,0.43079500636227125,0.18558433750666933,0.9457847820134473,2.967590256199712,0.061197916666666664,5.945420608606575,0.6931471805599453,0.6666666666666666,2.0,0.05263157894736842,0.0,0.95,1.0986122886681096,0.22040201028188067,0.13686459733582326
7b_collapsed,yelp,cold_start_user,162,0.38685280723454163,0.0,-0.38685280723454163,0.43079500636227125,0.18558433750666933,0.9457847820134473,2.967590256199712,0.061197916666666664,6.311734809152915,0.6931471805599453,0.6625,1.0,0.3157894736842105,0.0,0.9,5.1298987149230735,0.22066568930943803,0.06044000479564962
7b_collapsed,yelp,cold_start_user,163,1.0,0.0,-1.0,0.43079500636227125,0.18558433750666933,0.9457847820134473,2.967590256199712,0.061197916666666664,6.4425401664681985,0.6931471805599453,0.6666666666666666,2.0,0.05263157894736842,0.0,0.9,4.060443010546419,0.22726921637852981,0.14086954898323983
7b_collapsed,yelp,cold_start_user,164,0.0,0.0,0.0,0.43079500636227125,0.18558433750666933,0.9457847820134473,2.967590256199712,0.061197916666666664,7.38025578842646,0.6931471805599453,0.6666666666666666,2.0,0.05263157894736842,0.0,0.95,2.8903717578961645,0.23522021373113,0.21552912219061396
7b_collapsed,yelp,cold_start_user,165,0.5,1.0,0.5,0.43079500636227125,0.18558433750666933,0.9457847820134473,2.967590256199712,0.061197916666666664,5.860786223465865,0.6931471805599453,0.6625,2.0,0.05263157894736842,0.0,1.0,3.5263605246161616,0.20537700851758323,0.13279725685100835
7b_collapsed,yelp,cold_start_user,166,0.6309297535714575,0.0,-0.6309297535714575,0.43079500636227125,0.18558433750666933,0.9457847820134473,2.967590256199712,0.061197916666666664,6.492239835020471,0.6931471805599453,0.6583333333333333,3.0,0.0,0.0,0.8,2.639057329615259,0.00029395222663874954,0.17999275344480928
7b_collapsed,yelp,cold_start_user,167,0.0,0.0,0.0,0.43079500636227125,0.18558433750666933,0.9457847820134473,2.967590256199712,0.061197916666666664,6.455198563340122,0.6931471805599453,0.6666666666666666,2.0,0.15789473684210525,0.0,0.95,3.4657359027997265,0.21139928301175437,0.1289704714944381
7b_collapsed,yelp,cold_start_user,168,0.5,0.38685280723454163,-0.11314719276545837,0.43079500636227125,0.18558433750666933,0.9457847820134473,2.967590256199712,0.061197916666666664,7.830425617820331,1.6094379124341003,0.6666666666666666,3.0,0.0,0.0,0.75,3.295836866004329,0.0054988324642181174,0.1568658495497962
7b_collapsed,yelp,cold_start_user,169,0.43067655807339306,1.0,0.5693234419266069,0.43079500636227125,0.18558433750666933,0.9457847820134473,2.967590256199712,0.061197916666666664,7.047517221357296,1.0986122886681096,0.6666666666666666,0.0,0.21052631578947367,0.05263157894736842,0.9,4.060443010546419,0.0010858654975890447,0.0945557992230408
7b_collapsed,yelp,cold_start_user,170,0.38685280723454163,0.0,-0.38685280723454163,0.43079500636227125,0.18558433750666933,0.9457847820134473,2.967590256199712,0.061197916666666664,7.351158226430694,1.0986122886681096,0.6666666666666666,2.0,0.05263157894736842,0.0,0.95,3.258096538021482,0.22964872916539503,0.13282793961677475
7b_collapsed,yelp,cold_start_user,171,0.0,0.0,0.0,0.43079500636227125,0.18558433750666933,0.9457847820134473,2.967590256199712,0.061197916666666664,6.637258031284457,0.6931471805599453,0.6625,2.0,0.10526315789473684,0.0,0.9,3.713572066704308,0.004210656881332486,0.12718711034303062
7b_collapsed,yelp,cold_start_user,172,0.6309297535714575,0.0,-0.6309297535714575,0.43079500636227125,0.18558433750666933,0.9457847820134473,2.967590256199712,0.061197916666666664,7.071573364211532,1.0986122886681096,0.6666666666666666,2.0,0.05263157894736842,0.0,0.95,3.713572066704308,0.22483366330464682,0.12782447417195184
7b_collapsed,yelp,cold_start_user,173,1.0,1.0,0.0,0.43079500636227125,0.18558433750666933,0.9457847820134473,2.967590256199712,0.061197916666666664,7.671826797878781,1.3862943611198906,0.6625,2.0,0.10526315789473684,0.0,1.0,4.0943445622221,0.0044616401195526345,0.16675910410438202
7b_collapsed,yelp,cold_start_user,174,1.0,0.0,-1.0,0.43079500636227125,0.18558433750666933,0.9457847820134473,2.967590256199712,0.061197916666666664,6.3473892096560105,0.6931471805599453,0.6583333333333333,1.0,0.10526315789473684,0.0,0.95,2.1972245773362196,0.004891061782836936,0.17097289536242397
7b_collapsed,yelp,cold_start_user,175,1.0,0.38685280723454163,-0.6131471927654584,0.43079500636227125,0.18558433750666933,0.9457847820134473,2.967590256199712,0.061197916666666664,8.41715183723601,1.0986122886681096,0.6625,2.0,0.05263157894736842,0.0,1.0,3.4965075614664802,0.2229370554288228,0.15026327222151717
7b_collapsed,yelp,cold_start_user,176,0.43067655807339306,0.43067655807339306,0.0,0.43079500636227125,0.18558433750666933,0.9457847820134473,2.967590256199712,0.061197916666666664,7.283448228756631,1.0986122886681096,0.6625,2.0,0.2631578947368421,0.0,0.9,3.9889840465642745,0.007629865407943637,0.16711629925628216
7b_collapsed,yelp,cold_start_user,177,0.0,0.0,0.0,0.43079500636227125,0.18558433750666933,0.9457847820134473,2.967590256199712,0.061197916666666664,6.513230110912307,0.6931471805599453,0.6666666666666666,2.0,0.05263157894736842,0.0,0.95,2.995732273553991,0.0033565700054168923,0.15979624075908352
7b_collapsed,yelp,cold_start_user,178,0.43067655807339306,0.0,-0.43067655807339306,0.43079500636227125,0.18558433750666933,0.9457847820134473,2.967590256199712,0.061197916666666664,5.932245187448011,0.6931471805599453,0.6625,3.0,0.0,0.0,0.85,4.1588830833596715,0.4682602028052012,0.17228815991231688
7b_collapsed,yelp,cold_start_user,179,0.0,0.43067655807339306,0.43067655807339306,0.43079500636227125,0.18558433750666933,0.9457847820134473,2.967590256199712,0.061197916666666664,7.00397413672268,0.6931471805599453,0.6583333333333333,2.0,0.05263157894736842,0.0,1.0,2.1972245773362196,0.044550704956054676,0.11904995913612665
7b_collapsed,yelp,cold_start_user,180,0.0,0.43067655807339306,0.43067655807339306,0.43079500636227125,0.18558433750666933,0.9457847820134473,2.967590256199712,0.061197916666666664,8.725507328484445,1.9459101490553132,0.6666666666666666,3.0,0.0,0.0,0.95,2.995732273553991,0.003127473592758223,0.09546332762178965
7b_collapsed,yelp,cold_start_user,181,0.0,0.5,0.5,0.43079500636227125,0.18558433750666933,0.9457847820134473,2.967590256199712,0.061197916666666664,7.1049654482698426,0.6931471805599453,0.6666666666666666,1.0,0.3157894736842105,0.0,0.95,3.784189633918261,0.004938000440597556,0.11626649297921776
7b_collapsed,yelp,cold_start_user,182,0.6309297535714575,0.0,-0.6309297535714575,0.43079500636227125,0.18558433750666933,0.9457847820134473,2.967590256199712,0.061197916666666664,7.142827401161621,1.0986122886681096,0.6625,1.0,0.15789473684210525,0.0,0.95,4.574710978503383,0.00035490989685060814,0.1671580718715908
7b_collapsed,yelp,cold_start_user,183,0.0,0.0,0.0,0.43079500636227125,0.18558433750666933,0.9457847820134473,2.967590256199712,0.061197916666666664,7.427144133408616,0.6931471805599453,0.6666666666666666,1.0,0.2631578947368421,0.0,0.95,3.784189633918261,0.2538356562455495,0.19549674907953327
7b_collapsed,yelp,cold_start_user,184,1.0,1.0,0.0,0.43079500636227125,0.18558433750666933,0.9457847820134473,2.967590256199712,0.061197916666666664,7.2868764117507,0.6931471805599453,0.6666666666666666,2.0,0.05263157894736842,0.0,1.0,4.0943445622221,0.012708985805511497,0.15823343257946704
7b_collapsed,yelp,cold_start_user,185,0.0,1.0,1.0,0.43079500636227125,0.18558433750666933,0.9457847820134473,2.967590256199712,0.061197916666666664,7.462789157412448,1.3862943611198906,0.6583333333333333,2.0,0.21052631578947367,0.0,1.0,4.0943445622221,0.002078568935394265,0.17968682179022075
7b_collapsed,yelp,cold_start_user,186,1.0,0.38685280723454163,-0.6131471927654584,0.43079500636227125,0.18558433750666933,0.9457847820134473,2.967590256199712,0.061197916666666664,7.088408778675395,1.0986122886681096,0.6666666666666666,0.0,0.21052631578947367,0.05263157894736842,0.95,4.356708826689592,0.00023599863052370385,0.11573107289577232
7b_collapsed,yelp,cold_start_user,187,0.5,0.5,0.0,0.43079500636227125,0.18558433750666933,0.9457847820134473,2.967590256199712,0.061197916666666664,6.042632833682381,0.6931471805599453,0.6666666666666666,0.0,0.42105263157894735,0.05263157894736842,0.95,3.091042453358316,0.23741084535916634,0.1905489972838958
7b_collapsed,yelp,cold_start_user,188,0.0,0.0,0.0,0.43079500636227125,0.18558433750666933,0.9457847820134473,2.967590256199712,0.061197916666666664,6.236369590203704,0.6931471805599453,0.6666666666666666,2.0,0.05263157894736842,0.0,1.0,1.0986122886681096,0.21694044073422747,0.13158664457289776
7b_collapsed,yelp,cold_start_user,189,0.43067655807339306,1.0,0.5693234419266069,0.43079500636227125,0.18558433750666933,0.9457847820134473,2.967590256199712,0.061197916666666664,6.398594934535208,0.6931471805599453,0.6666666666666666,2.0,0.10526315789473684,0.0,1.0,3.713572066704308,0.0004721224308014138,0.17730772939419326
7b_collapsed,yelp,cold_start_user,190,0.0,0.0,0.0,0.43079500636227125,0.18558433750666933,0.9457847820134473,2.967590256199712,0.061197916666666664,8.079308192051961,1.9459101490553132,0.6666666666666666,2.0,0.2631578947368421,0.0,0.95,3.1354942159291497,0.23036319812138872,0.1191078864062197
7b_collapsed,yelp,cold_start_user,191,0.0,0.0,0.0,0.43079500636227125,0.18558433750666933,0.9457847820134473,2.967590256199712,0.061197916666666664,7.570443252057374,1.6094379124341003,0.6625,2.0,0.10526315789473684,0.0,1.0,4.0943445622221,0.0054010927677153875,0.14375293050813112
7b_collapsed,yelp,cold_start_user,192,0.38685280723454163,0.38685280723454163,0.0,0.43079500636227125,0.18558433750666933,0.9457847820134473,2.967590256199712,0.061197916666666664,8.624611588183507,1.791759469228055,0.6666666666666666,2.0,0.21052631578947367,0.0,0.95,0.6931471805599453,0.4635724167029063,0.14748371628791554
7b_collapsed,yelp,cold_start_user,193,1.0,0.0,-1.0,0.43079500636227125,0.18558433750666933,0.9457847820134473,2.967590256199712,0.061197916666666664,6.529418838262226,0.6931471805599453,0.6666666666666666,3.0,0.0,0.0,1.0,3.1780538303479458,0.23258113463719687,0.14155013819926462
7b_collapsed,yelp,cold_start_user,194,0.0,0.0,0.0,0.43079500636227125,0.18558433750666933,0.9457847820134473,2.967590256199712,0.061197916666666664,6.0014148779611505,0.6931471805599453,0.6666666666666666,2.0,0.05263157894736842,0.0,0.95,3.828641396489095,0.22983666261037194,0.1415392995318044
7b_collapsed,yelp,cold_start_user,195,1.0,0.43067655807339306,-0.5693234419266069,0.43079500636227125,0.18558433750666933,0.9457847820134473,2.967590256199712,0.061197916666666664,7.688455356549944,1.6094379124341003,0.6666666666666666,1.0,0.3157894736842105,0.0,0.9,3.367295829986474,0.004325938224792436,0.15591317381571476
7b_collapsed,yelp,cold_start_user,196,0.0,0.0,0.0,0.43079500636227125,0.18558433750666933,0.9457847820134473,2.967590256199712,0.061197916666666664,7.43955930913332,0.6931471805599453,0.6583333333333333,2.0,0.2631578947368421,0.0,1.0,2.9444389791664403,0.0005318820476531982,0.12118913787839848
7b_collapsed,yelp,cold_start_user,197,0.0,0.0,0.0,0.43079500636227125,0.18558433750666933,0.9457847820134473,2.967590256199712,0.061197916666666664,5.8289456176102075,0.6931471805599453,0.6625,3.0,0.0,0.0,1.0,2.3978952727983707,0.0006355047225952148,0.10414933548987731
7b_collapsed,yelp,cold_start_user,198,0.5,0.0,-0.5,0.43079500636227125,0.18558433750666933,0.9457847820134473,2.967590256199712,0.061197916666666664,7.503289630675082,1.3862943611198906,0.6666666666666666,1.0,0.3684210526315789,0.0,0.95,3.912023005428146,0.0026584982872008833,0.15681101714911358
7b_collapsed,yelp,cold_start_user,199,0.5,0.0,-0.5,0.43079500636227125,0.18558433750666933,0.9457847820134473,2.967590256199712,0.061197916666666664,5.945420608606575,0.6931471805599453,0.6666666666666666,1.0,0.15789473684210525,0.0,0.95,3.6888794541139363,0.2440565546353658,0.1372252724880205
7b_collapsed,yelp,cold_start_user,200,0.6309297535714575,0.6309297535714575,0.0,0.43079500636227125,0.18558433750666933,0.9457847820134473,2.967590256199712,0.061197916666666664,5.8289456176102075,0.6931471805599453,0.6625,2.0,0.15789473684210525,0.0,1.0,4.0943445622221,0.221778412659963,0.13586676848877705
7b_collapsed,yelp,cold_start_user,201,0.0,1.0,1.0,0.43079500636227125,0.18558433750666933,0.9457847820134473,2.967590256199712,0.061197916666666664,8.240385115516334,1.3862943611198906,0.6666666666666666,2.0,0.10526315789473684,0.0,1.0,3.7612001156935624,0.013027507066726618,0.14989841135917215
7b_collapsed,yelp,cold_start_user,202,0.6309297535714575,0.5,-0.13092975357145753,0.43079500636227125,0.18558433750666933,0.9457847820134473,2.967590256199712,0.061197916666666664,6.311734809152915,0.6931471805599453,0.6666666666666666,3.0,0.0,0.0,0.95,3.1780538303479458,0.2278292616208395,0.1438850685217287
7b_collapsed,yelp,cold_start_user,203,0.0,0.0,0.0,0.43079500636227125,0.18558433750666933,0.9457847820134473,2.967590256199712,0.061197916666666664,7.087573705557973,1.0986122886681096,0.6666666666666666,1.0,0.47368421052631576,0.0,0.9,5.262690188904886,0.004935836791992165,0.14867926416027563
7b_collapsed,yelp,cold_start_user,204,0.6309297535714575,0.38685280723454163,-0.2440769463369159,0.43079500636227125,0.18558433750666933,0.9457847820134473,2.967590256199712,0.061197916666666664,6.142037405587356,0.6931471805599453,0.6666666666666666,1.0,0.15789473684210525,0.0,0.95,2.1972245773362196,0.0014785945415496382,0.1120441598913337
7b_collapsed,yelp,cold_start_user,205,0.0,0.38685280723454163,0.38685280723454163,0.43079500636227125,0.18558433750666933,0.9457847820134473,2.967590256199712,0.061197916666666664,6.423246963533519,0.6931471805599453,0.6541666666666666,1.0,0.42105263157894735,0.0,0.95,3.295836866004329,0.22332771023114517,0.23092492925263997
7b_collapsed,yelp,cold_start_user,206,0.0,0.0,0.0,0.43079500636227125,0.18558433750666933,0.9457847820134473,2.967590256199712,0.061197916666666664,7.158513997329321,0.6931471805599453,0.6666666666666666,3.0,0.0,0.0,0.95,2.3978952727983707,0.2152722318967183,0.13707787030312313
7b_collapsed,yelp,cold_start_user,207,1.0,0.0,-1.0,0.43079500636227125,0.18558433750666933,0.9457847820134473,2.967590256199712,0.061197916666666664,7.5569505720129,1.3862943611198906,0.6625,3.0,0.0,0.0,0.85,1.3862943611198906,0.00025463104248046875,0.1841371873478817
7b_collapsed,yelp,cold_start_user,208,0.6309297535714575,0.6309297535714575,0.0,0.43079500636227125,0.18558433750666933,0.9457847820134473,2.967590256199712,0.061197916666666664,7.4798641311650265,1.3862943611198906,0.6625,2.0,0.05263157894736842,0.0,1.0,3.8918202981106265,0.0004303872585296187,0.15926210927245746
7b_collapsed,yelp,cold_start_user,209,1.0,1.0,0.0,0.43079500636227125,0.18558433750666933,0.9457847820134473,2.967590256199712,0.061197916666666664,6.261491684321042,0.6931471805599453,0.6583333333333333,3.0,0.0,0.0,0.95,2.1972245773362196,0.005411285161971979,0.19277912082578377
7b_collapsed,yelp,cold_start_user,210,0.6309297535714575,0.38685280723454163,-0.2440769463369159,0.43079500636227125,0.18558433750666933,0.9457847820134473,2.967590256199712,0.061197916666666664,6.39024066706535,0.6931471805599453,0.6666666666666666,0.0,0.2631578947368421,0.05263157894736842,0.95,3.091042453358316,0.0006808161735535334,0.1862739370958731
7b_collapsed,yelp,cold_start_user,211,0.6309297535714575,0.5,-0.13092975357145753,0.43079500636227125,0.18558433750666933,0.9457847820134473,2.967590256199712,0.061197916666666664,5.981414211254481,0.6931471805599453,0.6666666666666666,2.0,0.15789473684210525,0.0,1.0,4.663439094112067,0.23100442488988238,0.21355244695937556
7b_collapsed,yelp,cold_start_user,212,0.43067655807339306,0.0,-0.43067655807339306,0.43079500636227125,0.18558433750666933,0.9457847820134473,2.967590256199712,0.061197916666666664,8.27614021955846,1.791759469228055,0.6625,2.0,0.05263157894736842,0.0,1.0,3.1780538303479458,0.0008483469486236794,0.1396734641414741
7b_collapsed,yelp,cold_start_user,213,1.0,1.0,0.0,0.43079500636227125,0.18558433750666933,0.9457847820134473,2.967590256199712,0.061197916666666664,6.630683385642372,0.6931471805599453,0.6541666666666666,3.0,0.0,0.0,0.95,2.1972245773362196,0.00011245608329768508,0.19762087008029192
7b_collapsed,yelp,cold_start_user,214,0.0,0.0,0.0,0.43079500636227125,0.18558433750666933,0.9457847820134473,2.967590256199712,0.061197916666666664,6.439350371100098,0.6931471805599453,0.6666666666666666,2.0,0.05263157894736842,0.0,1.0,3.7612001156935624,0.22923443516095476,0.140363999592938
7b_collapsed,yelp,cold_start_user,215,0.0,1.0,1.0,0.43079500636227125,0.18558433750666933,0.9457847820134473,2.967590256199712,0.061197916666666664,7.2196420401307355,1.0986122886681096,0.6625,1.0,0.47368421052631576,0.0,0.9,2.1972245773362196,0.011090147495269709,0.15459620170202754
7b_collapsed,yelp,cold_start_user,216,0.43067655807339306,0.0,-0.43067655807339306,0.43079500636227125,0.18558433750666933,0.9457847820134473,2.967590256199712,0.061197916666666664,8.537779825024625,1.791759469228055,0.6666666666666666,3.0,0.0,0.0,0.95,4.584967478670572,0.0029262006282806396,0.11980603919308373
7b_collapsed,yelp,cold_start_user,217,1.0,1.0,0.0,0.43079500636227125,0.18558433750666933,0.9457847820134473,2.967590256199712,0.061197916666666664,6.253828811575473,0.6931471805599453,0.6625,1.0,0.10526315789473684,0.0,1.0,4.927253685157205,0.47594301501909886,0.1689944947525303
7b_collapsed,yelp,cold_start_user,218,0.43067655807339306,0.5,0.06932344192660694,0.43079500636227125,0.18558433750666933,0.9457847820134473,2.967590256199712,0.061197916666666664,6.025865973825314,0.6931471805599453,0.6666666666666666,2.0,0.05263157894736842,0.0,1.0,3.713572066704308,0.22776994903882342,0.13988513489866689
7b_collapsed,yelp,cold_start_user,219,0.0,0.0,0.0,0.43079500636227125,0.18558433750666933,0.9457847820134473,2.967590256199712,0.061197916666666664,6.173786103901937,0.6931471805599453,0.6666666666666666,0.0,0.2631578947368421,0.05263157894736842,0.8,3.828641396489095,0.23039198716481524,0.13870880072172606
7b_collapsed,yelp,cold_start_user,220,0.6309297535714575,0.5,-0.13092975357145753,0.43079500636227125,0.18558433750666933,0.9457847820134473,2.967590256199712,0.061197916666666664,7.518064181233078,0.6931471805599453,0.6666666666666666,2.0,0.2631578947368421,0.0,1.0,4.07753744390572,0.0024912893772124356,0.11105005356066266
7b_collapsed,yelp,cold_start_user,221,0.5,0.0,-0.5,0.43079500636227125,0.18558433750666933,0.9457847820134473,2.967590256199712,0.061197916666666664,7.789868559054706,1.3862943611198906,0.6625,2.0,0.05263157894736842,0.0,0.9,3.1780538303479458,0.0003869354724883589,0.11520290811955866
7b_collapsed,yelp,cold_start_user,222,0.43067655807339306,1.0,0.5693234419266069,0.43079500636227125,0.18558433750666933,0.9457847820134473,2.967590256199712,0.061197916666666664,6.621405651764134,0.6931471805599453,0.6625,3.0,0.0,0.0,0.8,3.912023005428146,0.538336435953776,0.12168255163252971
7b_collapsed,yelp,cold_start_user,223,0.0,0.0,0.0,0.43079500636227125,0.18558433750666933,0.9457847820134473,2.967590256199712,0.061197916666666664,5.955837369464831,0.6931471805599453,0.6666666666666666,1.0,0.3157894736842105,0.0,1.0,4.304065093204169,0.23034052451451614,0.14210071878918362
7b_collapsed,yelp,cold_start_user,224,1.0,0.6309297535714575,-0.36907024642854247,0.43079500636227125,0.18558433750666933,0.9457847820134473,2.967590256199712,0.061197916666666664,7.231287004327616,0.6931471805599453,0.6666666666666666,1.0,0.42105263157894735,0.0,0.85,3.7376696182833684,5.208849906923607e-05,0.1659417677503224
7b_collapsed,yelp,cold_start_user,225,0.43067655807339306,1.0,0.5693234419266069,0.43079500636227125,0.18558433750666933,0.9457847820134473,2.967590256199712,0.061197916666666664,7.566311014772463,1.6094379124341003,0.6666666666666666,2.0,0.15789473684210525,0.0,0.95,5.147494476813453,0.010611176490783691,0.1279999267365646
7b_collapsed,yelp,cold_start_user,226,1.0,0.0,-1.0,0.43079500636227125,0.18558433750666933,0.9457847820134473,2.967590256199712,0.061197916666666664,8.387084506069217,1.9459101490553132,0.6666666666666666,2.0,0.2631578947368421,0.0,1.0,2.302585092994046,0.23542810281117765,0.133648994206568
7b_collapsed,yelp,cold_start_user,227,0.43067655807339306,0.0,-0.43067655807339306,0.43079500636227125,0.18558433750666933,0.9457847820134473,2.967590256199712,0.061197916666666664,8.28045768658256,1.791759469228055,0.6666666666666666,1.0,0.631578947368421,0.0,0.95,4.867534450455582,0.0028103649616241233,0.14651254087615434
7b_collapsed,yelp,cold_start_user,228,1.0,0.6309297535714575,-0.36907024642854247,0.43079500636227125,0.18558433750666933,0.9457847820134473,2.967590256199712,0.061197916666666664,7.252762418053187,1.0986122886681096,0.6583333333333333,1.0,0.21052631578947367,0.0,0.95,4.430816798843313,0.00012858510017388358,0.1644938640626336
7b_collapsed,yelp,cold_start_user,229,0.0,0.0,0.0,0.43079500636227125,0.18558433750666933,0.9457847820134473,2.967590256199712,0.061197916666666664,7.346655163176539,1.0986122886681096,0.6666666666666666,0.0,0.42105263157894735,0.05263157894736842,0.95,3.091042453358316,0.19986741145451858,0.1353363000937101
7b_collapsed,yelp,cold_start_user,230,1.0,1.0,0.0,0.43079500636227125,0.18558433750666933,0.9457847820134473,2.967590256199712,0.061197916666666664,7.112327444710911,1.3862943611198906,0.6625,3.0,0.0,0.0,1.0,3.1780538303479458,0.006474995613098167,0.12226211493182425
7b_collapsed,yelp,cold_start_user,231,0.6309297535714575,1.0,0.36907024642854247,0.43079500636227125,0.18558433750666933,0.9457847820134473,2.967590256199712,0.061197916666666664,7.349230824613334,1.3862943611198906,0.6625,2.0,0.15789473684210525,0.0,1.0,3.258096538021482,0.0007445096969603826,0.1427714323247127
7b_collapsed,yelp,cold_start_user,232,0.6309297535714575,0.43067655807339306,-0.20025319549806447,0.43079500636227125,0.18558433750666933,0.9457847820134473,2.967590256199712,0.061197916666666664,8.207129168071326,1.6094379124341003,0.6666666666666666,2.0,0.2631578947368421,0.0,1.0,4.624972813284271,0.00015276074409475981,0.17551966141581302
7b_collapsed,yelp,cold_start_user,233,0.0,0.0,0.0,0.43079500636227125,0.18558433750666933,0.9457847820134473,2.967590256199712,0.061197916666666664,6.100318952020064,0.6931471805599453,0.6666666666666666,2.0,0.05263157894736842,0.0,0.95,4.0943445622221,0.0002079606056213379,0.156766076193698
7b_collapsed,yelp,cold_start_user,234,0.6309297535714575,1.0,0.36907024642854247,0.43079500636227125,0.18558433750666933,0.9457847820134473,2.967590256199712,0.061197916666666664,6.796823718274855,0.6931471805599453,0.6625,3.0,0.0,0.0,1.0,2.3978952727983707,0.09295556545257566,0.08664485864001521
7b_collapsed,yelp,cold_start_user,235,1.0,1.0,0.0,0.43079500636227125,0.18558433750666933,0.9457847820134473,2.967590256199712,0.061197916666666664,6.300785794663244,0.6931471805599453,0.6625,0.0,0.3684210526315789,0.05263157894736842,0.95,3.713572066704308,0.0015066862106323242,0.13653534365059158
7b_collapsed,yelp,cold_start_user,236,0.0,1.0,1.0,0.43079500636227125,0.18558433750666933,0.9457847820134473,2.967590256199712,0.061197916666666664,7.8336002236611035,1.791759469228055,0.6625,2.0,0.10526315789473684,0.0,0.95,3.713572066704308,0.003080660104751609,0.16781116042229838
7b_collapsed,yelp,cold_start_user,237,0.0,0.0,0.0,0.43079500636227125,0.18558433750666933,0.9457847820134473,2.967590256199712,0.061197916666666664,7.823645930834952,1.791759469228055,0.6666666666666666,3.0,0.0,0.0,0.95,0.6931471805599453,4.8637390136496705e-06,0.15993525251937923
7b_collapsed,yelp,cold_start_user,238,0.5,0.0,-0.5,0.43079500636227125,0.18558433750666933,0.9457847820134473,2.967590256199712,0.061197916666666664,8.055157731819678,1.0986122886681096,0.6625,0.0,0.21052631578947367,0.05263157894736842,0.95,4.927253685157205,0.008009362220764094,0.15382846838051636
7b_collapsed,yelp,cold_start_user,239,0.43067655807339306,0.6309297535714575,0.20025319549806447,0.43079500636227125,0.18558433750666933,0.9457847820134473,2.967590256199712,0.061197916666666664,7.144407180321139,1.0986122886681096,0.6625,1.0,0.3157894736842105,0.0,0.95,3.6888794541139363,0.0014895558357238547,0.1632500381194195
7b_collapsed,yelp,cold_start_user,240,0.0,0.6309297535714575,0.6309297535714575,0.43079500636227125,0.18558433750666933,0.9457847820134473,2.967590256199712,0.061197916666666664,7.471932078245122,1.3862943611198906,0.6583333333333333,0.0,0.47368421052631576,0.05263157894736842,0.95,5.262690188904886,0.0009380221366882546,0.1320971877668116
7b_collapsed,yelp,cold_start_user,241,1.0,1.0,0.0,0.43079500636227125,0.18558433750666933,0.9457847820134473,2.967590256199712,0.061197916666666664,7.252762418053187,1.0986122886681096,0.6666666666666666,2.0,0.10526315789473684,0.0,0.95,4.219507705176107,0.0032026290893555354,0.14428793037649082
7b_collapsed,yelp,cold_start_user,242,0.43067655807339306,0.0,-0.43067655807339306,0.43079500636227125,0.18558433750666933,0.9457847820134473,2.967590256199712,0.061197916666666664,6.608000625296087,0.6931471805599453,0.6625,2.0,0.10526315789473684,0.0,1.0,4.927253685157205,0.23174575169881184,0.1435604743325652
7b_collapsed,yelp,cold_start_user,243,0.6309297535714575,0.5,-0.13092975357145753,0.43079500636227125,0.18558433750666933,0.9457847820134473,2.967590256199712,0.061197916666666664,6.628041376179533,0.6931471805599453,0.6666666666666666,2.0,0.3157894736842105,0.0,0.95,2.302585092994046,0.0016719818115235041,0.09450008292021418
7b_collapsed,yelp,cold_start_user,244,0.0,0.0,0.0,0.43079500636227125,0.18558433750666933,0.9457847820134473,2.967590256199712,0.061197916666666664,6.815639990074331,1.0986122886681096,0.6541666666666666,2.0,0.05263157894736842,0.0,0.95,1.791759469228055,0.0017848849296570046,0.14161664862415294
7b_collapsed,yelp,cold_start_user,245,1.0,1.0,0.0,0.43079500636227125,0.18558433750666933,0.9457847820134473,2.967590256199712,0.061197916666666664,7.288244401020124,1.3862943611198906,0.6625,2.0,0.10526315789473684,0.0,1.0,5.262690188904886,0.013681286573410056,0.14576708532320004
7b_collapsed,yelp,cold_start_user,246,1.0,0.6309297535714575,-0.36907024642854247,0.43079500636227125,0.18558433750666933,0.9457847820134473,2.967590256199712,0.061197916666666664,7.286191714702382,1.0986122886681096,0.6666666666666666,1.0,0.5789473684210527,0.0,0.9,4.290459441148391,0.0007830440998077837,0.11047390704970088
7b_collapsed,yelp,cold_start_user,247,1.0,0.43067655807339306,-0.5693234419266069,0.43079500636227125,0.18558433750666933,0.9457847820134473,2.967590256199712,0.061197916666666664,7.9215356321335495,1.9459101490553132,0.6666666666666666,2.0,0.42105263157894735,0.0,1.0,2.9444389791664403,0.0008391380310058816,0.14889791547117742
7b_collapsed,yelp,cold_start_user,248,0.6309297535714575,1.0,0.36907024642854247,0.43079500636227125,0.18558433750666933,0.9457847820134473,2.967590256199712,0.061197916666666664,6.635946555686647,0.6931471805599453,0.6666666666666666,1.0,0.2631578947368421,0.0,0.9,3.367295829986474,0.006896567344665483,0.1639869669519447
7b_collapsed,yelp,cold_start_user,249,0.0,0.0,0.0,0.43079500636227125,0.18558433750666933,0.9457847820134473,2.967590256199712,0.061197916666666664,7.955425088912672,1.0986122886681096,0.6625,2.0,0.3684210526315789,0.0,0.85,3.295836866004329,0.22901204427083321,0.1406762661764203
7b_collapsed,yelp,cold_start_user,250,1.0,0.38685280723454163,-0.6131471927654584,0.43079500636227125,0.18558433750666933,0.9457847820134473,2.967590256199712,0.061197916666666664,8.0861025356691,1.791759469228055,0.6625,3.0,0.0,0.0,0.95,2.4849066497880004,0.0022801637649536577,0.17238175265902522
7b_collapsed,yelp,cold_start_user,251,0.0,0.0,0.0,0.43079500636227125,0.18558433750666933,0.9457847820134473,2.967590256199712,0.061197916666666664,7.087573705557973,0.6931471805599453,0.6666666666666666,3.0,0.0,0.0,1.0,3.4657359027997265,0.23006323774655657,0.1425264806508101
7b_collapsed,yelp,cold_start_user,252,1.0,0.5,-0.5,0.43079500636227125,0.18558433750666933,0.9457847820134473,2.967590256199712,0.061197916666666664,5.958424693029782,0.6931471805599453,0.6583333333333333,2.0,0.05263157894736842,0.0,1.0,2.9444389791664403,0.23039604624112442,0.20561892559044115
7b_collapsed,yelp,cold_start_user,253,1.0,1.0,0.0,0.43079500636227125,0.18558433750666933,0.9457847820134473,2.967590256199712,0.061197916666666664,6.045005314036012,0.6931471805599453,0.6666666666666666,2.0,0.05263157894736842,0.0,1.0,4.219507705176107,0.23618968923886607,0.13984343868973692
7b_collapsed,yelp,cold_start_user,254,0.5,0.0,-0.5,0.43079500636227125,0.18558433750666933,0.9457847820134473,2.967590256199712,0.061197916666666664,6.882437470997847,0.6931471805599453,0.6625,2.0,0.3157894736842105,0.0,1.0,3.1354942159291497,0.22358548839886982,0.14260300328767195
7b_collapsed,yelp,cold_start_user,255,0.0,0.0,0.0,0.43079500636227125,0.18558433750666933,0.9457847820134473,2.967590256199712,0.061197916666666664,6.755768921984256,0.6931471805599453,0.6666666666666666,0.0,0.2631578947368421,0.05263157894736842,0.9,4.927253685157205,0.003845161199569569,0.21301614523285084
7b_collapsed,yelp,cold_start_user,256,0.0,0.0,0.0,0.43079500636227125,0.18558433750666933,0.9457847820134473,2.967590256199712,0.061197916666666664,6.0844994130751715,0.6931471805599453,0.6666666666666666,2.0,0.21052631578947367,0.0,0.95,1.9459101490553132,0.22944171627362564,0.13627982464402205
7b_collapsed,yelp,cold_start_user,257,0.6309297535714575,0.6309297535714575,0.0,0.43079500636227125,0.18558433750666933,0.9457847820134473,2.967590256199712,0.061197916666666664,8.212025804623437,1.0986122886681096,0.6625,1.0,0.5789473684210527,0.0,0.8,1.791759469228055,0.0004441380500793679,0.1799702995699098
7b_collapsed,yelp,cold_start_user,258,0.6309297535714575,0.43067655807339306,-0.20025319549806447,0.43079500636227125,0.18558433750666933,0.9457847820134473,2.967590256199712,0.061197916666666664,5.83773044716594,0.6931471805599453,0.6666666666666666,1.0,0.21052631578947367,0.0,1.0,3.6109179126442243,0.0018211841583252175,0.1212520819239554
7b_collapsed,yelp,cold_start_user,259,0.0,0.0,0.0,0.43079500636227125,0.18558433750666933,0.9457847820134473,2.967590256199712,0.061197916666666664,6.159095388491933,0.6931471805599453,0.6666666666666666,2.0,0.10526315789473684,0.0,0.95,3.6888794541139363,0.2481266637643179,0.18851270567295939
7b_collapsed,yelp,cold_start_user,260,0.0,0.0,0.0,0.43079500636227125,0.18558433750666933,0.9457847820134473,2.967590256199712,0.061197916666666664,6.947937068614969,1.0986122886681096,0.6666666666666666,2.0,0.21052631578947367,0.0,0.9,3.5553480614894135,0.0007926821708679199,0.11602014859199274
7b_collapsed,yelp,cold_start_user,261,1.0,1.0,0.0,0.43079500636227125,0.18558433750666933,0.9457847820134473,2.967590256199712,0.061197916666666664,6.698268054115413,0.6931471805599453,0.6666666666666666,2.0,0.10526315789473684,0.0,1.0,3.5263605246161616,0.010617864131927446,0.1555171338215663
7b_collapsed,yelp,cold_start_user,262,0.5,0.6309297535714575,0.13092975357145753,0.43079500636227125,0.18558433750666933,0.9457847820134473,2.967590256199712,0.061197916666666664,6.042632833682381,0.6931471805599453,0.6666666666666666,1.0,0.21052631578947367,0.0,0.95,4.663439094112067,0.02782203555107121,0.16058868094886486
7b_collapsed,yelp,cold_start_user,263,1.0,0.6309297535714575,-0.36907024642854247,0.43079500636227125,0.18558433750666933,0.9457847820134473,2.967590256199712,0.061197916666666664,7.691200097522863,0.6931471805599453,0.6666666666666666,1.0,0.15789473684210525,0.0,0.95,4.248495242049359,0.23134790857632948,0.14223851146579217
7b_collapsed,yelp,cold_start_user,264,0.0,0.0,0.0,0.43079500636227125,0.18558433750666933,0.9457847820134473,2.967590256199712,0.061197916666666664,8.572249397164315,1.791759469228055,0.6625,2.0,0.05263157894736842,0.0,0.9,2.833213344056216,0.23685074647267657,0.12652000209972594
7b_collapsed,yelp,cold_start_user,265,0.6309297535714575,0.0,-0.6309297535714575,0.43079500636227125,0.18558433750666933,0.9457847820134473,2.967590256199712,0.061197916666666664,6.340359303727752,0.6931471805599453,0.6666666666666666,3.0,0.0,0.0,1.0,5.093750200806762,0.0025808572769164817,0.08551565583109506
7b_collapsed,yelp,cold_start_user,266,0.5,0.38685280723454163,-0.11314719276545837,0.43079500636227125,0.18558433750666933,0.9457847820134473,2.967590256199712,0.061197916666666664,6.818924065275521,1.0986122886681096,0.6666666666666666,0.0,0.3157894736842105,0.05263157894736842,0.95,4.060443010546419,0.015480011701583862,0.14830634872339524
7b_collapsed,yelp,cold_start_user,267,1.0,0.5,-0.5,0.43079500636227125,0.18558433750666933,0.9457847820134473,2.967590256199712,0.061197916666666664,6.077642243349034,0.6931471805599453,0.6666666666666666,2.0,0.05263157894736842,0.0,1.0,3.713572066704308,0.019587779045105003,0.16462170988859767
7b_collapsed,yelp,cold_start_user,268,0.5,0.0,-0.5,0.43079500636227125,0.18558433750666933,0.9457847820134473,2.967590256199712,0.061197916666666664,7.3098814858247865,1.0986122886681096,0.6625,3.0,0.0,0.0,0.9,2.1972245773362196,0.01412190198898311,0.09907104377733646
7b_collapsed,yelp,cold_start_user,269,0.43067655807339306,0.0,-0.43067655807339306,0.43079500636227125,0.18558433750666933,0.9457847820134473,2.967590256199712,0.061197916666666664,6.118097198041348,0.6931471805599453,0.6625,1.0,0.47368421052631576,0.0,1.0,5.58724865840025,0.23577673633893326,0.13502394717241425
7b_collapsed,yelp,cold_start_user,270,1.0,1.0,0.0,0.43079500636227125,0.18558433750666933,0.9457847820134473,2.967590256199712,0.061197916666666664,5.8944028342648505,0.6931471805599453,0.6625,2.0,0.05263157894736842,0.0,0.9,3.1780538303479458,0.17603201866149898,0.04787105216101754
7b_collapsed,yelp,cold_start_user,271,1.0,0.6309297535714575,-0.36907024642854247,0.43079500636227125,0.18558433750666933,0.9457847820134473,2.967590256199712,0.061197916666666664,6.129050210060545,0.6931471805599453,0.6666666666666666,2.0,0.10526315789473684,0.0,1.0,4.110873864173311,0.009707844257354714,0.07182511373590833
7b_collapsed,yelp,cold_start_item,0,0.0,0.0,0.0,0.43079500636227125,0.18558433750666933,0.9457847820134473,2.967590256199712,0.061197916666666664,6.018593214496234,0.6931471805599453,0.6625,0.0,0.3157894736842105,0.05263157894736842,0.75,4.795790545596741,0.0007018089294432706,0.15220655462938737
7b_collapsed,yelp,cold_start_item,1,1.0,1.0,0.0,0.43079500636227125,0.18558433750666933,0.9457847820134473,2.967590256199712,0.061197916666666664,7.5883236773352225,1.3862943611198906,0.6625,3.0,0.0,0.0,0.9,4.394449154672439,0.0009208917617797852,0.15584414806644092
7b_collapsed,yelp,cold_start_item,2,0.6309297535714575,0.0,-0.6309297535714575,0.43079500636227125,0.18558433750666933,0.9457847820134473,2.967590256199712,0.061197916666666664,6.061456918928017,0.6931471805599453,0.6666666666666666,2.0,0.15789473684210525,0.0,0.95,3.367295829986474,0.0020909070968627708,0.1580137960541676
7b_collapsed,yelp,cold_start_item,3,0.0,0.43067655807339306,0.43067655807339306,0.43079500636227125,0.18558433750666933,0.9457847820134473,2.967590256199712,0.061197916666666664,6.665683717782408,0.6931471805599453,0.6625,1.0,0.2631578947368421,0.0,0.95,4.927253685157205,0.22022355397542315,0.15062052623962321
7b_collapsed,yelp,cold_start_item,4,0.5,0.6309297535714575,0.13092975357145753,0.43079500636227125,0.18558433750666933,0.9457847820134473,2.967590256199712,0.061197916666666664,6.066108090103747,0.6931471805599453,0.6666666666666666,3.0,0.0,0.0,0.95,4.927253685157205,0.00044002532958975493,0.10582886577253467
7b_collapsed,yelp,cold_start_item,5,0.5,0.0,-0.5,0.43079500636227125,0.18558433750666933,0.9457847820134473,2.967590256199712,0.061197916666666664,9.434683203865875,2.4849066497880004,0.6666666666666666,2.0,0.15789473684210525,0.0,0.95,3.912023005428146,0.2339570184548696,0.14781652487903799
7b_collapsed,yelp,cold_start_item,6,0.5,0.6309297535714575,0.13092975357145753,0.43079500636227125,0.18558433750666933,0.9457847820134473,2.967590256199712,0.061197916666666664,6.62273632394984,0.6931471805599453,0.6666666666666666,2.0,0.05263157894736842,0.0,1.0,3.8501476017100584,0.0012274146080016868,0.0965417332435775
7b_collapsed,yelp,cold_start_item,7,0.6309297535714575,0.0,-0.6309297535714575,0.43079500636227125,0.18558433750666933,0.9457847820134473,2.967590256199712,0.061197916666666664,6.418364935936212,0.6931471805599453,0.6666666666666666,1.0,0.15789473684210525,0.0,1.0,3.258096538021482,0.1944997568925222,0.1349122014503312
7b_collapsed,yelp,cold_start_item,8,1.0,1.0,0.0,0.43079500636227125,0.18558433750666933,0.9457847820134473,2.967590256199712,0.061197916666666664,5.891644211825771,0.6931471805599453,0.6666666666666666,1.0,0.21052631578947367,0.0,0.95,3.367295829986474,0.004442274570465088,0.09714203409907607
7b_collapsed,yelp,cold_start_item,9,0.5,0.38685280723454163,-0.11314719276545837,0.43079500636227125,0.18558433750666933,0.9457847820134473,2.967590256199712,0.061197916666666664,8.00736706798333,1.9459101490553132,0.6666666666666666,2.0,0.3157894736842105,0.0,0.95,1.791759469228055,0.002156907320022605,0.11820697435626476
7b_collapsed,yelp,cold_start_item,10,0.43067655807339306,0.38685280723454163,-0.04382375083885143,0.43079500636227125,0.18558433750666933,0.9457847820134473,2.967590256199712,0.061197916666666664,7.52131798019924,0.6931471805599453,0.6666666666666666,1.0,0.21052631578947367,0.0,0.95,4.663439094112067,0.007662498950958274,0.15864216487859703
7b_collapsed,yelp,cold_start_item,11,0.0,0.5,0.5,0.43079500636227125,0.18558433750666933,0.9457847820134473,2.967590256199712,0.061197916666666664,10.15615107038633,4.007333185232471,0.6625,2.0,0.2631578947368421,0.0,1.0,4.795790545596741,0.0011078238487244318,0.12514571193201204
7b_collapsed,yelp,cold_start_item,12,0.0,0.43067655807339306,0.43067655807339306,0.43079500636227125,0.18558433750666933,0.9457847820134473,2.967590256199712,0.061197916666666664,6.980075940561763,1.0986122886681096,0.6625,0.0,0.631578947368421,0.05263157894736842,0.9,5.262690188904886,0.0017109274864196555,0.1198996620721046
7b_collapsed,yelp,cold_start_item,13,0.38685280723454163,0.0,-0.38685280723454163,0.43079500636227125,0.18558433750666933,0.9457847820134473,2.967590256199712,0.061197916666666664,7.397561535524052,1.0986122886681096,0.6625,1.0,0.21052631578947367,0.0,0.95,3.7376696182833684,0.22375389536221812,0.13715705707548326
7b_collapsed,yelp,cold_start_item,14,0.0,1.0,1.0,0.43079500636227125,0.18558433750666933,0.9457847820134473,2.967590256199712,0.061197916666666664,7.256297239690681,1.3862943611198906,0.6625,1.0,0.15789473684210525,0.0,0.9,3.6109179126442243,0.005283862352371216,0.12910956040523738
7b_collapsed,yelp,cold_start_item,15,1.0,1.0,0.0,0.43079500636227125,0.18558433750666933,0.9457847820134473,2.967590256199712,0.061197916666666664,8.183676582620658,1.6094379124341003,0.6666666666666666,2.0,0.15789473684210525,0.0,1.0,3.6109179126442243,0.23180429538091019,0.1642975126332036
7b_collapsed,yelp,cold_start_item,16,0.0,0.0,0.0,0.43079500636227125,0.18558433750666933,0.9457847820134473,2.967590256199712,0.061197916666666664,5.955837369464831,0.6931471805599453,0.6625,2.0,0.21052631578947367,0.0,0.95,3.4011973816621555,0.007235902547836348,0.0960919546857924
7b_collapsed,yelp,cold_start_item,17,0.43067655807339306,0.0,-0.43067655807339306,0.43079500636227125,0.18558433750666933,0.9457847820134473,2.967590256199712,0.061197916666666664,6.756932389247553,0.6931471805599453,0.6666666666666666,2.0,0.42105263157894735,0.0,0.85,4.382026634673881,0.23284438451131184,0.1407287062880446
7b_collapsed,yelp,cold_start_item,18,1.0,0.0,-1.0,0.43079500636227125,0.18558433750666933,0.9457847820134473,2.967590256199712,0.061197916666666664,9.876886870738948,3.258096538021482,0.6625,0.0,0.7368421052631579,0.05263157894736842,0.9,5.159055299214529,0.001432514190673806,0.12317515778788261
7b_collapsed,yelp,cold_start_item,19,0.6309297535714575,0.38685280723454163,-0.2440769463369159,0.43079500636227125,0.18558433750666933,0.9457847820134473,2.967590256199712,0.061197916666666664,7.789868559054706,1.3862943611198906,0.6666666666666666,0.0,0.2631578947368421,0.05263157894736842,0.9,4.060443010546419,0.23462102611859637,0.15329481478386056
7b_collapsed,yelp,cold_start_item,20,0.0,1.0,1.0,0.43079500636227125,0.18558433750666933,0.9457847820134473,2.967590256199712,0.061197916666666664,8.636574948436317,2.302585092994046,0.6666666666666666,2.0,0.05263157894736842,0.0,1.0,3.713572066704308,0.00015383362770082787,0.12217900448562384
7b_collapsed,yelp,cold_start_item,21,0.0,0.0,0.0,0.43079500636227125,0.18558433750666933,0.9457847820134473,2.967590256199712,0.061197916666666664,8.268475388982598,2.0794415416798357,0.6666666666666666,2.0,0.15789473684210525,0.0,0.85,0.6931471805599453,0.23403017123540237,0.1595601134186172
7b_collapsed,yelp,cold_start_item,22,0.0,0.0,0.0,0.43079500636227125,0.18558433750666933,0.9457847820134473,2.967590256199712,0.061197916666666664,5.883322388488279,0.6931471805599453,0.6666666666666666,0.0,0.21052631578947367,0.05263157894736842,0.9,4.852030263919617,0.23291492660840352,0.13530541500103102
7b_collapsed,yelp,cold_start_item,23,1.0,0.38685280723454163,-0.6131471927654584,0.43079500636227125,0.18558433750666933,0.9457847820134473,2.967590256199712,0.061197916666666664,9.738553945343401,2.833213344056216,0.6666666666666666,3.0,0.0,0.0,0.95,2.833213344056216,0.0009274005889893244,0.1510283374610894
7b_collapsed,yelp,cold_start_item,24,1.0,0.0,-1.0,0.43079500636227125,0.18558433750666933,0.9457847820134473,2.967590256199712,0.061197916666666664,7.332369205929062,1.0986122886681096,0.6666666666666666,1.0,0.15789473684210525,0.0,0.95,3.295836866004329,0.0029548823833466242,0.18673764957397168
7b_collapsed,yelp,cold_start_item,25,1.0,1.0,0.0,0.43079500636227125,0.18558433750666933,0.9457847820134473,2.967590256199712,0.061197916666666664,9.259320994197804,2.302585092994046,0.6666666666666666,1.0,0.15789473684210525,0.0,1.0,3.8066624897703196,0.00028084516525261893,0.1078463185810614
7b_collapsed,yelp,cold_start_item,26,0.38685280723454163,0.6309297535714575,0.2440769463369159,0.43079500636227125,0.18558433750666933,0.9457847820134473,2.967590256199712,0.061197916666666664,6.968850378341948,1.0986122886681096,0.6666666666666666,2.0,0.10526315789473684,0.0,0.95,3.7612001156935624,0.003010940551757768,0.10692611693673208
7b_collapsed,yelp,cold_start_item,27,0.5,1.0,0.5,0.43079500636227125,0.18558433750666933,0.9457847820134473,2.967590256199712,0.061197916666666664,6.8966943316227125,0.6931471805599453,0.6583333333333333,1.0,0.47368421052631576,0.0,0.95,3.9512437185814275,0.2271001656850179,0.13944841428566432
7b_collapsed,yelp,cold_start_item,28,0.43067655807339306,0.5,0.06932344192660694,0.43079500636227125,0.18558433750666933,0.9457847820134473,2.967590256199712,0.061197916666666664,6.577861357721047,1.0986122886681096,0.6666666666666666,1.0,0.42105263157894735,0.0,1.0,3.367295829986474,0.0003727912902831143,0.1098529637399116
7b_collapsed,yelp,cold_start_item,29,1.0,0.0,-1.0,0.43079500636227125,0.18558433750666933,0.9457847820134473,2.967590256199712,0.061197916666666664,6.0112671744041615,0.6931471805599453,0.6458333333333333,3.0,0.0,0.0,0.85,2.833213344056216,0.0014047443866729292,0.12300795700515357
7b_collapsed,yelp,cold_start_item,30,0.5,0.0,-0.5,0.43079500636227125,0.18558433750666933,0.9457847820134473,2.967590256199712,0.061197916666666664,7.4360278163518485,0.6931471805599453,0.6541666666666666,2.0,0.3157894736842105,0.0,1.0,3.6109179126442243,0.2772064765294393,0.13336731137650157
7b_collapsed,yelp,cold_start_item,31,0.0,0.0,0.0,0.43079500636227125,0.18558433750666933,0.9457847820134473,2.967590256199712,0.061197916666666664,7.719129840906732,1.3862943611198906,0.6666666666666666,2.0,0.15789473684210525,0.0,1.0,3.091042453358316,0.22365499337514239,0.12713057042342119
7b_collapsed,yelp,cold_start_item,32,0.0,0.0,0.0,0.43079500636227125,0.18558433750666933,0.9457847820134473,2.967590256199712,0.061197916666666664,7.1770187659099,0.6931471805599453,0.6625,3.0,0.0,0.0,1.0,2.3978952727983707,0.004635876417160012,0.1258128290133756
7b_collapsed,yelp,cold_start_item,33,0.0,0.0,0.0,0.43079500636227125,0.18558433750666933,0.9457847820134473,2.967590256199712,0.061197916666666664,9.633710883953182,3.1780538303479458,0.6625,3.0,0.0,0.0,0.95,4.23410650459726,0.00013425350189200103,0.14460714350943912
7b_collapsed,yelp,cold_start_item,34,1.0,1.0,0.0,0.43079500636227125,0.18558433750666933,0.9457847820134473,2.967590256199712,0.061197916666666664,6.175867270105761,0.6931471805599453,0.6625,2.0,0.15789473684210525,0.0,1.0,4.663439094112067,0.00026691555976865455,0.1130944971818498
7b_collapsed,yelp,cold_start_item,35,0.6309297535714575,0.6309297535714575,0.0,0.43079500636227125,0.18558433750666933,0.9457847820134473,2.967590256199712,0.061197916666666664,9.874058741845316,3.1354942159291497,0.6583333333333333,2.0,0.2631578947368421,0.0,0.95,2.0794415416798357,0.002212017774581909,0.13088899920345184
7b_collapsed,yelp,cold_start_item,36,0.0,0.0,0.0,0.43079500636227125,0.18558433750666933,0.9457847820134473,2.967590256199712,0.061197916666666664,9.049114723476961,2.5649493574615367,0.6583333333333333,3.0,0.0,0.0,1.0,2.3978952727983707,0.2321302731831868,0.15315852356722495
7b_collapsed,yelp,cold_start_item,37,0.43067655807339306,0.0,-0.43067655807339306,0.43079500636227125,0.18558433750666933,0.9457847820134473,2.967590256199712,0.061197916666666664,9.311451873344595,2.639057329615259,0.6666666666666666,2.0,0.15789473684210525,0.0,0.95,0.6931471805599453,0.2361368497212728,0.1384795456965391
7b_collapsed,yelp,cold_start_item,38,0.0,0.5,0.5,0.43079500636227125,0.18558433750666933,0.9457847820134473,2.967590256199712,0.061197916666666664,6.890609120147166,1.0986122886681096,0.6541666666666666,3.0,0.0,0.0,0.95,3.1354942159291497,0.0012728333473206455,0.1979563312757441
7b_collapsed,yelp,cold_start_item,39,0.0,0.0,0.0,0.43079500636227125,0.18558433750666933,0.9457847820134473,2.967590256199712,0.061197916666666664,9.254357257392957,3.091042453358316,0.6583333333333333,2.0,0.05263157894736842,0.0,0.95,1.791759469228055,0.0004998922348022905,0.12083850475956141
7b_collapsed,yelp,cold_start_item,40,1.0,0.0,-1.0,0.43079500636227125,0.18558433750666933,0.9457847820134473,2.967590256199712,0.061197916666666664,9.226213721132472,2.302585092994046,0.6666666666666666,2.0,0.05263157894736842,0.0,0.95,3.258096538021482,0.000462949275970459,0.12876986615938107
7b_collapsed,yelp,cold_start_item,41,1.0,0.0,-1.0,0.43079500636227125,0.18558433750666933,0.9457847820134473,2.967590256199712,0.061197916666666664,8.293049139768444,1.6094379124341003,0.6666666666666666,3.0,0.0,0.0,0.95,3.8066624897703196,0.0004794001579284668,0.15819204261406786
7b_collapsed,yelp,cold_start_item,42,0.5,0.0,-0.5,0.43079500636227125,0.18558433750666933,0.9457847820134473,2.967590256199712,0.061197916666666664,8.351846738828245,1.9459101490553132,0.6666666666666666,1.0,0.3684210526315789,0.0,0.9,5.147494476813453,0.008990156650543146,0.1374010032511066
7b_collapsed,yelp,cold_start_item,43,0.6309297535714575,0.0,-0.6309297535714575,0.43079500636227125,0.18558433750666933,0.9457847820134473,2.967590256199712,0.061197916666666664,7.579167967396076,1.0986122886681096,0.6625,2.0,0.05263157894736842,0.0,1.0,3.258096538021482,0.23452652295430498,0.14990821042797361
7b_collapsed,yelp,cold_start_item,44,0.38685280723454163,0.6309297535714575,0.2440769463369159,0.43079500636227125,0.18558433750666933,0.9457847820134473,2.967590256199712,0.061197916666666664,5.921578419643816,0.6931471805599453,0.6666666666666666,1.0,0.21052631578947367,0.0,0.95,4.060443010546419,0.0026523828506469505,0.07329089783866673
7b_collapsed,yelp,cold_start_item,45,0.0,0.0,0.0,0.43079500636227125,0.18558433750666933,0.9457847820134473,2.967590256199712,0.061197916666666664,6.0063531596017325,0.6931471805599453,0.6666666666666666,1.0,0.21052631578947367,0.0,0.95,3.784189633918261,0.0006414234638213445,0.10433819811270148
7b_collapsed,yelp,cold_start_item,46,1.0,0.5,-0.5,0.43079500636227125,0.18558433750666933,0.9457847820134473,2.967590256199712,0.061197916666666664,9.688126141663973,3.1780538303479458,0.6666666666666666,1.0,0.10526315789473684,0.0,1.0,3.4965075614664802,0.23323793609937027,0.13529871900175702
7b_collapsed,yelp,cold_start_item,47,0.0,0.5,0.5,0.43079500636227125,0.18558433750666933,0.9457847820134473,2.967590256199712,0.061197916666666664,9.080003870248179,2.5649493574615367,0.6666666666666666,1.0,0.3157894736842105,0.0,0.9,3.367295829986474,0.0034786283969879817,0.11869324540079655
7b_collapsed,yelp,cold_start_item,48,0.0,0.0,0.0,0.43079500636227125,0.18558433750666933,0.9457847820134473,2.967590256199712,0.061197916666666664,5.908082938168931,0.6931471805599453,0.6666666666666666,0.0,0.3684210526315789,0.05263157894736842,0.95,3.091042453358316,0.0018110990524292658,0.11449896654760566
7b_collapsed,yelp,cold_start_item,49,0.5,0.5,0.0,0.43079500636227125,0.18558433750666933,0.9457847820134473,2.967590256199712,0.061197916666666664,6.393590753950631,0.6931471805599453,0.6666666666666666,2.0,0.3157894736842105,0.0,0.95,4.6443908991413725,0.002214825153350808,0.10496192204337215
7b_collapsed,yelp,cold_start_item,50,0.0,0.38685280723454163,0.38685280723454163,0.43079500636227125,0.18558433750666933,0.9457847820134473,2.967590256199712,0.061197916666666664,7.5766097669730375,1.0986122886681096,0.6625,0.0,0.2631578947368421,0.05263157894736842,0.95,4.927253685157205,0.0020430207252503108,0.09905648775886627
7b_collapsed,yelp,cold_start_item,51,0.0,0.0,0.0,0.43079500636227125,0.18558433750666933,0.9457847820134473,2.967590256199712,0.061197916666666664,8.62622695244036,2.0794415416798357,0.6666666666666666,2.0,0.21052631578947367,0.0,0.9,3.332204510175204,0.0037866353988647017,0.08654058161898766
7b_collapsed,yelp,cold_start_item,52,1.0,1.0,0.0,0.43079500636227125,0.18558433750666933,0.9457847820134473,2.967590256199712,0.061197916666666664,6.18826412308259,0.6931471805599453,0.6625,2.0,0.05263157894736842,0.0,0.95,5.1298987149230735,0.23205415209134417,0.15160431141216515
7b_collapsed,yelp,cold_start_item,53,0.0,0.0,0.0,0.43079500636227125,0.18558433750666933,0.9457847820134473,2.967590256199712,0.061197916666666664,8.142354276849835,1.6094379124341003,0.6625,0.0,0.5789473684210527,0.05263157894736842,0.95,5.262690188904886,0.0020958065986633745,0.1595753223934389
7b_collapsed,yelp,cold_start_item,54,0.6309297535714575,1.0,0.36907024642854247,0.43079500636227125,0.18558433750666933,0.9457847820134473,2.967590256199712,0.061197916666666664,6.812345094177479,1.0986122886681096,0.6666666666666666,2.0,0.3157894736842105,0.0,0.9,5.093750200806762,0.2328121622403463,0.14352712663553271
7b_collapsed,yelp,cold_start_item,55,0.5,0.0,-0.5,0.43079500636227125,0.18558433750666933,0.9457847820134473,2.967590256199712,0.061197916666666664,9.149953221961088,2.3978952727983707,0.6625,2.0,0.15789473684210525,0.0,0.95,3.784189633918261,0.0009142398834229848,0.18527415767443556
7b_collapsed,yelp,cold_start_item,56,0.0,0.0,0.0,0.43079500636227125,0.18558433750666933,0.9457847820134473,2.967590256199712,0.061197916666666664,10.152766577454964,2.833213344056216,0.6625,1.0,0.47368421052631576,0.0,0.95,3.258096538021482,0.23431523640950525,0.14635173320437248
7b_collapsed,yelp,cold_start_item,57,0.0,0.0,0.0,0.43079500636227125,0.18558433750666933,0.9457847820134473,2.967590256199712,0.061197916666666664,6.171700597410915,0.6931471805599453,0.6625,2.0,0.05263157894736842,0.0,1.0,4.3694478524670215,0.016766881942749,0.16503900379055106
7b_collapsed,yelp,cold_start_item,58,0.6309297535714575,0.0,-0.6309297535714575,0.43079500636227125,0.18558433750666933,0.9457847820134473,2.967590256199712,0.061197916666666664,7.268920128193722,0.6931471805599453,0.6666666666666666,3.0,0.0,0.0,0.9,3.367295829986474,0.23270254929860434,0.13918453194595196
7b_collapsed,yelp,cold_start_item,59,0.6309297535714575,1.0,0.36907024642854247,0.43079500636227125,0.18558433750666933,0.9457847820134473,2.967590256199712,0.061197916666666664,6.336825731146441,0.6931471805599453,0.6666666666666666,3.0,0.0,0.0,0.95,4.477336814478207,0.21249283750851944,0.1372294179131548
7b_collapsed,yelp,cold_start_item,60,1.0,1.0,0.0,0.43079500636227125,0.18558433750666933,0.9457847820134473,2.967590256199712,0.061197916666666664,6.173786103901937,0.6931471805599453,0.6666666666666666,2.0,0.10526315789473684,0.0,0.9,4.219507705176107,0.008023774623870827,0.09498714210520433
7b_collapsed,yelp,cold_start_item,61,0.38685280723454163,1.0,0.6131471927654584,0.43079500636227125,0.18558433750666933,0.9457847820134473,2.967590256199712,0.061197916666666664,6.486160788944089,0.6931471805599453,0.6666666666666666,2.0,0.10526315789473684,0.0,1.0,3.6888794541139363,0.2319946070512135,0.056861809612511235
7b_collapsed,yelp,cold_start_item,62,0.0,0.0,0.0,0.43079500636227125,0.18558433750666933,0.9457847820134473,2.967590256199712,0.061197916666666664,9.52806656577634,3.2188758248682006,0.6625,1.0,0.15789473684210525,0.0,0.95,2.1972245773362196,0.23171581824620557,0.1441872157329869
7b_collapsed,yelp,cold_start_item,63,0.6309297535714575,0.0,-0.6309297535714575,0.43079500636227125,0.18558433750666933,0.9457847820134473,2.967590256199712,0.061197916666666664,7.122059881629142,0.6931471805599453,0.6666666666666666,3.0,0.0,0.0,0.8,3.9318256327243257,0.001191151142120428,0.159576852639322
7b_collapsed,yelp,cold_start_item,64,0.43067655807339306,0.0,-0.43067655807339306,0.43079500636227125,0.18558433750666933,0.9457847820134473,2.967590256199712,0.061197916666666664,8.764053269347762,2.1972245773362196,0.6625,3.0,0.0,0.0,0.95,3.4011973816621555,0.0020487248897552712,0.18436107493949883
7b_collapsed,yelp,cold_start_item,65,0.0,0.43067655807339306,0.43067655807339306,0.43079500636227125,0.18558433750666933,0.9457847820134473,2.967590256199712,0.061197916666666664,6.297109319933935,0.6931471805599453,0.6625,2.0,0.05263157894736842,0.0,1.0,3.8918202981106265,0.0037417173385619895,0.12172176620485921
7b_collapsed,yelp,cold_start_item,66,0.5,0.0,-0.5,0.43079500636227125,0.18558433750666933,0.9457847820134473,2.967590256199712,0.061197916666666664,7.857867559331803,1.791759469228055,0.6666666666666666,2.0,0.10526315789473684,0.0,0.95,3.828641396489095,0.23798800309499102,0.16157798625041642
7b_collapsed,yelp,cold_start_item,67,0.43067655807339306,1.0,0.5693234419266069,0.43079500636227125,0.18558433750666933,0.9457847820134473,2.967590256199712,0.061197916666666664,7.615791072035833,0.6931471805599453,0.6666666666666666,3.0,0.0,0.0,1.0,3.6109179126442243,0.012486684322357111,0.07355249829055154
7b_collapsed,yelp,cold_start_item,68,1.0,0.0,-1.0,0.43079500636227125,0.18558433750666933,0.9457847820134473,2.967590256199712,0.061197916666666664,6.013715156042802,0.6931471805599453,0.6625,3.0,0.0,0.0,1.0,4.927253685157205,0.004724228382110618,0.12208322393857388
7b_collapsed,yelp,cold_start_item,69,0.43067655807339306,0.0,-0.43067655807339306,0.43079500636227125,0.18558433750666933,0.9457847820134473,2.967590256199712,0.061197916666666664,8.247220052745229,1.791759469228055,0.6666666666666666,2.0,0.3157894736842105,0.0,1.0,3.9318256327243257,0.0042264997959136075,0.11164187691102978
7b_collapsed,yelp,cold_start_item,70,0.6309297535714575,0.5,-0.13092975357145753,0.43079500636227125,0.18558433750666933,0.9457847820134473,2.967590256199712,0.061197916666666664,6.660575149839686,0.6931471805599453,0.6666666666666666,1.0,0.3157894736842105,0.0,0.85,4.795790545596741,0.0111752450466156,0.0858435645653401
7b_collapsed,yelp,cold_start_item,71,0.0,0.0,0.0,0.43079500636227125,0.18558433750666933,0.9457847820134473,2.967590256199712,0.061197916666666664,6.517671272912275,0.6931471805599453,0.6541666666666666,1.0,0.42105263157894735,0.0,0.9,3.6109179126442243,0.0010608315467834917,0.12470425893173302
7b_collapsed,yelp,cold_start_item,72,0.6309297535714575,0.43067655807339306,-0.20025319549806447,0.43079500636227125,0.18558433750666933,0.9457847820134473,2.967590256199712,0.061197916666666664,6.3835066348840055,0.6931471805599453,0.6666666666666666,2.0,0.21052631578947367,0.0,1.0,3.4657359027997265,0.000238233804702781,0.18875966052879414
7b_collapsed,yelp,cold_start_item,73,0.5,0.0,-0.5,0.43079500636227125,0.18558433750666933,0.9457847820134473,2.967590256199712,0.061197916666666664,8.515591910049263,1.6094379124341003,0.6666666666666666,2.0,0.10526315789473684,0.0,0.95,0.6931471805599453,0.00250818729400637,0.11398002237210209
7b_collapsed,yelp,cold_start_item,74,0.0,1.0,1.0,0.43079500636227125,0.18558433750666933,0.9457847820134473,2.967590256199712,0.061197916666666664,7.43307534889858,1.0986122886681096,0.6625,1.0,0.21052631578947367,0.0,1.0,5.093750200806762,0.0009491264820098433,0.18242981235973443
7b_collapsed,yelp,cold_start_item,75,0.0,0.0,0.0,0.43079500636227125,0.18558433750666933,0.9457847820134473,2.967590256199712,0.061197916666666664,10.571675835054878,3.8066624897703196,0.6666666666666666,3.0,0.0,0.0,0.95,4.060443010546419,0.0012564539909362127,0.14944109289364443
7b_collapsed,yelp,cold_start_item,76,0.38685280723454163,0.0,-0.38685280723454163,0.43079500636227125,0.18558433750666933,0.9457847820134473,2.967590256199712,0.061197916666666664,6.311734809152915,0.6931471805599453,0.6625,1.0,0.3157894736842105,0.0,0.9,5.1298987149230735,0.22066568930943803,0.06044000479564962
7b_collapsed,yelp,cold_start_item,77,0.0,0.0,0.0,0.43079500636227125,0.18558433750666933,0.9457847820134473,2.967590256199712,0.061197916666666664,7.38025578842646,0.6931471805599453,0.6666666666666666,2.0,0.05263157894736842,0.0,0.95,2.8903717578961645,0.23522021373113,0.21552912219061396
7b_collapsed,yelp,cold_start_item,78,0.0,0.6309297535714575,0.6309297535714575,0.43079500636227125,0.18558433750666933,0.9457847820134473,2.967590256199712,0.061197916666666664,8.265907334155747,2.1972245773362196,0.6666666666666666,2.0,0.15789473684210525,0.0,0.95,2.9444389791664403,0.003959387540817261,0.1295295919099099
7b_collapsed,yelp,cold_start_item,79,1.0,0.6309297535714575,-0.36907024642854247,0.43079500636227125,0.18558433750666933,0.9457847820134473,2.967590256199712,0.061197916666666664,9.521128433142438,2.4849066497880004,0.6666666666666666,0.0,0.631578947368421,0.05263157894736842,0.95,4.867534450455582,0.0008227229118347168,0.11924592922932936
7b_collapsed,yelp,cold_start_item,80,0.38685280723454163,0.0,-0.38685280723454163,0.43079500636227125,0.18558433750666933,0.9457847820134473,2.967590256199712,0.061197916666666664,6.455198563340122,0.6931471805599453,0.6666666666666666,2.0,0.15789473684210525,0.0,0.95,3.4657359027997265,0.21139928301175437,0.1289704714944381
7b_collapsed,yelp,cold_start_item,81,1.0,1.0,0.0,0.43079500636227125,0.18558433750666933,0.9457847820134473,2.967590256199712,0.061197916666666664,7.671826797878781,1.3862943611198906,0.6625,2.0,0.10526315789473684,0.0,1.0,4.0943445622221,0.0044616401195526345,0.16675910410438202
7b_collapsed,yelp,cold_start_item,82,1.0,0.0,-1.0,0.43079500636227125,0.18558433750666933,0.9457847820134473,2.967590256199712,0.061197916666666664,6.3473892096560105,0.6931471805599453,0.6583333333333333,1.0,0.10526315789473684,0.0,0.95,2.1972245773362196,0.004891061782836936,0.17097289536242397
7b_collapsed,yelp,cold_start_item,83,0.0,0.0,0.0,0.43079500636227125,0.18558433750666933,0.9457847820134473,2.967590256199712,0.061197916666666664,7.427144133408616,0.6931471805599453,0.6666666666666666,1.0,0.2631578947368421,0.0,0.95,3.784189633918261,0.2538356562455495,0.19549674907953327
7b_collapsed,yelp,cold_start_item,84,1.0,1.0,0.0,0.43079500636227125,0.18558433750666933,0.9457847820134473,2.967590256199712,0.061197916666666664,7.2868764117507,0.6931471805599453,0.6666666666666666,2.0,0.05263157894736842,0.0,1.0,4.0943445622221,0.012708985805511497,0.15823343257946704
7b_collapsed,yelp,cold_start_item,85,0.0,1.0,1.0,0.43079500636227125,0.18558433750666933,0.9457847820134473,2.967590256199712,0.061197916666666664,7.462789157412448,1.3862943611198906,0.6583333333333333,2.0,0.21052631578947367,0.0,1.0,4.0943445622221,0.002078568935394265,0.17968682179022075
7b_collapsed,yelp,cold_start_item,86,0.43067655807339306,0.0,-0.43067655807339306,0.43079500636227125,0.18558433750666933,0.9457847820134473,2.967590256199712,0.061197916666666664,9.398809659356372,2.4849066497880004,0.6625,2.0,0.10526315789473684,0.0,1.0,3.912023005428146,0.2292421241601308,0.1695135784121008
7b_collapsed,yelp,cold_start_item,87,1.0,0.38685280723454163,-0.6131471927654584,0.43079500636227125,0.18558433750666933,0.9457847820134473,2.967590256199712,0.061197916666666664,7.088408778675395,1.0986122886681096,0.6666666666666666,0.0,0.21052631578947367,0.05263157894736842,0.95,4.356708826689592,0.00023599863052370385,0.11573107289577232
7b_collapsed,yelp,cold_start_item,88,0.0,0.0,0.0,0.43079500636227125,0.18558433750666933,0.9457847820134473,2.967590256199712,0.061197916666666664,6.236369590203704,0.6931471805599453,0.6666666666666666,2.0,0.05263157894736842,0.0,1.0,1.0986122886681096,0.21694044073422747,0.13158664457289776
7b_collapsed,yelp,cold_start_item,89,0.0,0.0,0.0,0.43079500636227125,0.18558433750666933,0.9457847820134473,2.967590256199712,0.061197916666666664,8.079308192051961,1.9459101490553132,0.6666666666666666,2.0,0.2631578947368421,0.0,0.95,3.1354942159291497,0.23036319812138872,0.1191078864062197
7b_collapsed,yelp,cold_start_item,90,0.5,1.0,0.5,0.43079500636227125,0.18558433750666933,0.9457847820134473,2.967590256199712,0.061197916666666664,8.744806737401898,2.302585092994046,0.6666666666666666,3.0,0.0,0.0,0.95,4.820281565605037,0.23043620785077412,0.15708600178475854
7b_collapsed,yelp,cold_start_item,91,1.0,0.43067655807339306,-0.5693234419266069,0.43079500636227125,0.18558433750666933,0.9457847820134473,2.967590256199712,0.061197916666666664,7.688455356549944,1.6094379124341003,0.6666666666666666,1.0,0.3157894736842105,0.0,0.9,3.367295829986474,0.004325938224792436,0.15591317381571476
7b_collapsed,yelp,cold_start_item,92,0.0,0.0,0.0,0.43079500636227125,0.18558433750666933,0.9457847820134473,2.967590256199712,0.061197916666666664,5.8289456176102075,0.6931471805599453,0.6625,3.0,0.0,0.0,1.0,2.3978952727983707,0.0006355047225952148,0.10414933548987731
7b_collapsed,yelp,cold_start_item,93,0.6309297535714575,0.6309297535714575,0.0,0.43079500636227125,0.18558433750666933,0.9457847820134473,2.967590256199712,0.061197916666666664,5.8289456176102075,0.6931471805599453,0.6625,2.0,0.15789473684210525,0.0,1.0,4.0943445622221,0.221778412659963,0.13586676848877705
7b_collapsed,yelp,cold_start_item,94,0.0,0.0,0.0,0.43079500636227125,0.18558433750666933,0.9457847820134473,2.967590256199712,0.061197916666666664,9.91665053906241,3.4339872044851463,0.6666666666666666,2.0,0.21052631578947367,0.0,1.0,3.332204510175204,0.22633938392003383,0.1300942464942504
7b_collapsed,yelp,cold_start_item,95,0.0,0.0,0.0,0.43079500636227125,0.18558433750666933,0.9457847820134473,2.967590256199712,0.061197916666666664,7.087573705557973,1.0986122886681096,0.6666666666666666,1.0,0.47368421052631576,0.0,0.9,5.262690188904886,0.004935836791992165,0.14867926416027563
7b_collapsed,yelp,cold_start_item,96,0.6309297535714575,0.38685280723454163,-0.2440769463369159,0.43079500636227125,0.18558433750666933,0.9457847820134473,2.967590256199712,0.061197916666666664,6.142037405587356,0.6931471805599453,0.6666666666666666,1.0,0.15789473684210525,0.0,0.95,2.1972245773362196,0.0014785945415496382,0.1120441598913337
7b_collapsed,yelp,cold_start_item,97,0.5,1.0,0.5,0.43079500636227125,0.18558433750666933,0.9457847820134473,2.967590256199712,0.061197916666666664,9.52806656577634,2.9444389791664403,0.6541666666666666,1.0,0.2631578947368421,0.0,1.0,5.262690188904886,0.2324712177117665,0.14904605877307203
7b_collapsed,yelp,cold_start_item,98,0.0,0.0,0.0,0.43079500636227125,0.18558433750666933,0.9457847820134473,2.967590256199712,0.061197916666666664,6.439350371100098,0.6931471805599453,0.6666666666666666,2.0,0.05263157894736842,0.0,1.0,3.7612001156935624,0.22923443516095476,0.140363999592938
7b_collapsed,yelp,cold_start_item,99,0.5,0.43067655807339306,-0.06932344192660694,0.43079500636227125,0.18558433750666933,0.9457847820134473,2.967590256199712,0.061197916666666664,9.121509158269568,2.1972245773362196,0.6541666666666666,0.0,0.42105263157894735,0.05263157894736842,0.85,3.713572066704308,0.23289389808972671,0.14223195557885318
7b_collapsed,yelp,cold_start_item,100,0.0,1.0,1.0,0.43079500636227125,0.18558433750666933,0.9457847820134473,2.967590256199712,0.061197916666666664,7.2196420401307355,1.0986122886681096,0.6625,1.0,0.47368421052631576,0.0,0.9,2.1972245773362196,0.011090147495269709,0.15459620170202754
7b_collapsed,yelp,cold_start_item,101,0.43067655807339306,0.0,-0.43067655807339306,0.43079500636227125,0.18558433750666933,0.9457847820134473,2.967590256199712,0.061197916666666664,8.537779825024625,1.791759469228055,0.6666666666666666,3.0,0.0,0.0,0.95,4.584967478670572,0.0029262006282806396,0.11980603919308373
7b_collapsed,yelp,cold_start_item,102,1.0,1.0,0.0,0.43079500636227125,0.18558433750666933,0.9457847820134473,2.967590256199712,0.061197916666666664,6.253828811575473,0.6931471805599453,0.6625,1.0,0.10526315789473684,0.0,1.0,4.927253685157205,0.47594301501909886,0.1689944947525303
7b_collapsed,yelp,cold_start_item,103,0.0,0.0,0.0,0.43079500636227125,0.18558433750666933,0.9457847820134473,2.967590256199712,0.061197916666666664,8.864746660905409,2.3978952727983707,0.6666666666666666,3.0,0.0,0.0,1.0,4.382026634673881,0.00104566812515261,0.1460556714081579
7b_collapsed,yelp,cold_start_item,104,0.43067655807339306,1.0,0.5693234419266069,0.43079500636227125,0.18558433750666933,0.9457847820134473,2.967590256199712,0.061197916666666664,6.621405651764134,0.6931471805599453,0.6625,3.0,0.0,0.0,0.8,3.912023005428146,0.538336435953776,0.12168255163252971
7b_collapsed,yelp,cold_start_item,105,0.5,0.0,-0.5,0.43079500636227125,0.18558433750666933,0.9457847820134473,2.967590256199712,0.061197916666666664,5.955837369464831,0.6931471805599453,0.6666666666666666,1.0,0.3157894736842105,0.0,1.0,4.304065093204169,0.23034052451451614,0.14210071878918362
7b_collapsed,yelp,cold_start_item,106,1.0,0.6309297535714575,-0.36907024642854247,0.43079500636227125,0.18558433750666933,0.9457847820134473,2.967590256199712,0.061197916666666664,7.231287004327616,0.6931471805599453,0.6666666666666666,1.0,0.42105263157894735,0.0,0.85,3.7376696182833684,5.208849906923607e-05,0.1659417677503224
7b_collapsed,yelp,cold_start_item,107,1.0,0.0,-1.0,0.43079500636227125,0.18558433750666933,0.9457847820134473,2.967590256199712,0.061197916666666664,8.387084506069217,1.9459101490553132,0.6666666666666666,2.0,0.2631578947368421,0.0,1.0,2.302585092994046,0.23542810281117765,0.133648994206568
7b_collapsed,yelp,cold_start_item,108,1.0,1.0,0.0,0.43079500636227125,0.18558433750666933,0.9457847820134473,2.967590256199712,0.061197916666666664,7.112327444710911,1.3862943611198906,0.6625,3.0,0.0,0.0,1.0,3.1780538303479458,0.006474995613098167,0.12226211493182425
7b_collapsed,yelp,cold_start_item,109,0.0,0.0,0.0,0.43079500636227125,0.18558433750666933,0.9457847820134473,2.967590256199712,0.061197916666666664,10.521102670483636,4.382026634673881,0.6541666666666666,2.0,0.47368421052631576,0.0,0.9,2.0794415416798357,0.232135566075643,0.14664533006705638
7b_collapsed,yelp,cold_start_item,110,0.0,0.0,0.0,0.43079500636227125,0.18558433750666933,0.9457847820134473,2.967590256199712,0.061197916666666664,6.815639990074331,1.0986122886681096,0.6541666666666666,2.0,0.05263157894736842,0.0,0.95,1.791759469228055,0.0017848849296570046,0.14161664862415294
7b_collapsed,yelp,cold_start_item,111,0.0,0.5,0.5,0.43079500636227125,0.18558433750666933,0.9457847820134473,2.967590256199712,0.061197916666666664,9.339261152043022,2.772588722239781,0.6583333333333333,2.0,0.42105263157894735,0.0,0.95,5.0106352940962555,0.0009202659130096436,0.14510035623486572
7b_collapsed,yelp,cold_start_item,112,1.0,1.0,0.0,0.43079500636227125,0.18558433750666933,0.9457847820134473,2.967590256199712,0.061197916666666664,7.288244401020124,1.3862943611198906,0.6625,2.0,0.10526315789473684,0.0,1.0,5.262690188904886,0.013681286573410056,0.14576708532320004
7b_collapsed,yelp,cold_start_item,113,0.0,0.0,0.0,0.43079500636227125,0.18558433750666933,0.9457847820134473,2.967590256199712,0.061197916666666664,7.955425088912672,1.0986122886681096,0.6625,2.0,0.3684210526315789,0.0,0.85,3.295836866004329,0.22901204427083321,0.1406762661764203
7b_collapsed,yelp,cold_start_item,114,1.0,0.5,-0.5,0.43079500636227125,0.18558433750666933,0.9457847820134473,2.967590256199712,0.061197916666666664,8.0861025356691,1.791759469228055,0.6625,3.0,0.0,0.0,0.95,2.4849066497880004,0.0022801637649536577,0.17238175265902522
7b_collapsed,yelp,cold_start_item,115,0.0,0.0,0.0,0.43079500636227125,0.18558433750666933,0.9457847820134473,2.967590256199712,0.061197916666666664,7.087573705557973,0.6931471805599453,0.6666666666666666,3.0,0.0,0.0,1.0,3.4657359027997265,0.23006323774655657,0.1425264806508101
7b_collapsed,yelp,cold_start_item,116,0.0,0.0,0.0,0.43079500636227125,0.18558433750666933,0.9457847820134473,2.967590256199712,0.061197916666666664,6.755768921984256,0.6931471805599453,0.6666666666666666,0.0,0.2631578947368421,0.05263157894736842,0.9,4.927253685157205,0.003845161199569569,0.21301614523285084
7b_collapsed,yelp,cold_start_item,117,0.0,0.0,0.0,0.43079500636227125,0.18558433750666933,0.9457847820134473,2.967590256199712,0.061197916666666664,6.159095388491933,0.6931471805599453,0.6666666666666666,2.0,0.10526315789473684,0.0,0.95,3.6888794541139363,0.2481266637643179,0.18851270567295939
7b_collapsed,yelp,cold_start_item,118,1.0,1.0,0.0,0.43079500636227125,0.18558433750666933,0.9457847820134473,2.967590256199712,0.061197916666666664,6.698268054115413,0.6931471805599453,0.6666666666666666,2.0,0.10526315789473684,0.0,1.0,3.5263605246161616,0.010617864131927446,0.1555171338215663
7b_collapsed,yelp,cold_start_item,119,0.5,0.6309297535714575,0.13092975357145753,0.43079500636227125,0.18558433750666933,0.9457847820134473,2.967590256199712,0.061197916666666664,6.042632833682381,0.6931471805599453,0.6666666666666666,1.0,0.21052631578947367,0.0,0.95,4.663439094112067,0.02782203555107121,0.16058868094886486
7b_collapsed,yelp,cold_start_item,120,1.0,0.6309297535714575,-0.36907024642854247,0.43079500636227125,0.18558433750666933,0.9457847820134473,2.967590256199712,0.061197916666666664,7.691200097522863,0.6931471805599453,0.6666666666666666,1.0,0.15789473684210525,0.0,0.95,4.248495242049359,0.23134790857632948,0.14223851146579217
7b_collapsed,yelp,cold_start_item,121,0.43067655807339306,0.0,-0.43067655807339306,0.43079500636227125,0.18558433750666933,0.9457847820134473,2.967590256199712,0.061197916666666664,9.092232283495854,2.302585092994046,0.6666666666666666,2.0,0.05263157894736842,0.0,1.0,3.367295829986474,0.004832357168197632,0.10990951985140984
7b_collapsed,yelp,cold_start_item,122,0.6309297535714575,0.6309297535714575,0.0,0.43079500636227125,0.18558433750666933,0.9457847820134473,2.967590256199712,0.061197916666666664,6.340359303727752,0.6931471805599453,0.6666666666666666,3.0,0.0,0.0,1.0,5.093750200806762,0.0025808572769164817,0.08551565583109506
7b_collapsed,yelp,cold_start_item,123,0.5,0.5,0.0,0.43079500636227125,0.18558433750666933,0.9457847820134473,2.967590256199712,0.061197916666666664,9.574010790427302,2.8903717578961645,0.6625,1.0,0.42105263157894735,0.0,1.0,4.430816798843313,0.0012149333953856978,0.13013838076798173
7b_collapsed,yelp,cold_start_item,124,0.5,0.0,-0.5,0.43079500636227125,0.18558433750666933,0.9457847820134473,2.967590256199712,0.061197916666666664,7.3098814858247865,1.0986122886681096,0.6625,3.0,0.0,0.0,0.9,2.1972245773362196,0.01412190198898311,0.09907104377733646
7b_collapsed,yelp,evolving_interest,0,0.6309297535714575,0.6309297535714575,0.0,0.43079500636227125,0.18558433750666933,0.9457847820134473,2.967590256199712,0.061197916666666664,7.8434564043761155,1.791759469228055,0.6666666666666666,1.0,0.2631578947368421,0.0,0.95,5.262690188904886,0.0021678507328033447,0.15833163794454588
7b_collapsed,yelp,evolving_interest,1,1.0,1.0,0.0,0.43079500636227125,0.18558433750666933,0.9457847820134473,2.967590256199712,0.061197916666666664,7.6953031349635665,1.3862943611198906,0.6583333333333333,1.0,0.3684210526315789,0.0,1.0,3.6109179126442243,0.22557515104611714,0.14383892025250986
7b_collapsed,yelp,evolving_interest,2,1.0,0.38685280723454163,-0.6131471927654584,0.43079500636227125,0.18558433750666933,0.9457847820134473,2.967590256199712,0.061197916666666664,7.676473646389156,1.791759469228055,0.6625,0.0,0.3684210526315789,0.05263157894736842,0.85,4.927253685157205,0.0011700332164764626,0.19005831629818917
7b_collapsed,yelp,evolving_interest,3,1.0,0.6309297535714575,-0.36907024642854247,0.43079500636227125,0.18558433750666933,0.9457847820134473,2.967590256199712,0.061197916666666664,7.83399634170946,1.9459101490553132,0.6666666666666666,1.0,0.21052631578947367,0.0,0.9,3.367295829986474,0.26814874609311423,0.10929706932476146
7b_collapsed,yelp,evolving_interest,4,1.0,0.5,-0.5,0.43079500636227125,0.18558433750666933,0.9457847820134473,2.967590256199712,0.061197916666666664,8.00469951054955,1.9459101490553132,0.6625,2.0,0.05263157894736842,0.0,0.95,3.6888794541139363,0.003006505966186568,0.1654646491440858
7b_collapsed,yelp,evolving_interest,5,0.0,0.38685280723454163,0.38685280723454163,0.43079500636227125,0.18558433750666933,0.9457847820134473,2.967590256199712,0.061197916666666664,8.760609847570002,1.6094379124341003,0.6666666666666666,2.0,0.15789473684210525,0.0,0.95,3.912023005428146,0.23355872829755153,0.1585818529272387
7b_collapsed,yelp,evolving_interest,6,0.0,1.0,1.0,0.43079500636227125,0.18558433750666933,0.9457847820134473,2.967590256199712,0.061197916666666664,7.256297239690681,1.3862943611198906,0.6625,1.0,0.15789473684210525,0.0,0.9,3.6109179126442243,0.005283862352371216,0.12910956040523738
7b_collapsed,yelp,evolving_interest,7,1.0,1.0,0.0,0.43079500636227125,0.18558433750666933,0.9457847820134473,2.967590256199712,0.061197916666666664,7.466227556215481,1.6094379124341003,0.6666666666666666,1.0,0.15789473684210525,0.0,0.95,4.060443010546419,0.22174252470334366,0.11053107159028694
7b_collapsed,yelp,evolving_interest,8,0.5,0.0,-0.5,0.43079500636227125,0.18558433750666933,0.9457847820134473,2.967590256199712,0.061197916666666664,7.591357046698551,1.3862943611198906,0.6625,1.0,0.10526315789473684,0.0,0.95,3.1780538303479458,0.0002927362918854204,0.1434443150363105
7b_collapsed,yelp,evolving_interest,9,1.0,1.0,0.0,0.43079500636227125,0.18558433750666933,0.9457847820134473,2.967590256199712,0.061197916666666664,8.183676582620658,1.6094379124341003,0.6666666666666666,2.0,0.15789473684210525,0.0,1.0,3.6109179126442243,0.23180429538091019,0.1642975126332036
7b_collapsed,yelp,evolving_interest,10,0.5,0.0,-0.5,0.43079500636227125,0.18558433750666933,0.9457847820134473,2.967590256199712,0.061197916666666664,8.087332926473351,1.9459101490553132,0.6625,0.0,0.7368421052631579,0.05263157894736842,0.9,5.159055299214529,0.2355766256650288,0.1262615379024029
7b_collapsed,yelp,evolving_interest,11,0.6309297535714575,0.38685280723454163,-0.2440769463369159,0.43079500636227125,0.18558433750666933,0.9457847820134473,2.967590256199712,0.061197916666666664,7.789868559054706,1.3862943611198906,0.6666666666666666,0.0,0.2631578947368421,0.05263157894736842,0.9,4.060443010546419,0.23462102611859637,0.15329481478386056
7b_collapsed,yelp,evolving_interest,12,0.5,1.0,0.5,0.43079500636227125,0.18558433750666933,0.9457847820134473,2.967590256199712,0.061197916666666664,7.911690520708339,1.791759469228055,0.6666666666666666,2.0,0.05263157894736842,0.0,1.0,3.713572066704308,0.00344268679618831,0.1310849928933565
7b_collapsed,yelp,evolving_interest,13,0.0,0.0,0.0,0.43079500636227125,0.18558433750666933,0.9457847820134473,2.967590256199712,0.061197916666666664,8.268475388982598,2.0794415416798357,0.6666666666666666,2.0,0.15789473684210525,0.0,0.85,0.6931471805599453,0.23403017123540237,0.1595601134186172
7b_collapsed,yelp,evolving_interest,14,1.0,0.43067655807339306,-0.5693234419266069,0.43079500636227125,0.18558433750666933,0.9457847820134473,2.967590256199712,0.061197916666666664,8.780172651227646,1.791759469228055,0.6666666666666666,3.0,0.0,0.0,0.95,2.833213344056216,0.0008233845233917014,0.16347026351320462
7b_collapsed,yelp,evolving_interest,15,1.0,0.6309297535714575,-0.36907024642854247,0.43079500636227125,0.18558433750666933,0.9457847820134473,2.967590256199712,0.061197916666666664,8.300280189852664,1.791759469228055,0.6666666666666666,1.0,0.47368421052631576,0.0,0.9,4.624972813284271,0.00220963954925546,0.10303857869568936
7b_collapsed,yelp,evolving_interest,16,0.0,0.0,0.0,0.43079500636227125,0.18558433750666933,0.9457847820134473,2.967590256199712,0.061197916666666664,7.534762657037537,1.6094379124341003,0.6666666666666666,1.0,0.47368421052631576,0.0,0.95,4.143134726391533,0.2319410165150959,0.13002088748382248
7b_collapsed,yelp,evolving_interest,17,0.6309297535714575,0.5,-0.13092975357145753,0.43079500636227125,0.18558433750666933,0.9457847820134473,2.967590256199712,0.061197916666666664,8.704668113450987,2.1972245773362196,0.6625,1.0,0.15789473684210525,0.0,0.95,4.820281565605037,0.2352153142293294,0.15095632644277296
7b_collapsed,yelp,evolving_interest,18,0.0,0.0,0.0,0.43079500636227125,0.18558433750666933,0.9457847820134473,2.967590256199712,0.061197916666666664,7.060476365999801,1.3862943611198906,0.6666666666666666,2.0,0.15789473684210525,0.0,0.95,2.3978952727983707,0.46863714257876066,0.1687692312828485
7b_collapsed,yelp,evolving_interest,19,0.0,0.0,0.0,0.43079500636227125,0.18558433750666933,0.9457847820134473,2.967590256199712,0.061197916666666664,8.405367376233981,1.6094379124341003,0.6666666666666666,3.0,0.0,0.0,1.0,2.1972245773362196,0.1936072786649068,0.12474659783056935
7b_collapsed,yelp,evolving_interest,20,0.0,0.0,0.0,0.43079500636227125,0.18558433750666933,0.9457847820134473,2.967590256199712,0.061197916666666664,7.603897968521881,1.6094379124341003,0.6625,2.0,0.21052631578947367,0.0,0.9,3.9318256327243257,0.004523491859436013,0.1386184907726248
7b_collapsed,yelp,evolving_interest,21,0.0,0.0,0.0,0.43079500636227125,0.18558433750666933,0.9457847820134473,2.967590256199712,0.061197916666666664,7.719129840906732,1.3862943611198906,0.6666666666666666,2.0,0.15789473684210525,0.0,1.0,3.091042453358316,0.22365499337514239,0.12713057042342119
7b_collapsed,yelp,evolving_interest,22,0.0,0.5,0.5,0.43079500636227125,0.18558433750666933,0.9457847820134473,2.967590256199712,0.061197916666666664,9.96199228190869,3.1354942159291497,0.6625,3.0,0.0,0.0,1.0,4.477336814478207,0.0050702691078186035,0.1304773023425274
7b_collapsed,yelp,evolving_interest,23,0.6309297535714575,0.6309297535714575,0.0,0.43079500636227125,0.18558433750666933,0.9457847820134473,2.967590256199712,0.061197916666666664,7.86403565907245,1.6094379124341003,0.6625,1.0,0.3157894736842105,0.0,1.0,4.356708826689592,0.0002534508705138716,0.165236790554503
7b_collapsed,yelp,evolving_interest,24,0.0,0.0,0.0,0.43079500636227125,0.18558433750666933,0.9457847820134473,2.967590256199712,0.061197916666666664,9.9297886269555,2.772588722239781,0.6666666666666666,1.0,0.2631578947368421,0.0,0.9,3.367295829986474,0.0008061647415161799,0.1132677951730194
7b_collapsed,yelp,evolving_interest,25,0.0,0.38685280723454163,0.38685280723454163,0.43079500636227125,0.18558433750666933,0.9457847820134473,2.967590256199712,0.061197916666666664,7.947325027016463,1.3862943611198906,0.6583333333333333,2.0,0.10526315789473684,0.0,1.0,3.8918202981106265,0.20133474071820578,0.1348651208448915
7b_collapsed,yelp,evolving_interest,26,0.6309297535714575,0.6309297535714575,0.0,0.43079500636227125,0.18558433750666933,0.9457847820134473,2.967590256199712,0.061197916666666664,9.874058741845316,3.1354942159291497,0.6583333333333333,2.0,0.2631578947368421,0.0,0.95,2.0794415416798357,0.002212017774581909,0.13088899920345184
7b_collapsed,yelp,evolving_interest,27,0.0,1.0,1.0,0.43079500636227125,0.18558433750666933,0.9457847820134473,2.967590256199712,0.061197916666666664,7.611842399580417,1.3862943611198906,0.6625,2.0,0.42105263157894735,0.0,0.9,4.787491742782046,0.0069637835025787576,0.15817791727092742
7b_collapsed,yelp,evolving_interest,28,1.0,0.5,-0.5,0.43079500636227125,0.18558433750666933,0.9457847820134473,2.967590256199712,0.061197916666666664,9.285818833152089,1.9459101490553132,0.6666666666666666,1.0,0.21052631578947367,0.0,1.0,3.784189633918261,0.005346876382827714,0.11426708180674314
7b_collapsed,yelp,evolving_interest,29,0.0,0.0,0.0,0.43079500636227125,0.18558433750666933,0.9457847820134473,2.967590256199712,0.061197916666666664,8.262816937670928,1.9459101490553132,0.6583333333333333,3.0,0.0,0.0,1.0,2.3978952727983707,0.23255928357442224,0.16735893738530527
7b_collapsed,yelp,evolving_interest,30,0.0,0.0,0.0,0.43079500636227125,0.18558433750666933,0.9457847820134473,2.967590256199712,0.061197916666666664,8.535622326884605,2.302585092994046,0.6583333333333333,2.0,0.05263157894736842,0.0,0.95,1.791759469228055,0.0018472731113433616,0.11974242571904009
7b_collapsed,yelp,evolving_interest,31,1.0,0.0,-1.0,0.43079500636227125,0.18558433750666933,0.9457847820134473,2.967590256199712,0.061197916666666664,8.293049139768444,1.6094379124341003,0.6666666666666666,3.0,0.0,0.0,0.95,3.8066624897703196,0.0004794001579284668,0.15819204261406786
7b_collapsed,yelp,evolving_interest,32,0.0,0.43067655807339306,0.43067655807339306,0.43079500636227125,0.18558433750666933,0.9457847820134473,2.967590256199712,0.061197916666666664,8.614501373883236,1.3862943611198906,0.6625,1.0,0.47368421052631576,0.0,1.0,2.70805020110221,0.016429030895233177,0.1632143393456035
7b_collapsed,yelp,evolving_interest,33,0.0,0.0,0.0,0.43079500636227125,0.18558433750666933,0.9457847820134473,2.967590256199712,0.061197916666666664,8.989319566042951,2.302585092994046,0.6666666666666666,2.0,0.10526315789473684,0.0,0.9,0.6931471805599453,0.0005116581916809748,0.1146733267316554
7b_collapsed,yelp,evolving_interest,34,1.0,1.0,0.0,0.43079500636227125,0.18558433750666933,0.9457847820134473,2.967590256199712,0.061197916666666664,7.842278779117352,1.3862943611198906,0.6625,2.0,0.21052631578947367,0.0,0.95,3.6888794541139363,6.092190742490455e-05,0.1854338387254345
7b_collapsed,yelp,evolving_interest,35,0.0,0.0,0.0,0.43079500636227125,0.18558433750666933,0.9457847820134473,2.967590256199712,0.061197916666666664,8.657998068007258,1.6094379124341003,0.6625,3.0,0.0,0.0,0.8,2.3978952727983707,0.001177740097045965,0.05764424885868712
7b_collapsed,yelp,evolving_interest,36,1.0,0.6309297535714575,-0.36907024642854247,0.43079500636227125,0.18558433750666933,0.9457847820134473,2.967590256199712,0.061197916666666664,9.688126141663973,3.1780538303479458,0.6666666666666666,1.0,0.10526315789473684,0.0,1.0,3.4965075614664802,0.23323793609937027,0.13529871900175702
7b_collapsed,yelp,evolving_interest,37,0.0,0.0,0.0,0.43079500636227125,0.18558433750666933,0.9457847820134473,2.967590256199712,0.061197916666666664,9.341105441855735,2.0794415416798357,0.6541666666666666,1.0,0.5789473684210527,0.0,0.95,3.258096538021482,0.0017792522907257302,0.14611084684599354
7b_collapsed,yelp,evolving_interest,38,0.43067655807339306,0.5,0.06932344192660694,0.43079500636227125,0.18558433750666933,0.9457847820134473,2.967590256199712,0.061197916666666664,7.080867896690782,1.3862943611198906,0.6625,1.0,0.10526315789473684,0.0,1.0,3.6109179126442243,0.23313640554745985,0.1687525694249371
7b_collapsed,yelp,evolving_interest,39,0.6309297535714575,0.6309297535714575,0.0,0.43079500636227125,0.18558433750666933,0.9457847820134473,2.967590256199712,0.061197916666666664,7.807916628926408,1.9459101490553132,0.6666666666666666,2.0,0.21052631578947367,0.0,1.0,2.302585092994046,0.23252816994984948,0.1324201436935019
7b_collapsed,yelp,evolving_interest,40,0.0,0.0,0.0,0.43079500636227125,0.18558433750666933,0.9457847820134473,2.967590256199712,0.061197916666666664,8.460411177317253,1.9459101490553132,0.6666666666666666,2.0,0.21052631578947367,0.0,0.9,3.332204510175204,0.0037866353988647017,0.08681531593822374
7b_collapsed,yelp,evolving_interest,41,0.43067655807339306,0.0,-0.43067655807339306,0.43079500636227125,0.18558433750666933,0.9457847820134473,2.967590256199712,0.061197916666666664,7.07326971745971,1.3862943611198906,0.6583333333333333,0.0,0.3684210526315789,0.10526315789473684,0.85,4.927253685157205,0.12422570586204529,0.14315450707815974
7b_collapsed,yelp,evolving_interest,42,0.43067655807339306,0.38685280723454163,-0.04382375083885143,0.43079500636227125,0.18558433750666933,0.9457847820134473,2.967590256199712,0.061197916666666664,8.5016733797582,1.791759469228055,0.6541666666666666,3.0,0.0,0.0,0.95,3.784189633918261,0.001921641826629572,0.18939651262098095
7b_collapsed,yelp,evolving_interest,43,0.0,0.0,0.0,0.43079500636227125,0.18558433750666933,0.9457847820134473,2.967590256199712,0.061197916666666664,9.028338763993148,1.9459101490553132,0.6666666666666666,2.0,0.10526315789473684,0.0,1.0,1.6094379124341003,0.004696297645568892,0.09126422903499663
7b_collapsed,yelp,evolving_interest,44,0.0,0.0,0.0,0.43079500636227125,0.18558433750666933,0.9457847820134473,2.967590256199712,0.061197916666666664,8.142354276849835,1.6094379124341003,0.6625,0.0,0.5789473684210527,0.05263157894736842,0.95,5.262690188904886,0.0020958065986633745,0.1595753223934389
7b_collapsed,yelp,evolving_interest,45,0.6309297535714575,0.6309297535714575,0.0,0.43079500636227125,0.18558433750666933,0.9457847820134473,2.967590256199712,0.061197916666666664,8.185628891147607,1.6094379124341003,0.6625,2.0,0.05263157894736842,0.0,0.95,3.8501476017100584,0.23717602690060935,0.20274853871671097
7b_collapsed,yelp,evolving_interest,46,0.0,0.0,0.0,0.43079500636227125,0.18558433750666933,0.9457847820134473,2.967590256199712,0.061197916666666664,7.323170717943469,1.3862943611198906,0.6666666666666666,3.0,0.0,0.0,1.0,1.0986122886681096,0.011653125286102295,0.14729632719166755
7b_collapsed,yelp,evolving_interest,47,0.6309297535714575,0.6309297535714575,0.0,0.43079500636227125,0.18558433750666933,0.9457847820134473,2.967590256199712,0.061197916666666664,8.776630098427717,1.9459101490553132,0.6666666666666666,1.0,0.2631578947368421,0.0,1.0,4.174387269895637,0.0023589491844177024,0.12627895697228442
7b_collapsed,yelp,evolving_interest,48,0.0,1.0,1.0,0.43079500636227125,0.18558433750666933,0.9457847820134473,2.967590256199712,0.061197916666666664,7.470224135899966,1.3862943611198906,0.6583333333333333,0.0,0.5789473684210527,0.10526315789473684,0.9,5.262690188904886,0.0012356936931610107,0.13024749841749741
7b_collapsed,yelp,evolving_interest,49,0.0,0.0,0.0,0.43079500636227125,0.18558433750666933,0.9457847820134473,2.967590256199712,0.061197916666666664,7.360739903058278,1.3862943611198906,0.6625,1.0,0.15789473684210525,0.0,0.95,2.1972245773362196,0.23006931742032366,0.13708038540816228
7b_collapsed,yelp,evolving_interest,50,0.5,0.0,-0.5,0.43079500636227125,0.18558433750666933,0.9457847820134473,2.967590256199712,0.061197916666666664,7.857867559331803,1.791759469228055,0.6666666666666666,2.0,0.10526315789473684,0.0,0.95,3.828641396489095,0.23798800309499102,0.16157798625041642
7b_collapsed,yelp,evolving_interest,51,0.0,1.0,1.0,0.43079500636227125,0.18558433750666933,0.9457847820134473,2.967590256199712,0.061197916666666664,7.655864017616056,1.3862943611198906,0.6666666666666666,2.0,0.2631578947368421,0.0,0.95,4.248495242049359,0.000351637601852417,0.09565908578416212
7b_collapsed,yelp,evolving_interest,52,0.0,0.6309297535714575,0.6309297535714575,0.43079500636227125,0.18558433750666933,0.9457847820134473,2.967590256199712,0.061197916666666664,9.038602608721874,2.0794415416798357,0.6666666666666666,2.0,0.05263157894736842,0.0,1.0,3.258096538021482,0.003698587417602539,0.1323276106996923
7b_collapsed,yelp,evolving_interest,53,0.5,0.0,-0.5,0.43079500636227125,0.18558433750666933,0.9457847820134473,2.967590256199712,0.061197916666666664,8.285513309079741,1.791759469228055,0.6666666666666666,2.0,0.15789473684210525,0.0,0.95,1.9459101490553132,0.0001916170120239702,0.149896138838585
7b_collapsed,yelp,evolving_interest,54,1.0,0.0,-1.0,0.43079500636227125,0.18558433750666933,0.9457847820134473,2.967590256199712,0.061197916666666664,7.694392802629421,1.3862943611198906,0.6666666666666666,1.0,0.21052631578947367,0.0,0.9,3.367295829986474,0.0008740425109863281,0.13408489767808482
7b_collapsed,yelp,evolving_interest,55,0.0,0.0,0.0,0.43079500636227125,0.18558433750666933,0.9457847820134473,2.967590256199712,0.061197916666666664,8.417372856134026,1.791759469228055,0.6666666666666666,3.0,0.0,0.0,0.95,4.060443010546419,0.001535689830780007,0.12645379479096558
7b_collapsed,yelp,evolving_interest,56,0.0,1.0,1.0,0.43079500636227125,0.18558433750666933,0.9457847820134473,2.967590256199712,0.061197916666666664,7.726212650507529,1.791759469228055,0.6666666666666666,2.0,0.15789473684210525,0.0,0.95,2.9444389791664403,0.003959387540817261,0.1401002266622969
7b_collapsed,yelp,evolving_interest,57,0.0,0.0,0.0,0.43079500636227125,0.18558433750666933,0.9457847820134473,2.967590256199712,0.061197916666666664,9.684273769557766,3.4657359027997265,0.6666666666666666,2.0,0.05263157894736842,0.0,1.0,3.258096538021482,0.22852740486462908,0.13742065054538222
7b_collapsed,yelp,evolving_interest,58,1.0,0.0,-1.0,0.43079500636227125,0.18558433750666933,0.9457847820134473,2.967590256199712,0.061197916666666664,9.47639014430085,2.3978952727983707,0.6666666666666666,0.0,0.631578947368421,0.05263157894736842,0.95,4.867534450455582,0.00025008916854851737,0.07336911810395665
7b_collapsed,yelp,evolving_interest,59,0.6309297535714575,0.0,-0.6309297535714575,0.43079500636227125,0.18558433750666933,0.9457847820134473,2.967590256199712,0.061197916666666664,9.068085324395312,2.3978952727983707,0.65,3.0,0.0,0.0,0.95,2.639057329615259,0.00304296612739563,0.15231800989646224
7b_collapsed,yelp,evolving_interest,60,0.0,0.5,0.5,0.43079500636227125,0.18558433750666933,0.9457847820134473,2.967590256199712,0.061197916666666664,8.429017500512511,2.302585092994046,0.6583333333333333,2.0,0.42105263157894735,0.0,0.95,4.795790545596741,0.004478484392166138,0.1078117108819032
7b_collapsed,yelp,evolving_interest,61,0.6309297535714575,0.38685280723454163,-0.2440769463369159,0.43079500636227125,0.18558433750666933,0.9457847820134473,2.967590256199712,0.061197916666666664,7.906915488678587,1.791759469228055,0.6666666666666666,2.0,0.05263157894736842,0.0,0.95,2.995732273553991,0.22410422762235005,0.17750429150284408
7b_collapsed,yelp,evolving_interest,62,0.0,0.0,0.0,0.43079500636227125,0.18558433750666933,0.9457847820134473,2.967590256199712,0.061197916666666664,7.6577552711348655,1.6094379124341003,0.6625,0.0,0.5789473684210527,0.05263157894736842,0.9,5.0369526024136295,0.0020479381084441695,0.12270245639441582
7b_collapsed,yelp,evolving_interest,63,0.6309297535714575,0.43067655807339306,-0.20025319549806447,0.43079500636227125,0.18558433750666933,0.9457847820134473,2.967590256199712,0.061197916666666664,9.759501702007746,2.70805020110221,0.6625,2.0,0.05263157894736842,0.0,1.0,3.367295829986474,0.00012148618698115676,0.13027247657333366
7b_collapsed,yelp,evolving_interest,64,0.0,0.43067655807339306,0.43067655807339306,0.43079500636227125,0.18558433750666933,0.9457847820134473,2.967590256199712,0.061197916666666664,8.725507328484445,1.9459101490553132,0.6666666666666666,3.0,0.0,0.0,0.95,2.995732273553991,0.003127473592758223,0.09546332762178965
7b_collapsed,yelp,evolving_interest,65,0.0,0.0,0.0,0.43079500636227125,0.18558433750666933,0.9457847820134473,2.967590256199712,0.061197916666666664,9.398063978059133,2.70805020110221,0.6666666666666666,2.0,0.2631578947368421,0.0,0.85,4.248495242049359,0.001154780387878418,0.14901958095954349
7b_collapsed,yelp,evolving_interest,66,0.0,1.0,1.0,0.43079500636227125,0.18558433750666933,0.9457847820134473,2.967590256199712,0.061197916666666664,7.462789157412448,1.3862943611198906,0.6583333333333333,2.0,0.21052631578947367,0.0,1.0,4.0943445622221,0.002078568935394265,0.17968682179022075
7b_collapsed,yelp,evolving_interest,67,0.5,0.6309297535714575,0.13092975357145753,0.43079500636227125,0.18558433750666933,0.9457847820134473,2.967590256199712,0.061197916666666664,7.433666540166168,1.3862943611198906,0.6666666666666666,3.0,0.0,0.0,0.95,4.820281565605037,0.00017652511596677467,0.1559749420136509
7b_collapsed,yelp,evolving_interest,68,0.38685280723454163,0.5,0.11314719276545837,0.43079500636227125,0.18558433750666933,0.9457847820134473,2.967590256199712,0.061197916666666664,8.465478755729558,1.6094379124341003,0.6666666666666666,2.0,0.21052631578947367,0.0,0.95,0.6931471805599453,0.00168642997741697,0.0932003156827769
7b_collapsed,yelp,evolving_interest,69,0.0,0.38685280723454163,0.38685280723454163,0.43079500636227125,0.18558433750666933,0.9457847820134473,2.967590256199712,0.061197916666666664,8.360773272144936,1.791759469228055,0.6666666666666666,1.0,0.15789473684210525,0.0,0.9,4.219507705176107,0.003087830543518022,0.1756283399202515
7b_collapsed,yelp,evolving_interest,70,0.0,1.0,1.0,0.43079500636227125,0.18558433750666933,0.9457847820134473,2.967590256199712,0.061197916666666664,8.326516830239528,1.3862943611198906,0.6666666666666666,1.0,0.21052631578947367,0.0,1.0,4.663439094112067,0.003937911987304643,0.1573120894666303
7b_collapsed,yelp,evolving_interest,71,0.0,1.0,1.0,0.43079500636227125,0.18558433750666933,0.9457847820134473,2.967590256199712,0.061197916666666664,8.240385115516334,1.3862943611198906,0.6666666666666666,2.0,0.10526315789473684,0.0,1.0,3.7612001156935624,0.013027507066726618,0.14989841135917215
7b_collapsed,yelp,evolving_interest,72,0.0,0.0,0.0,0.43079500636227125,0.18558433750666933,0.9457847820134473,2.967590256199712,0.061197916666666664,9.513920399580737,2.995732273553991,0.6666666666666666,2.0,0.21052631578947367,0.0,1.0,3.332204510175204,0.22633938392003383,0.13641587207817105
7b_collapsed,yelp,evolving_interest,73,1.0,0.0,-1.0,0.43079500636227125,0.18558433750666933,0.9457847820134473,2.967590256199712,0.061197916666666664,7.5569505720129,1.3862943611198906,0.6625,3.0,0.0,0.0,0.85,1.3862943611198906,0.00025463104248046875,0.1841371873478817
7b_collapsed,yelp,evolving_interest,74,0.6309297535714575,0.6309297535714575,0.0,0.43079500636227125,0.18558433750666933,0.9457847820134473,2.967590256199712,0.061197916666666664,7.4798641311650265,1.3862943611198906,0.6625,2.0,0.05263157894736842,0.0,1.0,3.8918202981106265,0.0004303872585296187,0.15926210927245746
7b_collapsed,yelp,evolving_interest,75,0.5,1.0,0.5,0.43079500636227125,0.18558433750666933,0.9457847820134473,2.967590256199712,0.061197916666666664,9.52806656577634,2.9444389791664403,0.6541666666666666,1.0,0.2631578947368421,0.0,1.0,5.262690188904886,0.2324712177117665,0.14904605877307203
7b_collapsed,yelp,evolving_interest,76,0.43067655807339306,0.0,-0.43067655807339306,0.43079500636227125,0.18558433750666933,0.9457847820134473,2.967590256199712,0.061197916666666664,8.207401833376355,1.6094379124341003,0.6666666666666666,3.0,0.0,0.0,0.95,4.584967478670572,0.0006120264530181663,0.13600662577539102
7b_collapsed,yelp,evolving_interest,77,0.0,0.0,0.0,0.43079500636227125,0.18558433750666933,0.9457847820134473,2.967590256199712,0.061197916666666664,7.401231264413015,1.3862943611198906,0.6666666666666666,3.0,0.0,0.0,1.0,4.382026634673881,0.004242378473281794,0.16243849995777607
7b_collapsed,yelp,evolving_interest,78,0.5,0.0,-0.5,0.43079500636227125,0.18558433750666933,0.9457847820134473,2.967590256199712,0.061197916666666664,7.789868559054706,1.3862943611198906,0.6625,2.0,0.05263157894736842,0.0,0.9,3.1780538303479458,0.0003869354724883589,0.11520290811955866
7b_collapsed,yelp,evolving_interest,79,0.43067655807339306,1.0,0.5693234419266069,0.43079500636227125,0.18558433750666933,0.9457847820134473,2.967590256199712,0.061197916666666664,7.566311014772463,1.6094379124341003,0.6666666666666666,2.0,0.15789473684210525,0.0,0.95,5.147494476813453,0.010611176490783691,0.1279999267365646
7b_collapsed,yelp,evolving_interest,80,0.6309297535714575,0.0,-0.6309297535714575,0.43079500636227125,0.18558433750666933,0.9457847820134473,2.967590256199712,0.061197916666666664,9.434043766548907,2.0794415416798357,0.6666666666666666,2.0,0.3157894736842105,0.0,0.85,3.6888794541139363,0.0006068944931030273,0.10724267585410584
7b_collapsed,yelp,evolving_interest,81,1.0,0.0,-1.0,0.43079500636227125,0.18558433750666933,0.9457847820134473,2.967590256199712,0.061197916666666664,8.387084506069217,1.9459101490553132,0.6666666666666666,2.0,0.2631578947368421,0.0,1.0,2.302585092994046,0.23542810281117765,0.133648994206568
7b_collapsed,yelp,evolving_interest,82,1.0,1.0,0.0,0.43079500636227125,0.18558433750666933,0.9457847820134473,2.967590256199712,0.061197916666666664,7.112327444710911,1.3862943611198906,0.6625,3.0,0.0,0.0,1.0,3.1780538303479458,0.006474995613098167,0.12226211493182425
7b_collapsed,yelp,evolving_interest,83,0.6309297535714575,1.0,0.36907024642854247,0.43079500636227125,0.18558433750666933,0.9457847820134473,2.967590256199712,0.061197916666666664,7.349230824613334,1.3862943611198906,0.6625,2.0,0.15789473684210525,0.0,1.0,3.258096538021482,0.0007445096969603826,0.1427714323247127
7b_collapsed,yelp,evolving_interest,84,1.0,1.0,0.0,0.43079500636227125,0.18558433750666933,0.9457847820134473,2.967590256199712,0.061197916666666664,7.8336002236611035,1.791759469228055,0.6625,2.0,0.10526315789473684,0.0,0.95,3.713572066704308,0.003080660104751609,0.16781116042229838
7b_collapsed,yelp,evolving_interest,85,0.0,0.0,0.0,0.43079500636227125,0.18558433750666933,0.9457847820134473,2.967590256199712,0.061197916666666664,7.631916513071252,1.6094379124341003,0.6666666666666666,3.0,0.0,0.0,0.95,0.6931471805599453,4.8637390136496705e-06,0.1532857455068599
7b_collapsed,yelp,evolving_interest,86,0.0,0.0,0.0,0.43079500636227125,0.18558433750666933,0.9457847820134473,2.967590256199712,0.061197916666666664,7.328437352895162,1.3862943611198906,0.6625,2.0,0.15789473684210525,0.0,1.0,4.0943445622221,0.12836297750473025,0.14772675171209873
7b_collapsed,yelp,evolving_interest,87,0.0,0.0,0.0,0.43079500636227125,0.18558433750666933,0.9457847820134473,2.967590256199712,0.061197916666666664,8.744647438317532,2.302585092994046,0.6625,2.0,0.05263157894736842,0.0,1.0,4.0943445622221,0.0044179379940032515,0.1796726789484448
7b_collapsed,yelp,evolving_interest,88,0.0,0.0,0.0,0.43079500636227125,0.18558433750666933,0.9457847820134473,2.967590256199712,0.061197916666666664,9.695725103260221,2.995732273553991,0.6541666666666666,2.0,0.47368421052631576,0.0,0.9,2.0794415416798357,0.232135566075643,0.1512491471478447
7b_collapsed,yelp,evolving_interest,89,0.0,1.0,1.0,0.43079500636227125,0.18558433750666933,0.9457847820134473,2.967590256199712,0.061197916666666664,8.506536611227709,2.0794415416798357,0.6583333333333333,2.0,0.42105263157894735,0.0,0.95,5.0106352940962555,0.0041141152381896084,0.1446254650639732
7b_collapsed,yelp,evolving_interest,90,1.0,1.0,0.0,0.43079500636227125,0.18558433750666933,0.9457847820134473,2.967590256199712,0.061197916666666664,7.507690077819904,1.6094379124341003,0.6666666666666666,2.0,0.42105263157894735,0.0,1.0,2.9444389791664403,0.0008391380310058816,0.1800794627916106
7b_collapsed,yelp,evolving_interest,91,0.5,0.38685280723454163,-0.11314719276545837,0.43079500636227125,0.18558433750666933,0.9457847820134473,2.967590256199712,0.061197916666666664,8.326758814511733,1.6094379124341003,0.6625,1.0,0.42105263157894735,0.0,1.0,4.430816798843313,0.0025356531143189143,0.15869319035504773
7b_collapsed,yelp,evolving_interest,92,1.0,1.0,0.0,0.43079500636227125,0.18558433750666933,0.9457847820134473,2.967590256199712,0.061197916666666664,8.498418036089904,1.9459101490553132,0.6666666666666666,1.0,0.3684210526315789,0.0,1.0,3.367295829986474,0.0051566362380981445,0.11631229090480764
7b_fixed,yelp,classic,0,0.6309297535714575,0.6309297535714575,0.0,0.4278825725126764,0.18308349586006578,0.07073534333262343,0.7305006207590723,1.0,9.47324295306374,3.258096538021482,0.6666666666666666,3.0,0.0,0.0,1.0,0.6931471805599453,0.0018242955207824485,0.07076693261352103
7b_fixed,yelp,classic,1,1.0,1.0,0.0,0.4278825725126764,0.18308349586006578,0.07073534333262343,0.7305006207590723,1.0,9.355133116877724,2.995732273553991,0.6583333333333333,2.0,0.05263157894736842,0.0,1.0,0.6931471805599453,0.002365726232528731,0.08988624790972184
7b_fixed,yelp,classic,2,0.43067655807339306,0.0,-0.43067655807339306,0.4278825725126764,0.18308349586006578,0.07073534333262343,0.7305006207590723,1.0,6.018593214496234,0.6931471805599453,0.6625,2.0,0.05263157894736842,0.0,1.0,0.6931471805599453,0.0005982577800751065,0.0387166776378161
7b_fixed,yelp,classic,3,1.0,0.5,-0.5,0.4278825725126764,0.18308349586006578,0.07073534333262343,0.7305006207590723,1.0,7.5883236773352225,1.3862943611198906,0.6625,3.0,0.0,0.0,1.0,0.6931471805599453,0.00010702013969421387,0.09451903433843341
7b_fixed,yelp,classic,4,1.0,1.0,0.0,0.4278825725126764,0.18308349586006578,0.07073534333262343,0.7305006207590723,1.0,5.961005339623274,0.6931471805599453,0.6666666666666666,3.0,0.0,0.0,1.0,0.6931471805599453,0.23041217525800067,0.05297526386748344
7b_fixed,yelp,classic,5,1.0,1.0,0.0,0.4278825725126764,0.18308349586006578,0.07073534333262343,0.7305006207590723,1.0,8.242493153187626,2.1972245773362196,0.6625,2.0,0.05263157894736842,0.0,1.0,0.6931471805599453,0.006362646818161011,0.0794919555090101
7b_fixed,yelp,classic,6,0.38685280723454163,0.6309297535714575,0.2440769463369159,0.4278825725126764,0.18308349586006578,0.07073534333262343,0.7305006207590723,1.0,7.791522819150732,1.791759469228055,0.6666666666666666,2.0,0.05263157894736842,0.0,1.0,0.6931471805599453,0.0008432328701020175,0.08514833800633509
7b_fixed,yelp,classic,7,0.6309297535714575,0.43067655807339306,-0.20025319549806447,0.4278825725126764,0.18308349586006578,0.07073534333262343,0.7305006207590723,1.0,6.061456918928017,0.6931471805599453,0.6666666666666666,3.0,0.0,0.0,1.0,0.6931471805599453,0.23124242623647046,0.05202622555059808
7b_fixed,yelp,classic,8,1.0,0.0,-1.0,0.4278825725126764,0.18308349586006578,0.07073534333262343,0.7305006207590723,1.0,7.803843303538772,1.6094379124341003,0.6625,3.0,0.0,0.0,1.0,0.6931471805599453,0.0030090451240539773,0.08058422971571551
7b_fixed,yelp,classic,9,1.0,1.0,0.0,0.4278825725126764,0.18308349586006578,0.07073534333262343,0.7305006207590723,1.0,10.010861040804457,3.6109179126442243,0.6666666666666666,3.0,0.0,0.0,1.0,0.6931471805599453,0.0009963870048522727,0.1112304779275024
7b_fixed,yelp,classic,10,0.0,0.5,0.5,0.4278825725126764,0.18308349586006578,0.07073534333262343,0.7305006207590723,1.0,6.665683717782408,0.6931471805599453,0.6625,3.0,0.0,0.0,1.0,0.6931471805599453,0.0027151286602020153,0.04281382377453023
7b_fixed,yelp,classic,11,1.0,0.6309297535714575,-0.36907024642854247,0.4278825725126764,0.18308349586006578,0.07073534333262343,0.7305006207590723,1.0,8.938925271988273,1.3862943611198906,0.6666666666666666,3.0,0.0,0.0,1.0,0.6931471805599453,0.00012130737304694161,0.08496209737940104
7b_fixed,yelp,classic,12,0.6309297535714575,0.5,-0.13092975357145753,0.4278825725126764,0.18308349586006578,0.07073534333262343,0.7305006207590723,1.0,5.934894195619588,0.6931471805599453,0.6666666666666666,2.0,0.05263157894736842,0.0,1.0,0.6931471805599453,0.2213815530141195,0.05051453119129897
7b_fixed,yelp,classic,13,1.0,0.43067655807339306,-0.5693234419266069,0.4278825725126764,0.18308349586006578,0.07073534333262343,0.7305006207590723,1.0,7.83399634170946,1.9459101490553132,0.6666666666666666,3.0,0.0,0.0,1.0,0.6931471805599453,0.0022489428520202637,0.08030522763384373
7b_fixed,yelp,classic,14,0.5,1.0,0.5,0.4278825725126764,0.18308349586006578,0.07073534333262343,0.7305006207590723,1.0,7.531552381407289,1.3862943611198906,0.6583333333333333,2.0,0.10526315789473684,0.0,1.0,0.6931471805599453,0.2291452785332998,0.06265779500957153
7b_fixed,yelp,classic,15,0.5,0.0,-0.5,0.4278825725126764,0.18308349586006578,0.07073534333262343,0.7305006207590723,1.0,6.429719478039138,0.6931471805599453,0.6625,3.0,0.0,0.0,1.0,0.6931471805599453,0.00020061135292054333,0.034347011756087314
7b_fixed,yelp,classic,16,0.5,0.5,0.0,0.4278825725126764,0.18308349586006578,0.07073534333262343,0.7305006207590723,1.0,6.066108090103747,0.6931471805599453,0.6666666666666666,3.0,0.0,0.0,1.0,0.6931471805599453,0.23710330327351886,0.056024839771867334
7b_fixed,yelp,classic,17,0.0,0.0,0.0,0.4278825725126764,0.18308349586006578,0.07073534333262343,0.7305006207590723,1.0,7.81762544305337,1.3862943611198906,0.6666666666666666,3.0,0.0,0.0,1.0,0.6931471805599453,0.002894210815429732,0.0724628253645645
7b_fixed,yelp,classic,18,0.6309297535714575,0.6309297535714575,0.0,0.4278825725126764,0.18308349586006578,0.07073534333262343,0.7305006207590723,1.0,9.710388122570295,3.1354942159291497,0.6666666666666666,2.0,0.05263157894736842,0.0,1.0,0.6931471805599453,0.0004181206226349099,0.1106603307986436
7b_fixed,yelp,classic,19,1.0,0.0,-1.0,0.4278825725126764,0.18308349586006578,0.07073534333262343,0.7305006207590723,1.0,6.576469569048224,0.6931471805599453,0.6666666666666666,3.0,0.0,0.0,1.0,0.6931471805599453,0.006293964385986339,0.01188497526253374
7b_fixed,yelp,classic,20,1.0,1.0,0.0,0.4278825725126764,0.18308349586006578,0.07073534333262343,0.7305006207590723,1.0,9.122055457108612,2.772588722239781,0.6625,3.0,0.0,0.0,1.0,0.6931471805599453,0.010024040937423706,0.08534312256775742
7b_fixed,yelp,classic,21,0.5,0.43067655807339306,-0.06932344192660694,0.4278825725126764,0.18308349586006578,0.07073534333262343,0.7305006207590723,1.0,9.434683203865875,2.4849066497880004,0.6666666666666666,3.0,0.0,0.0,1.0,0.6931471805599453,0.23306182225545247,0.12754809428026295
7b_fixed,yelp,classic,22,0.5,0.6309297535714575,0.13092975357145753,0.4278825725126764,0.18308349586006578,0.07073534333262343,0.7305006207590723,1.0,6.62273632394984,0.6931471805599453,0.6666666666666666,2.0,0.05263157894736842,0.0,1.0,0.6931471805599453,0.0001313030719756747,0.01450531718999067
7b_fixed,yelp,classic,23,0.0,0.5,0.5,0.4278825725126764,0.18308349586006578,0.07073534333262343,0.7305006207590723,1.0,6.461468176353717,0.6931471805599453,0.6666666666666666,3.0,0.0,0.0,1.0,0.6931471805599453,0.0005959153175353893,0.01078213018021997
7b_fixed,yelp,classic,24,0.6309297535714575,0.0,-0.6309297535714575,0.4278825725126764,0.18308349586006578,0.07073534333262343,0.7305006207590723,1.0,6.418364935936212,0.6931471805599453,0.6666666666666666,3.0,0.0,0.0,1.0,0.6931471805599453,0.23224317630132035,0.054785177746058525
7b_fixed,yelp,classic,25,0.0,0.0,0.0,0.4278825725126764,0.18308349586006578,0.07073534333262343,0.7305006207590723,1.0,6.745236349484362,0.6931471805599453,0.6666666666666666,2.0,0.05263157894736842,0.0,1.0,0.6931471805599453,0.0053244352340698214,0.012449625959681639
7b_fixed,yelp,classic,26,0.0,0.38685280723454163,0.38685280723454163,0.4278825725126764,0.18308349586006578,0.07073534333262343,0.7305006207590723,1.0,8.811354229965728,2.5649493574615367,0.6666666666666666,2.0,0.05263157894736842,0.0,1.0,0.6931471805599453,0.0003139793872833918,0.0854570024764408
7b_fixed,yelp,classic,27,1.0,1.0,0.0,0.4278825725126764,0.18308349586006578,0.07073534333262343,0.7305006207590723,1.0,5.891644211825771,0.6931471805599453,0.6666666666666666,3.0,0.0,0.0,1.0,0.6931471805599453,0.0015100300312042014,0.017673684433631928
7b_fixed,yelp,classic,28,0.6309297535714575,0.6309297535714575,0.0,0.4278825725126764,0.18308349586006578,0.07073534333262343,0.7305006207590723,1.0,7.170119543449628,1.0986122886681096,0.6625,3.0,0.0,0.0,1.0,0.6931471805599453,0.22360267241795856,0.05991765879109775
7b_fixed,yelp,classic,29,0.0,0.0,0.0,0.4278825725126764,0.18308349586006578,0.07073534333262343,0.7305006207590723,1.0,6.679599185844383,0.6931471805599453,0.6625,3.0,0.0,0.0,1.0,0.6931471805599453,0.2327214141686757,0.06474678508469993
7b_fixed,yelp,classic,30,1.0,0.0,-1.0,0.4278825725126764,0.18308349586006578,0.07073534333262343,0.7305006207590723,1.0,6.9363427358340495,0.6931471805599453,0.6583333333333333,3.0,0.0,0.0,1.0,0.6931471805599453,0.00023134946823116787,0.049090823970805414
7b_fixed,yelp,classic,31,0.0,0.0,0.0,0.4278825725126764,0.18308349586006578,0.07073534333262343,0.7305006207590723,1.0,6.327936783729195,0.6931471805599453,0.6583333333333333,3.0,0.0,0.0,1.0,0.6931471805599453,0.2328986724217733,0.0805946667874149
7b_fixed,yelp,classic,32,1.0,0.5,-0.5,0.4278825725126764,0.18308349586006578,0.07073534333262343,0.7305006207590723,1.0,8.00736706798333,1.9459101490553132,0.6666666666666666,2.0,0.10526315789473684,0.0,1.0,0.6931471805599453,0.23183918197949727,0.05285033697271754
7b_fixed,yelp,classic,33,0.43067655807339306,0.5,0.06932344192660694,0.4278825725126764,0.18308349586006578,0.07073534333262343,0.7305006207590723,1.0,6.835184586147301,0.6931471805599453,0.6666666666666666,3.0,0.0,0.0,1.0,0.6931471805599453,0.0005007505416870228,0.010253197786646668
7b_fixed,yelp,classic,34,0.43067655807339306,0.43067655807339306,0.0,0.4278825725126764,0.18308349586006578,0.07073534333262343,0.7305006207590723,1.0,7.52131798019924,0.6931471805599453,0.6666666666666666,3.0,0.0,0.0,1.0,0.6931471805599453,0.23518788417180375,0.057132758889230965
7b_fixed,yelp,classic,35,0.0,0.0,0.0,0.4278825725126764,0.18308349586006578,0.07073534333262343,0.7305006207590723,1.0,6.261491684321042,0.6931471805599453,0.6625,3.0,0.0,0.0,1.0,0.6931471805599453,0.0004848361015319935,0.03600262516155833
7b_fixed,yelp,classic,36,0.0,0.38685280723454163,0.38685280723454163,0.4278825725126764,0.18308349586006578,0.07073534333262343,0.7305006207590723,1.0,10.15615107038633,4.007333185232471,0.6625,2.0,0.05263157894736842,0.0,1.0,0.6931471805599453,0.23010865648587542,0.1369502565742337
7b_fixed,yelp,classic,37,0.0,1.0,1.0,0.4278825725126764,0.18308349586006578,0.07073534333262343,0.7305006207590723,1.0,6.980075940561763,1.0986122886681096,0.6625,2.0,0.05263157894736842,0.0,1.0,0.6931471805599453,0.0003481328487395796,0.09241074396312814
7b_fixed,yelp,classic,38,0.38685280723454163,0.0,-0.38685280723454163,0.4278825725126764,0.18308349586006578,0.07073534333262343,0.7305006207590723,1.0,7.397561535524052,1.0986122886681096,0.6625,2.0,0.10526315789473684,0.0,1.0,0.6931471805599453,0.0014577984809875377,0.030910463451552288
7b_fixed,yelp,classic,39,0.0,0.0,0.0,0.4278825725126764,0.18308349586006578,0.07073534333262343,0.7305006207590723,1.0,7.58629630715272,1.3862943611198906,0.6666666666666666,2.0,0.05263157894736842,0.0,1.0,0.6931471805599453,0.0005820214748382679,0.016373332246374286
7b_fixed,yelp,classic,40,0.5,0.0,-0.5,0.4278825725126764,0.18308349586006578,0.07073534333262343,0.7305006207590723,1.0,6.940222469119639,0.6931471805599453,0.6666666666666666,3.0,0.0,0.0,1.0,0.6931471805599453,0.23468200167020153,0.05387312277885956
7b_fixed,yelp,classic,41,0.0,0.0,0.0,0.4278825725126764,0.18308349586006578,0.07073534333262343,0.7305006207590723,1.0,7.256297239690681,1.3862943611198906,0.6625,3.0,0.0,0.0,0.95,0.6931471805599453,0.23861719568570455,0.06505941389751704
7b_fixed,yelp,classic,42,1.0,1.0,0.0,0.4278825725126764,0.18308349586006578,0.07073534333262343,0.7305006207590723,1.0,7.466227556215481,1.6094379124341003,0.6666666666666666,3.0,0.0,0.0,1.0,1.0986122886681096,0.23328414162000022,0.05314749511182434
7b_fixed,yelp,classic,43,1.0,0.38685280723454163,-0.6131471927654584,0.4278825725126764,0.18308349586006578,0.07073534333262343,0.7305006207590723,1.0,7.5766097669730375,0.6931471805599453,0.6625,3.0,0.0,0.0,1.0,0.6931471805599453,0.23215291102727253,0.06329714890637207
7b_fixed,yelp,classic,44,0.6309297535714575,1.0,0.36907024642854247,0.4278825725126764,0.18308349586006578,0.07073534333262343,0.7305006207590723,1.0,8.034955024502159,1.0986122886681096,0.6625,3.0,0.0,0.0,1.0,0.6931471805599453,0.2315304418404897,0.061799734623388496
7b_fixed,yelp,classic,45,0.5,0.0,-0.5,0.4278825725126764,0.18308349586006578,0.07073534333262343,0.7305006207590723,1.0,6.866933284461882,0.6931471805599453,0.6583333333333333,2.0,0.05263157894736842,0.0,1.0,0.6931471805599453,0.235832150777181,0.0860989264259311
7b_fixed,yelp,classic,46,0.5,0.0,-0.5,0.4278825725126764,0.18308349586006578,0.07073534333262343,0.7305006207590723,1.0,7.591357046698551,1.3862943611198906,0.6625,3.0,0.0,0.0,1.0,0.6931471805599453,0.21904084285100295,0.06462544059013432
7b_fixed,yelp,classic,47,1.0,1.0,0.0,0.4278825725126764,0.18308349586006578,0.07073534333262343,0.7305006207590723,1.0,8.183676582620658,1.6094379124341003,0.6666666666666666,3.0,0.0,0.0,1.0,0.6931471805599453,0.23180429538091019,0.051818829914732495
7b_fixed,yelp,classic,48,0.0,0.38685280723454163,0.38685280723454163,0.4278825725126764,0.18308349586006578,0.07073534333262343,0.7305006207590723,1.0,5.955837369464831,0.6931471805599453,0.6625,2.0,0.05263157894736842,0.0,1.0,0.6931471805599453,0.0021755218505859486,0.03456500667048195
7b_fixed,yelp,classic,49,0.43067655807339306,0.0,-0.43067655807339306,0.4278825725126764,0.18308349586006578,0.07073534333262343,0.7305006207590723,1.0,6.756932389247553,0.6931471805599453,0.6666666666666666,3.0,0.0,0.0,0.95,0.6931471805599453,0.00048894882202144,0.004719100014121801
7b_fixed,yelp,classic,50,0.38685280723454163,0.38685280723454163,0.0,0.4278825725126764,0.18308349586006578,0.07073534333262343,0.7305006207590723,1.0,7.234177179749849,1.0986122886681096,0.6666666666666666,3.0,0.0,0.0,1.0,0.6931471805599453,0.0013834297657013273,0.015837909999831704
7b_fixed,yelp,classic,51,1.0,0.0,-1.0,0.4278825725126764,0.18308349586006578,0.07073534333262343,0.7305006207590723,1.0,9.876886870738948,3.258096538021482,0.6625,3.0,0.0,0.0,1.0,0.6931471805599453,0.0016310513019561768,0.1152497055278646
7b_fixed,yelp,classic,52,0.5,0.6309297535714575,0.13092975357145753,0.4278825725126764,0.18308349586006578,0.07073534333262343,0.7305006207590723,1.0,8.640648995343156,1.9459101490553132,0.6583333333333333,3.0,0.0,0.0,1.0,0.6931471805599453,0.0021843731403351496,0.09515878998556801
7b_fixed,yelp,classic,53,0.0,0.0,0.0,0.4278825725126764,0.18308349586006578,0.07073534333262343,0.7305006207590723,1.0,7.6093665379542115,1.3862943611198906,0.6666666666666666,3.0,0.0,0.0,1.0,0.6931471805599453,0.23261072834332785,0.05255462752930128
7b_fixed,yelp,classic,54,0.6309297535714575,0.0,-0.6309297535714575,0.4278825725126764,0.18308349586006578,0.07073534333262343,0.7305006207590723,1.0,7.9420068084898565,1.9459101490553132,0.6625,2.0,0.05263157894736842,0.0,1.0,0.6931471805599453,0.003421998023986794,0.09992382673892439
7b_fixed,yelp,classic,55,0.0,0.0,0.0,0.4278825725126764,0.18308349586006578,0.07073534333262343,0.7305006207590723,1.0,6.907755278982137,1.0986122886681096,0.6666666666666666,3.0,0.0,0.0,1.0,0.6931471805599453,0.23550197084744767,0.05308769446629489
7b_fixed,yelp,classic,56,0.6309297535714575,1.0,0.36907024642854247,0.4278825725126764,0.18308349586006578,0.07073534333262343,0.7305006207590723,1.0,7.789868559054706,1.3862943611198906,0.6666666666666666,3.0,0.0,0.0,1.0,1.0986122886681096,0.23169681032498674,0.053541470214983275
7b_fixed,yelp,classic,57,0.0,0.6309297535714575,0.6309297535714575,0.4278825725126764,0.18308349586006578,0.07073534333262343,0.7305006207590723,1.0,8.636574948436317,2.302585092994046,0.6666666666666666,2.0,0.05263157894736842,0.0,1.0,0.6931471805599453,0.0017908751964569314,0.07247422653152341
7b_fixed,yelp,classic,58,0.0,0.0,0.0,0.4278825725126764,0.18308349586006578,0.07073534333262343,0.7305006207590723,1.0,8.268475388982598,2.0794415416798357,0.6666666666666666,3.0,0.0,0.0,1.0,0.6931471805599453,0.002630907297134333,0.09676911752701806
7b_fixed,yelp,classic,59,0.0,0.0,0.0,0.4278825725126764,0.18308349586006578,0.07073534333262343,0.7305006207590723,1.0,5.883322388488279,0.6931471805599453,0.6666666666666666,3.0,0.0,0.0,1.0,0.6931471805599453,0.0012216210365295632,0.005780265952920776
7b_fixed,yelp,classic,60,1.0,0.0,-1.0,0.4278825725126764,0.18308349586006578,0.07073534333262343,0.7305006207590723,1.0,9.738553945343401,2.833213344056216,0.6666666666666666,3.0,0.0,0.0,1.0,0.6931471805599453,0.0027126967906951904,0.10289117176623805
7b_fixed,yelp,classic,61,0.0,0.0,0.0,0.4278825725126764,0.18308349586006578,0.07073534333262343,0.7305006207590723,1.0,6.818924065275521,0.6931471805599453,0.6666666666666666,2.0,0.05263157894736842,0.0,1.0,0.6931471805599453,6.923675537112706e-05,0.016592543472345095
7b_fixed,yelp,classic,62,0.0,1.0,1.0,0.4278825725126764,0.18308349586006578,0.07073534333262343,0.7305006207590723,1.0,6.1903154058531475,0.6931471805599453,0.6666666666666666,3.0,0.0,0.0,1.0,0.6931471805599453,0.00032089948654173694,0.004445076521538552
7b_fixed,yelp,classic,63,0.6309297535714575,0.6309297535714575,0.0,0.4278825725126764,0.18308349586006578,0.07073534333262343,0.7305006207590723,1.0,7.440733707389261,1.3862943611198906,0.6583333333333333,3.0,0.0,0.0,1.0,0.6931471805599453,0.002809971570968628,0.07831584201595455
7b_fixed,yelp,classic,64,0.38685280723454163,0.6309297535714575,0.2440769463369159,0.4278825725126764,0.18308349586006578,0.07073534333262343,0.7305006207590723,1.0,6.881411303642535,0.6931471805599453,0.6666666666666666,3.0,0.0,0.0,1.0,0.6931471805599453,0.00039737820625307396,0.017470858224079736
7b_fixed,yelp,classic,65,1.0,0.43067655807339306,-0.5693234419266069,0.4278825725126764,0.18308349586006578,0.07073534333262343,0.7305006207590723,1.0,7.332369205929062,1.0986122886681096,0.6666666666666666,0.0,0.15789473684210525,0.05263157894736842,0.95,1.3862943611198906,0.000496226549148604,0.007609801581426249
7b_fixed,yelp,classic,66,0.43067655807339306,0.0,-0.43067655807339306,0.4278825725126764,0.18308349586006578,0.07073534333262343,0.7305006207590723,1.0,6.037870919922137,0.6931471805599453,0.6666666666666666,2.0,0.05263157894736842,0.0,1.0,0.6931471805599453,0.2439469416936238,0.05910635780632088
7b_fixed,yelp,classic,67,0.0,0.0,0.0,0.4278825725126764,0.18308349586006578,0.07073534333262343,0.7305006207590723,1.0,7.0317412587631285,0.6931471805599453,0.6625,2.0,0.15789473684210525,0.0,1.0,0.6931471805599453,0.22935745914777123,0.06383044986130922
7b_fixed,yelp,classic,68,1.0,1.0,0.0,0.4278825725126764,0.18308349586006578,0.07073534333262343,0.7305006207590723,1.0,9.259320994197804,2.302585092994046,0.6666666666666666,3.0,0.0,0.0,1.0,0.6931471805599453,0.0008121371269226296,0.09702362455415273
7b_fixed,yelp,classic,69,0.38685280723454163,0.5,0.11314719276545837,0.4278825725126764,0.18308349586006578,0.07073534333262343,0.7305006207590723,1.0,6.968850378341948,1.0986122886681096,0.6666666666666666,2.0,0.05263157894736842,0.0,1.0,0.6931471805599453,0.003010940551757768,0.006356106252084046
7b_fixed,yelp,classic,70,1.0,0.6309297535714575,-0.36907024642854247,0.4278825725126764,0.18308349586006578,0.07073534333262343,0.7305006207590723,1.0,8.742414582525413,2.0794415416798357,0.6666666666666666,3.0,0.0,0.0,1.0,0.6931471805599453,0.0075411200523376465,0.0714289068597411
7b_fixed,yelp,classic,71,0.5,0.0,-0.5,0.4278825725126764,0.18308349586006578,0.07073534333262343,0.7305006207590723,1.0,6.8966943316227125,0.6931471805599453,0.6583333333333333,3.0,0.0,0.0,1.0,0.6931471805599453,0.23561306794484455,0.06988129667602896
7b_fixed,yelp,classic,72,0.5,1.0,0.5,0.4278825725126764,0.18308349586006578,0.07073534333262343,0.7305006207590723,1.0,6.1779441140506,0.6931471805599453,0.6666666666666666,3.0,0.0,0.0,1.0,1.0986122886681096,0.0006495416164398193,0.006348522646154377
7b_fixed,yelp,classic,73,0.43067655807339306,0.38685280723454163,-0.04382375083885143,0.4278825725126764,0.18308349586006578,0.07073534333262343,0.7305006207590723,1.0,6.082218910376446,0.6931471805599453,0.6666666666666666,3.0,0.0,0.0,1.0,0.6931471805599453,0.23752119143803913,0.05900012303313272
7b_fixed,yelp,classic,74,0.0,0.0,0.0,0.4278825725126764,0.18308349586006578,0.07073534333262343,0.7305006207590723,1.0,6.525029657843462,0.6931471805599453,0.6666666666666666,2.0,0.15789473684210525,0.0,1.0,0.6931471805599453,0.2265139778455098,0.05144905109916818
7b_fixed,yelp,classic,75,0.43067655807339306,0.38685280723454163,-0.04382375083885143,0.4278825725126764,0.18308349586006578,0.07073534333262343,0.7305006207590723,1.0,6.577861357721047,1.0986122886681096,0.6666666666666666,3.0,0.0,0.0,1.0,0.6931471805599453,0.0003727912902831698,0.01593138485004524
7b_fixed,yelp,classic,76,0.0,0.5,0.5,0.4278825725126764,0.18308349586006578,0.07073534333262343,0.7305006207590723,1.0,7.534762657037537,1.6094379124341003,0.6666666666666666,2.0,0.10526315789473684,0.0,1.0,0.6931471805599453,0.0009685814380646085,0.008121220506052745
7b_fixed,yelp,classic,77,0.6309297535714575,1.0,0.36907024642854247,0.4278825725126764,0.18308349586006578,0.07073534333262343,0.7305006207590723,1.0,8.704668113450987,2.1972245773362196,0.6625,3.0,0.0,0.0,1.0,0.6931471805599453,0.23025413950284324,0.06563506391235475
7b_fixed,yelp,classic,78,0.5,0.5,0.0,0.4278825725126764,0.18308349586006578,0.07073534333262343,0.7305006207590723,1.0,6.658011045870748,0.6931471805599453,0.6666666666666666,3.0,0.0,0.0,1.0,0.6931471805599453,0.0031228423118591087,0.02193495320082538
7b_fixed,yelp,classic,79,0.38685280723454163,0.0,-0.38685280723454163,0.4278825725126764,0.18308349586006578,0.07073534333262343,0.7305006207590723,1.0,5.986452005284438,0.6931471805599453,0.6625,2.0,0.10526315789473684,0.0,1.0,0.6931471805599453,0.0002035081386566051,0.03088569685042221
7b_fixed,yelp,classic,80,0.0,0.0,0.0,0.4278825725126764,0.18308349586006578,0.07073534333262343,0.7305006207590723,1.0,7.713784616598755,1.6094379124341003,0.6666666666666666,3.0,0.0,0.0,1.0,0.6931471805599453,0.001178741455078125,0.0033300360699654408
7b_fixed,yelp,classic,81,0.0,0.43067655807339306,0.43067655807339306,0.4278825725126764,0.18308349586006578,0.07073534333262343,0.7305006207590723,1.0,9.683837890476173,2.833213344056216,0.6625,3.0,0.0,0.0,1.0,1.0986122886681096,0.0015656232833861639,0.08874772797333981
7b_fixed,yelp,classic,82,0.0,0.6309297535714575,0.6309297535714575,0.4278825725126764,0.18308349586006578,0.07073534333262343,0.7305006207590723,1.0,8.065265208897733,1.3862943611198906,0.6625,2.0,0.10526315789473684,0.0,1.0,0.6931471805599453,0.0004424929618834783,0.09248941462212196
7b_fixed,yelp,classic,83,0.0,1.0,1.0,0.4278825725126764,0.18308349586006578,0.07073534333262343,0.7305006207590723,1.0,8.101071503119543,1.9459101490553132,0.6625,2.0,0.05263157894736842,0.0,1.0,0.6931471805599453,0.0008342027664184348,0.09115396735873627
7b_fixed,yelp,classic,84,1.0,0.0,-1.0,0.4278825725126764,0.18308349586006578,0.07073534333262343,0.7305006207590723,1.0,6.0112671744041615,0.6931471805599453,0.6458333333333333,3.0,0.0,0.0,1.0,1.0986122886681096,0.0003862023353576882,0.07854270757516583
7b_fixed,yelp,classic,85,0.0,0.0,0.0,0.4278825725126764,0.18308349586006578,0.07073534333262343,0.7305006207590723,1.0,7.884952945759814,1.6094379124341003,0.6666666666666666,3.0,0.0,0.0,1.0,0.6931471805599453,0.23530380924542743,0.05282473889591085
7b_fixed,yelp,classic,86,0.38685280723454163,0.38685280723454163,0.0,0.4278825725126764,0.18308349586006578,0.07073534333262343,0.7305006207590723,1.0,5.942799375126701,0.6931471805599453,0.6666666666666666,3.0,0.0,0.0,1.0,0.6931471805599453,0.23230279286702465,0.05557565131282876
7b_fixed,yelp,classic,87,0.0,0.0,0.0,0.4278825725126764,0.18308349586006578,0.07073534333262343,0.7305006207590723,1.0,8.405367376233981,1.6094379124341003,0.6666666666666666,3.0,0.0,0.0,1.0,0.6931471805599453,0.010353827476501487,0.07632873212755543
7b_fixed,yelp,classic,88,0.5,0.5,0.0,0.4278825725126764,0.18308349586006578,0.07073534333262343,0.7305006207590723,1.0,7.4360278163518485,0.6931471805599453,0.6541666666666666,3.0,0.0,0.0,1.0,0.6931471805599453,0.22736443479855856,0.08541783337849038
7b_fixed,yelp,classic,89,0.0,0.38685280723454163,0.38685280723454163,0.4278825725126764,0.18308349586006578,0.07073534333262343,0.7305006207590723,1.0,8.68676717538769,2.639057329615259,0.6625,2.0,0.05263157894736842,0.0,1.0,0.6931471805599453,0.00016534924507149995,0.11023436589590838
7b_fixed,yelp,classic,90,0.6309297535714575,0.38685280723454163,-0.2440769463369159,0.4278825725126764,0.18308349586006578,0.07073534333262343,0.7305006207590723,1.0,5.978885764901122,0.6931471805599453,0.6666666666666666,3.0,0.0,0.0,1.0,0.6931471805599453,0.0010156810283661333,0.02021444634699285
7b_fixed,yelp,classic,91,0.0,0.0,0.0,0.4278825725126764,0.18308349586006578,0.07073534333262343,0.7305006207590723,1.0,7.719129840906732,1.3862943611198906,0.6666666666666666,2.0,0.05263157894736842,0.0,1.0,0.6931471805599453,0.024285238981247015,0.06855651609449605
7b_fixed,yelp,classic,92,0.38685280723454163,0.5,0.11314719276545837,0.4278825725126764,0.18308349586006578,0.07073534333262343,0.7305006207590723,1.0,6.018593214496234,0.6931471805599453,0.6666666666666666,3.0,0.0,0.0,1.0,1.0986122886681096,0.23147527774175003,0.05219881971384193
7b_fixed,yelp,classic,93,0.6309297535714575,0.6309297535714575,0.0,0.4278825725126764,0.18308349586006578,0.07073534333262343,0.7305006207590723,1.0,10.460786372659188,3.5553480614894135,0.6625,3.0,0.0,0.0,1.0,0.6931471805599453,0.004611557722091653,0.12471387015974282
7b_fixed,yelp,classic,94,0.6309297535714575,0.6309297535714575,0.0,0.4278825725126764,0.18308349586006578,0.07073534333262343,0.7305006207590723,1.0,8.01532730902172,1.791759469228055,0.6625,3.0,0.0,0.0,1.0,0.6931471805599453,0.011654877662658714,0.07543310943370404
7b_fixed,yelp,classic,95,0.0,0.5,0.5,0.4278825725126764,0.18308349586006578,0.07073534333262343,0.7305006207590723,1.0,6.541029999189903,0.6931471805599453,0.6666666666666666,3.0,0.0,0.0,1.0,0.6931471805599453,0.0009834766387939453,0.009096739337635005
7b_fixed,yelp,classic,96,0.0,0.38685280723454163,0.38685280723454163,0.4278825725126764,0.18308349586006578,0.07073534333262343,0.7305006207590723,1.0,7.370860166536716,1.6094379124341003,0.6666666666666666,3.0,0.0,0.0,1.0,0.6931471805599453,0.0007706880569458008,0.09368145240812005
7b_fixed,yelp,classic,97,0.0,0.0,0.0,0.4278825725126764,0.18308349586006578,0.07073534333262343,0.7305006207590723,1.0,7.1770187659099,0.6931471805599453,0.6625,3.0,0.0,0.0,1.0,0.6931471805599453,0.2379692097504933,0.06298191316679905
7b_fixed,yelp,classic,98,0.0,0.0,0.0,0.4278825725126764,0.18308349586006578,0.07073534333262343,0.7305006207590723,1.0,6.16541785423142,0.6931471805599453,0.6583333333333333,3.0,0.0,0.0,1.0,0.6931471805599453,0.010103899240493763,0.02286585261418029
7b_fixed,yelp,classic,99,0.0,0.0,0.0,0.4278825725126764,0.18308349586006578,0.07073534333262343,0.7305006207590723,1.0,8.148445666243235,1.0986122886681096,0.6541666666666666,2.0,0.05263157894736842,0.0,1.0,0.6931471805599453,0.46768240133921307,0.12389727755051669
7b_fixed,yelp,classic,100,0.38685280723454163,0.0,-0.38685280723454163,0.4278825725126764,0.18308349586006578,0.07073534333262343,0.7305006207590723,1.0,10.637080656910605,4.02535169073515,0.6666666666666666,3.0,0.0,0.0,1.0,0.6931471805599453,1.2803077697798315e-05,0.11199749421661617
7b_fixed,yelp,classic,101,0.38685280723454163,1.0,0.6131471927654584,0.4278825725126764,0.18308349586006578,0.07073534333262343,0.7305006207590723,1.0,8.255568653283746,1.6094379124341003,0.6583333333333333,3.0,0.0,0.0,1.0,0.6931471805599453,4.615187644951835e-05,0.08326722015297776
7b_fixed,yelp,classic,102,0.0,0.6309297535714575,0.6309297535714575,0.4278825725126764,0.18308349586006578,0.07073534333262343,0.7305006207590723,1.0,7.490529402060711,1.0986122886681096,0.6625,3.0,0.0,0.0,1.0,0.6931471805599453,0.2228331645329793,0.0669977619437393
7b_fixed,yelp,classic,103,0.0,0.6309297535714575,0.6309297535714575,0.4278825725126764,0.18308349586006578,0.07073534333262343,0.7305006207590723,1.0,6.249975242259483,0.6931471805599453,0.6666666666666666,3.0,0.0,0.0,1.0,0.6931471805599453,0.0038163900375366433,0.0172945110099354
7b_fixed,yelp,classic,104,0.6309297535714575,0.0,-0.6309297535714575,0.4278825725126764,0.18308349586006578,0.07073534333262343,0.7305006207590723,1.0,7.160845906664299,0.6931471805599453,0.6625,2.0,0.05263157894736842,0.0,1.0,0.6931471805599453,0.000676739215850819,0.03237608006133343
7b_fixed,yelp,classic,105,0.6309297535714575,1.0,0.36907024642854247,0.4278825725126764,0.18308349586006578,0.07073534333262343,0.7305006207590723,1.0,7.206377291472252,1.0986122886681096,0.6625,2.0,0.05263157894736842,0.0,1.0,0.6931471805599453,0.2330964763959249,0.0628566869616631
7b_fixed,yelp,classic,106,0.0,0.0,0.0,0.4278825725126764,0.18308349586006578,0.07073534333262343,0.7305006207590723,1.0,9.633710883953182,3.1780538303479458,0.6625,3.0,0.0,0.0,1.0,0.6931471805599453,0.0012180626392365168,0.11941723238191045
7b_fixed,yelp,classic,107,0.43067655807339306,1.0,0.5693234419266069,0.4278825725126764,0.18308349586006578,0.07073534333262343,0.7305006207590723,1.0,10.576406515249081,4.672828834461906,0.6625,3.0,0.0,0.0,1.0,0.6931471805599453,0.0004967451095581055,0.10515724758029184
7b_fixed,yelp,classic,108,1.0,1.0,0.0,0.4278825725126764,0.18308349586006578,0.07073534333262343,0.7305006207590723,1.0,6.949856455000773,0.6931471805599453,0.6666666666666666,3.0,0.0,0.0,1.0,0.6931471805599453,0.001588708162307717,0.010000081979801782
7b_fixed,yelp,classic,109,1.0,1.0,0.0,0.4278825725126764,0.18308349586006578,0.07073534333262343,0.7305006207590723,1.0,6.175867270105761,0.6931471805599453,0.6625,3.0,0.0,0.0,1.0,0.6931471805599453,0.2326066156228383,0.0681855088800083
7b_fixed,yelp,classic,110,0.6309297535714575,0.6309297535714575,0.0,0.4278825725126764,0.18308349586006578,0.07073534333262343,0.7305006207590723,1.0,7.075808863978387,0.6931471805599453,0.6666666666666666,3.0,0.0,0.0,1.0,0.6931471805599453,0.0005180239677429199,0.00790330239177481
7b_fixed,yelp,classic,111,0.0,0.38685280723454163,0.38685280723454163,0.4278825725126764,0.18308349586006578,0.07073534333262343,0.7305006207590723,1.0,6.486160788944089,0.6931471805599453,0.6666666666666666,3.0,0.0,0.0,1.0,0.6931471805599453,0.0017508029937743919,0.009463214514448245
7b_fixed,yelp,classic,112,0.6309297535714575,0.5,-0.13092975357145753,0.4278825725126764,0.18308349586006578,0.07073534333262343,0.7305006207590723,1.0,6.07073772800249,0.6931471805599453,0.6666666666666666,3.0,0.0,0.0,1.0,0.6931471805599453,0.0005533039569854403,0.009322546235682315
7b_fixed,yelp,classic,113,0.6309297535714575,0.5,-0.13092975357145753,0.4278825725126764,0.18308349586006578,0.07073534333262343,0.7305006207590723,1.0,9.874058741845316,3.1354942159291497,0.6583333333333333,2.0,0.05263157894736842,0.0,1.0,0.6931471805599453,0.0022427916526793767,0.12459006858765967
7b_fixed,yelp,classic,114,0.0,0.0,0.0,0.4278825725126764,0.18308349586006578,0.07073534333262343,0.7305006207590723,1.0,6.92951677076365,1.0986122886681096,0.6666666666666666,3.0,0.0,0.0,1.0,0.6931471805599453,0.23193339904149368,0.05358957919735323
7b_fixed,yelp,classic,115,0.0,0.0,0.0,0.4278825725126764,0.18308349586006578,0.07073534333262343,0.7305006207590723,1.0,7.611842399580417,1.3862943611198906,0.6625,2.0,0.05263157894736842,0.0,1.0,0.6931471805599453,0.19233864744504287,0.053742973421317466
7b_fixed,yelp,classic,116,0.6309297535714575,1.0,0.36907024642854247,0.4278825725126764,0.18308349586006578,0.07073534333262343,0.7305006207590723,1.0,10.647018864320016,3.7376696182833684,0.6666666666666666,2.0,0.05263157894736842,0.0,1.0,0.6931471805599453,0.001001948118209861,0.11648752761242216
7b_fixed,yelp,classic,117,1.0,0.0,-1.0,0.4278825725126764,0.18308349586006578,0.07073534333262343,0.7305006207590723,1.0,9.049114723476961,2.5649493574615367,0.6583333333333333,3.0,0.0,0.0,1.0,0.6931471805599453,0.0012030601501464844,0.11966001688923845
7b_fixed,yelp,classic,118,0.43067655807339306,0.0,-0.43067655807339306,0.4278825725126764,0.18308349586006578,0.07073534333262343,0.7305006207590723,1.0,9.311451873344595,2.639057329615259,0.6666666666666666,3.0,0.0,0.0,1.0,0.6931471805599453,0.007201123237609797,0.08437713044277818
7b_fixed,yelp,classic,119,0.0,0.38685280723454163,0.38685280723454163,0.4278825725126764,0.18308349586006578,0.07073534333262343,0.7305006207590723,1.0,6.890609120147166,1.0986122886681096,0.6541666666666666,3.0,0.0,0.0,1.0,0.6931471805599453,0.23818704088528952,0.08209903383487704
7b_fixed,yelp,classic,120,0.0,0.0,0.0,0.4278825725126764,0.18308349586006578,0.07073534333262343,0.7305006207590723,1.0,9.254357257392957,3.091042453358316,0.6583333333333333,2.0,0.05263157894736842,0.0,1.0,0.6931471805599453,0.011078613996505782,0.09366463794812965
7b_fixed,yelp,classic,121,0.6309297535714575,0.5,-0.13092975357145753,0.4278825725126764,0.18308349586006578,0.07073534333262343,0.7305006207590723,1.0,8.471358655072438,1.9459101490553132,0.6625,3.0,0.0,0.0,1.0,0.6931471805599453,0.0019014358520507146,0.08321759805487794
7b_fixed,yelp,classic,122,1.0,0.0,-1.0,0.4278825725126764,0.18308349586006578,0.07073534333262343,0.7305006207590723,1.0,9.226213721132472,2.302585092994046,0.6666666666666666,3.0,0.0,0.0,1.0,0.6931471805599453,0.2271766622861226,0.050631610151685165
7b_fixed,yelp,classic,123,1.0,1.0,0.0,0.4278825725126764,0.18308349586006578,0.07073534333262343,0.7305006207590723,1.0,6.895682697747868,1.0986122886681096,0.6583333333333333,2.0,0.05263157894736842,0.0,1.0,0.6931471805599453,0.0013323426246643066,0.04951824388697534
7b_fixed,yelp,classic,124,1.0,0.5,-0.5,0.4278825725126764,0.18308349586006578,0.07073534333262343,0.7305006207590723,1.0,8.293049139768444,1.6094379124341003,0.6666666666666666,3.0,0.0,0.0,1.0,0.6931471805599453,0.2377872129281362,0.11333876481410883
7b_fixed,yelp,classic,125,0.0,1.0,1.0,0.4278825725126764,0.18308349586006578,0.07073534333262343,0.7305006207590723,1.0,7.962763930168115,1.6094379124341003,0.6666666666666666,2.0,0.05263157894736842,0.0,1.0,0.6931471805599453,0.23517990907033282,0.12601379202369747
7b_fixed,yelp,classic,126,0.6309297535714575,1.0,0.36907024642854247,0.4278825725126764,0.18308349586006578,0.07073534333262343,0.7305006207590723,1.0,5.872117789475416,0.6931471805599453,0.6666666666666666,3.0,0.0,0.0,1.0,0.6931471805599453,0.010086554288864125,0.009216457910952007
7b_fixed,yelp,classic,127,0.0,0.43067655807339306,0.43067655807339306,0.4278825725126764,0.18308349586006578,0.07073534333262343,0.7305006207590723,1.0,10.594081476308356,4.6443908991413725,0.6625,2.0,0.05263157894736842,0.0,1.0,0.6931471805599453,0.0025735795497894287,0.1242877629547956
7b_fixed,yelp,classic,128,0.0,0.5,0.5,0.4278825725126764,0.18308349586006578,0.07073534333262343,0.7305006207590723,1.0,7.028201432058005,1.0986122886681096,0.6666666666666666,3.0,0.0,0.0,1.0,0.6931471805599453,0.22012477715810141,0.0520040845811893
7b_fixed,yelp,classic,129,0.38685280723454163,1.0,0.6131471927654584,0.4278825725126764,0.18308349586006578,0.07073534333262343,0.7305006207590723,1.0,7.22983877815125,0.6931471805599453,0.6625,3.0,0.0,0.0,1.0,0.6931471805599453,0.002309507131576516,0.026348254634642222
7b_fixed,yelp,classic,130,0.6309297535714575,0.6309297535714575,0.0,0.4278825725126764,0.18308349586006578,0.07073534333262343,0.7305006207590723,1.0,6.126869184114185,0.6931471805599453,0.6666666666666666,3.0,0.0,0.0,1.0,0.6931471805599453,0.0032307028770446333,0.010527226168596217
7b_fixed,yelp,classic,131,0.38685280723454163,0.38685280723454163,0.0,0.4278825725126764,0.18308349586006578,0.07073534333262343,0.7305006207590723,1.0,9.48524111006323,2.3978952727983707,0.6666666666666666,3.0,0.0,0.0,1.0,0.6931471805599453,0.0014508783817290816,0.11073114226244597
7b_fixed,yelp,classic,132,0.6309297535714575,0.38685280723454163,-0.2440769463369159,0.4278825725126764,0.18308349586006578,0.07073534333262343,0.7305006207590723,1.0,8.351846738828245,1.9459101490553132,0.6666666666666666,3.0,0.0,0.0,1.0,0.6931471805599453,0.0012799501419067383,0.10199132874556492
7b_fixed,yelp,classic,133,1.0,1.0,0.0,0.4278825725126764,0.18308349586006578,0.07073534333262343,0.7305006207590723,1.0,7.842278779117352,1.3862943611198906,0.6625,3.0,0.0,0.0,1.0,0.6931471805599453,0.2299055775006612,0.061406673515117874
7b_fixed,yelp,classic,134,0.6309297535714575,0.0,-0.6309297535714575,0.4278825725126764,0.18308349586006578,0.07073534333262343,0.7305006207590723,1.0,7.579167967396076,1.0986122886681096,0.6625,3.0,0.0,0.0,1.0,0.6931471805599453,0.0007506966590881126,0.046970055415932105
7b_fixed,yelp,classic,135,0.38685280723454163,0.43067655807339306,0.04382375083885143,0.4278825725126764,0.18308349586006578,0.07073534333262343,0.7305006207590723,1.0,5.921578419643816,0.6931471805599453,0.6666666666666666,3.0,0.0,0.0,1.0,1.0986122886681096,0.0003738999366760254,0.011394982025465236
7b_fixed,yelp,classic,136,1.0,0.43067655807339306,-0.5693234419266069,0.4278825725126764,0.18308349586006578,0.07073534333262343,0.7305006207590723,1.0,7.791935956938058,1.791759469228055,0.6666666666666666,3.0,0.0,0.0,1.0,0.6931471805599453,0.00030487775802612305,0.09357539807432538
7b_fixed,yelp,classic,137,0.0,0.43067655807339306,0.43067655807339306,0.4278825725126764,0.18308349586006578,0.07073534333262343,0.7305006207590723,1.0,6.0063531596017325,0.6931471805599453,0.6666666666666666,2.0,0.05263157894736842,0.0,1.0,0.6931471805599453,0.0011462330818176047,0.01774426928926737
7b_fixed,yelp,classic,138,0.0,0.0,0.0,0.4278825725126764,0.18308349586006578,0.07073534333262343,0.7305006207590723,1.0,9.13259502335133,2.3978952727983707,0.6625,3.0,0.0,0.0,1.0,0.6931471805599453,0.22948296864827472,0.06085400095124069
7b_fixed,yelp,classic,139,1.0,0.6309297535714575,-0.36907024642854247,0.4278825725126764,0.18308349586006578,0.07073534333262343,0.7305006207590723,1.0,9.688126141663973,3.1780538303479458,0.6666666666666666,3.0,0.0,0.0,1.0,0.6931471805599453,0.0015943229198455144,0.11245510053200275
7b_fixed,yelp,classic,140,0.0,0.0,0.0,0.4278825725126764,0.18308349586006578,0.07073534333262343,0.7305006207590723,1.0,9.080003870248179,2.5649493574615367,0.6666666666666666,3.0,0.0,0.0,1.0,0.6931471805599453,0.0001478433609009011,0.01575152105568672
7b_fixed,yelp,classic,141,0.0,0.0,0.0,0.4278825725126764,0.18308349586006578,0.07073534333262343,0.7305006207590723,1.0,10.653936192260108,4.672828834461906,0.6541666666666666,3.0,0.0,0.0,1.0,0.6931471805599453,0.0009234488010406716,0.12103796372174137
7b_fixed,yelp,classic,142,0.0,0.0,0.0,0.4278825725126764,0.18308349586006578,0.07073534333262343,0.7305006207590723,1.0,5.908082938168931,0.6931471805599453,0.6666666666666666,2.0,0.10526315789473684,0.0,1.0,0.6931471805599453,0.0002655029296874667,0.008239202127861138
7b_fixed,yelp,classic,143,0.5,1.0,0.5,0.4278825725126764,0.18308349586006578,0.07073534333262343,0.7305006207590723,1.0,6.393590753950631,0.6931471805599453,0.6666666666666666,2.0,0.05263157894736842,0.0,1.0,0.6931471805599453,0.0024878025054931863,0.011078546477829203
7b_fixed,yelp,classic,144,1.0,0.5,-0.5,0.4278825725126764,0.18308349586006578,0.07073534333262343,0.7305006207590723,1.0,6.576469569048224,0.6931471805599453,0.6666666666666666,3.0,0.0,0.0,1.0,0.6931471805599453,0.008816027641296409,0.07577401904455085
7b_fixed,yelp,classic,145,0.0,0.5,0.5,0.4278825725126764,0.18308349586006578,0.07073534333262343,0.7305006207590723,1.0,7.5766097669730375,1.0986122886681096,0.6625,3.0,0.0,0.0,1.0,0.6931471805599453,0.0020430207252502552,0.030812263760848158
7b_fixed,yelp,classic,146,0.0,0.38685280723454163,0.38685280723454163,0.4278825725126764,0.18308349586006578,0.07073534333262343,0.7305006207590723,1.0,6.580639137284949,1.0986122886681096,0.6666666666666666,2.0,0.05263157894736842,0.0,1.0,0.6931471805599453,0.00028334856033324085,0.01519942833929288
7b_fixed,yelp,classic,147,0.43067655807339306,0.5,0.06932344192660694,0.4278825725126764,0.18308349586006578,0.07073534333262343,0.7305006207590723,1.0,7.080867896690782,1.3862943611198906,0.6625,3.0,0.0,0.0,1.0,0.6931471805599453,0.2328390558560689,0.06366280409230744
7b_fixed,yelp,classic,148,0.0,1.0,1.0,0.4278825725126764,0.18308349586006578,0.07073534333262343,0.7305006207590723,1.0,8.203304026795282,2.0794415416798357,0.6625,3.0,0.0,0.0,1.0,0.6931471805599453,0.0028388857841491477,0.0901673214308071
7b_fixed,yelp,classic,149,0.6309297535714575,0.5,-0.13092975357145753,0.4278825725126764,0.18308349586006578,0.07073534333262343,0.7305006207590723,1.0,8.495356496807062,2.302585092994046,0.6666666666666666,3.0,0.0,0.0,1.0,0.6931471805599453,0.0008373320102691428,0.09552138811028836
7b_fixed,yelp,classic,150,0.0,0.0,0.0,0.4278825725126764,0.18308349586006578,0.07073534333262343,0.7305006207590723,1.0,8.62622695244036,2.0794415416798357,0.6666666666666666,3.0,0.0,0.0,1.0,0.6931471805599453,0.00045002102851865455,0.07529213594180938
7b_fixed,yelp,classic,151,0.43067655807339306,0.43067655807339306,0.0,0.4278825725126764,0.18308349586006578,0.07073534333262343,0.7305006207590723,1.0,7.038783541388542,1.0986122886681096,0.6666666666666666,2.0,0.05263157894736842,0.0,1.0,0.6931471805599453,0.0011031568050383633,0.07064727554583283
7b_fixed,yelp,classic,152,0.43067655807339306,1.0,0.5693234419266069,0.4278825725126764,0.18308349586006578,0.07073534333262343,0.7305006207590723,1.0,9.945732534129874,3.091042453358316,0.6625,2.0,0.05263157894736842,0.0,1.0,0.6931471805599453,0.22587809761365252,0.06159072928776315
7b_fixed,yelp,classic,153,0.0,0.0,0.0,0.4278825725126764,0.18308349586006578,0.07073534333262343,0.7305006207590723,1.0,6.731018100482083,1.0986122886681096,0.6666666666666666,3.0,0.0,0.0,1.0,0.6931471805599453,0.2362163146336873,0.058385338181849565
7b_fixed,yelp,classic,154,0.0,0.0,0.0,0.4278825725126764,0.18308349586006578,0.07073534333262343,0.7305006207590723,1.0,7.389563953677635,1.0986122886681096,0.6666666666666666,3.0,0.0,0.0,1.0,0.6931471805599453,0.0006788134574889915,0.006599476587136393
7b_fixed,yelp,classic,155,0.43067655807339306,0.38685280723454163,-0.04382375083885143,0.4278825725126764,0.18308349586006578,0.07073534333262343,0.7305006207590723,1.0,10.237492462093485,3.828641396489095,0.6583333333333333,3.0,0.0,0.0,1.0,0.6931471805599453,0.00013988614082338646,0.10767912348142894
7b_fixed,yelp,classic,156,0.6309297535714575,0.6309297535714575,0.0,0.4278825725126764,0.18308349586006578,0.07073534333262343,0.7305006207590723,1.0,10.558595321930772,4.143134726391533,0.6541666666666666,3.0,0.0,0.0,1.0,0.6931471805599453,0.09328815539677937,0.047054326552966215
7b_fixed,yelp,classic,157,0.6309297535714575,0.0,-0.6309297535714575,0.4278825725126764,0.18308349586006578,0.07073534333262343,0.7305006207590723,1.0,7.168579897264035,1.3862943611198906,0.6666666666666666,3.0,0.0,0.0,1.0,1.0986122886681096,0.2305996974309285,0.05832888367438554
7b_fixed,yelp,classic,158,0.0,0.6309297535714575,0.6309297535714575,0.4278825725126764,0.18308349586006578,0.07073534333262343,0.7305006207590723,1.0,5.963579343618446,0.6931471805599453,0.6583333333333333,2.0,0.05263157894736842,0.0,1.0,0.6931471805599453,0.00101543068885801,0.10213513315152027
7b_fixed,yelp,classic,159,1.0,1.0,0.0,0.4278825725126764,0.18308349586006578,0.07073534333262343,0.7305006207590723,1.0,7.505492274737424,1.0986122886681096,0.6666666666666666,3.0,0.0,0.0,1.0,0.6931471805599453,0.21798503597577412,0.05221834148022838
7b_fixed,yelp,classic,160,1.0,1.0,0.0,0.4278825725126764,0.18308349586006578,0.07073534333262343,0.7305006207590723,1.0,6.18826412308259,0.6931471805599453,0.6625,3.0,0.0,0.0,1.0,0.6931471805599453,0.013470983505249001,0.10226918716189551
7b_fixed,yelp,classic,161,0.0,0.0,0.0,0.4278825725126764,0.18308349586006578,0.07073534333262343,0.7305006207590723,1.0,9.3350328159335,2.1972245773362196,0.6666666666666666,3.0,0.0,0.0,1.0,0.6931471805599453,0.001488697528839067,0.09544907826839824
7b_fixed,yelp,classic,162,0.0,0.0,0.0,0.4278825725126764,0.18308349586006578,0.07073534333262343,0.7305006207590723,1.0,8.142354276849835,1.6094379124341003,0.6625,2.0,0.15789473684210525,0.0,1.0,0.6931471805599453,0.2289403220017751,0.060396742749799455
7b_fixed,yelp,classic,163,0.6309297535714575,0.6309297535714575,0.0,0.4278825725126764,0.18308349586006578,0.07073534333262343,0.7305006207590723,1.0,8.185628891147607,1.6094379124341003,0.6625,3.0,0.0,0.0,1.0,0.6931471805599453,0.0012410938739776944,0.04127276665330809
7b_fixed,yelp,classic,164,1.0,0.0,-1.0,0.4278825725126764,0.18308349586006578,0.07073534333262343,0.7305006207590723,1.0,6.854354502255021,1.0986122886681096,0.6666666666666666,3.0,0.0,0.0,1.0,0.6931471805599453,0.0011221468448638916,0.0056699120716682625
7b_fixed,yelp,classic,165,0.0,0.5,0.5,0.4278825725126764,0.18308349586006578,0.07073534333262343,0.7305006207590723,1.0,7.1180162044653335,1.0986122886681096,0.6666666666666666,3.0,0.0,0.0,1.0,0.6931471805599453,4.273653030395508e-05,0.00536932738381658
7b_fixed,yelp,classic,166,0.0,0.0,0.0,0.4278825725126764,0.18308349586006578,0.07073534333262343,0.7305006207590723,1.0,6.522092798170152,0.6931471805599453,0.6666666666666666,3.0,0.0,0.0,1.0,0.6931471805599453,0.261720206340154,0.06153521490642154
7b_fixed,yelp,classic,167,0.6309297535714575,0.0,-0.6309297535714575,0.4278825725126764,0.18308349586006578,0.07073534333262343,0.7305006207590723,1.0,6.812345094177479,1.0986122886681096,0.6666666666666666,3.0,0.0,0.0,1.0,0.6931471805599453,0.23054456909497584,0.05475467974814659
7b_fixed,yelp,classic,168,0.43067655807339306,0.6309297535714575,0.20025319549806447,0.4278825725126764,0.18308349586006578,0.07073534333262343,0.7305006207590723,1.0,8.610319169405722,2.302585092994046,0.6625,3.0,0.0,0.0,1.0,0.6931471805599453,0.0005999386310577282,0.029419390887249246
7b_fixed,yelp,classic,169,0.0,0.0,0.0,0.4278825725126764,0.18308349586006578,0.07073534333262343,0.7305006207590723,1.0,7.020190708311925,0.6931471805599453,0.6583333333333333,3.0,0.0,0.0,1.0,0.6931471805599453,0.23463669021924338,0.08440523046589518
7b_fixed,yelp,classic,170,0.5,0.43067655807339306,-0.06932344192660694,0.4278825725126764,0.18308349586006578,0.07073534333262343,0.7305006207590723,1.0,9.149953221961088,2.3978952727983707,0.6625,2.0,0.10526315789473684,0.0,1.0,1.0986122886681096,0.0009142398834228738,0.09692811328144793
7b_fixed,yelp,classic,171,0.0,0.0,0.0,0.4278825725126764,0.18308349586006578,0.07073534333262343,0.7305006207590723,1.0,10.152766577454964,2.833213344056216,0.6625,2.0,0.05263157894736842,0.0,1.0,1.0986122886681096,0.23218105634053543,0.05954755015348846
7b_fixed,yelp,classic,172,0.0,0.6309297535714575,0.6309297535714575,0.4278825725126764,0.18308349586006578,0.07073534333262343,0.7305006207590723,1.0,6.171700597410915,0.6931471805599453,0.6625,3.0,0.0,0.0,1.0,0.6931471805599453,2.3943185806285516e-05,0.02524798223068893
7b_fixed,yelp,classic,173,0.0,0.0,0.0,0.4278825725126764,0.18308349586006578,0.07073534333262343,0.7305006207590723,1.0,9.795568210316635,3.091042453358316,0.6666666666666666,3.0,0.0,0.0,1.0,0.6931471805599453,0.0001749873161316362,0.11075440599313563
7b_fixed,yelp,classic,174,0.6309297535714575,0.0,-0.6309297535714575,0.4278825725126764,0.18308349586006578,0.07073534333262343,0.7305006207590723,1.0,7.268920128193722,0.6931471805599453,0.6666666666666666,3.0,0.0,0.0,1.0,1.0986122886681096,0.0006307840347289928,0.005969582800109655
7b_fixed,yelp,classic,175,1.0,0.5,-0.5,0.4278825725126764,0.18308349586006578,0.07073534333262343,0.7305006207590723,1.0,6.78897174299217,0.6931471805599453,0.6541666666666666,2.0,0.10526315789473684,0.0,1.0,0.6931471805599453,0.003050512075424172,0.058000754253529296
7b_fixed,yelp,classic,176,0.6309297535714575,1.0,0.36907024642854247,0.4278825725126764,0.18308349586006578,0.07073534333262343,0.7305006207590723,1.0,6.336825731146441,0.6931471805599453,0.6666666666666666,3.0,0.0,0.0,1.0,0.6931471805599453,0.020840495824813843,0.09191657850151747
7b_fixed,yelp,classic,177,1.0,0.6309297535714575,-0.36907024642854247,0.4278825725126764,0.18308349586006578,0.07073534333262343,0.7305006207590723,1.0,6.173786103901937,0.6931471805599453,0.6666666666666666,3.0,0.0,0.0,1.0,0.6931471805599453,0.00481254458427427,0.07185090810771391
7b_fixed,yelp,classic,178,0.0,0.0,0.0,0.4278825725126764,0.18308349586006578,0.07073534333262343,0.7305006207590723,1.0,7.323170717943469,1.3862943611198906,0.6666666666666666,3.0,0.0,0.0,1.0,0.6931471805599453,0.19560858209927873,0.04653081798898777
7b_fixed,yelp,classic,179,0.6309297535714575,0.6309297535714575,0.0,0.4278825725126764,0.18308349586006578,0.07073534333262343,0.7305006207590723,1.0,6.35088571671474,0.6931471805599453,0.6666666666666666,2.0,0.05263157894736842,0.0,1.0,0.6931471805599453,0.23126370509465538,0.05441719958710433
7b_fixed,yelp,classic,180,0.0,0.0,0.0,0.4278825725126764,0.18308349586006578,0.07073534333262343,0.7305006207590723,1.0,9.557964480394498,2.302585092994046,0.6666666666666666,2.0,0.05263157894736842,0.0,1.0,0.6931471805599453,0.00041642189025870024,0.10282266579662298
7b_fixed,yelp,classic,181,0.38685280723454163,0.0,-0.38685280723454163,0.4278825725126764,0.18308349586006578,0.07073534333262343,0.7305006207590723,1.0,5.91350300563827,0.6931471805599453,0.6666666666666666,3.0,0.0,0.0,1.0,0.6931471805599453,0.004135644435882602,0.013660870100830289
7b_fixed,yelp,classic,182,0.0,0.0,0.0,0.4278825725126764,0.18308349586006578,0.07073534333262343,0.7305006207590723,1.0,8.241966560231802,2.0794415416798357,0.6666666666666666,3.0,0.0,0.0,1.0,0.6931471805599453,0.003166687488555864,0.10073359543324534
7b_fixed,yelp,classic,183,0.38685280723454163,1.0,0.6131471927654584,0.4278825725126764,0.18308349586006578,0.07073534333262343,0.7305006207590723,1.0,6.486160788944089,0.6931471805599453,0.6666666666666666,3.0,0.0,0.0,1.0,0.6931471805599453,0.0013387262821197843,0.015896306024210004
7b_fixed,yelp,classic,184,0.6309297535714575,1.0,0.36907024642854247,0.4278825725126764,0.18308349586006578,0.07073534333262343,0.7305006207590723,1.0,8.776630098427717,1.9459101490553132,0.6666666666666666,3.0,0.0,0.0,1.0,0.6931471805599453,0.0014403462409973145,0.09423630503085867
7b_fixed,yelp,classic,185,0.0,0.0,0.0,0.4278825725126764,0.18308349586006578,0.07073534333262343,0.7305006207590723,1.0,8.402231172946555,2.0794415416798357,0.6583333333333333,3.0,0.0,0.0,1.0,0.6931471805599453,0.019999533891677856,0.09891758134294572
7b_fixed,yelp,classic,186,0.43067655807339306,0.0,-0.43067655807339306,0.4278825725126764,0.18308349586006578,0.07073534333262343,0.7305006207590723,1.0,7.027314514039777,0.6931471805599453,0.6625,3.0,0.0,0.0,1.0,0.6931471805599453,0.2308123966058095,0.06569300691392205
7b_fixed,yelp,classic,187,0.38685280723454163,0.0,-0.38685280723454163,0.4278825725126764,0.18308349586006578,0.07073534333262343,0.7305006207590723,1.0,6.71174039505618,0.6931471805599453,0.6666666666666666,3.0,0.0,0.0,1.0,0.6931471805599453,0.0014409005641937145,0.009018542709701895
7b_fixed,yelp,classic,188,0.0,0.0,0.0,0.4278825725126764,0.18308349586006578,0.07073534333262343,0.7305006207590723,1.0,9.52806656577634,3.2188758248682006,0.6625,2.0,0.05263157894736842,0.0,1.0,0.6931471805599453,0.00023410320281980201,0.11410949642016392
7b_fixed,yelp,classic,189,1.0,0.0,-1.0,0.4278825725126764,0.18308349586006578,0.07073534333262343,0.7305006207590723,1.0,8.039802343736485,1.3862943611198906,0.6625,3.0,0.0,0.0,1.0,0.6931471805599453,0.0006196618080139826,0.1057128474059771
7b_fixed,yelp,classic,190,0.0,1.0,1.0,0.4278825725126764,0.18308349586006578,0.07073534333262343,0.7305006207590723,1.0,6.784457062637643,0.6931471805599453,0.6583333333333333,3.0,0.0,0.0,1.0,0.6931471805599453,0.2628314097722372,0.08013918781111516
7b_fixed,yelp,classic,191,0.0,1.0,1.0,0.4278825725126764,0.18308349586006578,0.07073534333262343,0.7305006207590723,1.0,8.990566138131577,2.5649493574615367,0.6625,2.0,0.05263157894736842,0.0,1.0,0.6931471805599453,0.0023030161857605647,0.09008997501389523
7b_fixed,yelp,classic,192,0.6309297535714575,0.0,-0.6309297535714575,0.4278825725126764,0.18308349586006578,0.07073534333262343,0.7305006207590723,1.0,7.122059881629142,0.6931471805599453,0.6666666666666666,3.0,0.0,0.0,1.0,0.6931471805599453,0.2303942759831747,0.05316842824798492
7b_fixed,yelp,classic,193,0.43067655807339306,0.43067655807339306,0.0,0.4278825725126764,0.18308349586006578,0.07073534333262343,0.7305006207590723,1.0,8.764053269347762,2.1972245773362196,0.6625,3.0,0.0,0.0,1.0,0.6931471805599453,7.5280666350652226e-06,0.10769369239422952
7b_fixed,yelp,classic,194,0.5,0.38685280723454163,-0.11314719276545837,0.4278825725126764,0.18308349586006578,0.07073534333262343,0.7305006207590723,1.0,6.297109319933935,0.6931471805599453,0.6625,3.0,0.0,0.0,1.0,0.6931471805599453,0.0018028020858764648,0.03460837813637896
7b_fixed,yelp,classic,195,0.38685280723454163,0.43067655807339306,0.04382375083885143,0.4278825725126764,0.18308349586006578,0.07073534333262343,0.7305006207590723,1.0,6.091309882077698,0.6931471805599453,0.6666666666666666,3.0,0.0,0.0,1.0,0.6931471805599453,0.2362324794133504,0.05632935274910324
7b_fixed,yelp,classic,196,0.5,0.5,0.0,0.4278825725126764,0.18308349586006578,0.07073534333262343,0.7305006207590723,1.0,7.857867559331803,1.791759469228055,0.6666666666666666,3.0,0.0,0.0,1.0,1.0986122886681096,0.0044511616230011875,0.08787464693263451
7b_fixed,yelp,classic,197,0.0,0.6309297535714575,0.6309297535714575,0.4278825725126764,0.18308349586006578,0.07073534333262343,0.7305006207590723,1.0,7.615791072035833,0.6931471805599453,0.6666666666666666,3.0,0.0,0.0,1.0,0.6931471805599453,0.21973810990651443,0.05221366334133132
7b_fixed,yelp,classic,198,0.6309297535714575,0.0,-0.6309297535714575,0.4278825725126764,0.18308349586006578,0.07073534333262343,0.7305006207590723,1.0,6.013715156042802,0.6931471805599453,0.6625,3.0,0.0,0.0,1.0,0.6931471805599453,0.22559533913930258,0.06784980914864569
7b_fixed,yelp,classic,199,0.43067655807339306,0.0,-0.43067655807339306,0.4278825725126764,0.18308349586006578,0.07073534333262343,0.7305006207590723,1.0,8.247220052745229,1.791759469228055,0.6666666666666666,3.0,0.0,0.0,1.0,0.6931471805599453,0.0008442521095275435,0.10126326743505619
7b_fixed,yelp,classic,200,0.6309297535714575,0.5,-0.13092975357145753,0.4278825725126764,0.18308349586006578,0.07073534333262343,0.7305006207590723,1.0,6.660575149839686,0.6931471805599453,0.6666666666666666,2.0,0.05263157894736842,0.0,1.0,0.6931471805599453,0.24276131590207417,0.054126668877856526
7b_fixed,yelp,classic,201,0.38685280723454163,0.38685280723454163,0.0,0.4278825725126764,0.18308349586006578,0.07073534333262343,0.7305006207590723,1.0,7.571473648851271,1.3862943611198906,0.6625,3.0,0.0,0.0,1.0,0.6931471805599453,0.002728843688964866,0.027490328878173445
7b_fixed,yelp,classic,202,0.0,0.0,0.0,0.4278825725126764,0.18308349586006578,0.07073534333262343,0.7305006207590723,1.0,9.677527538712344,3.091042453358316,0.6666666666666666,3.0,0.0,0.0,1.0,0.6931471805599453,0.23424980839093523,0.13763186141552944
7b_fixed,yelp,classic,203,0.0,0.0,0.0,0.4278825725126764,0.18308349586006578,0.07073534333262343,0.7305006207590723,1.0,7.316548177182976,0.6931471805599453,0.6666666666666666,3.0,0.0,0.0,1.0,0.6931471805599453,0.007130259275436424,0.07465600500466124
7b_fixed,yelp,classic,204,0.0,1.0,1.0,0.4278825725126764,0.18308349586006578,0.07073534333262343,0.7305006207590723,1.0,6.517671272912275,0.6931471805599453,0.6541666666666666,2.0,0.05263157894736842,0.0,1.0,0.6931471805599453,0.23048976262410475,0.08047307215308448
7b_fixed,yelp,classic,205,0.6309297535714575,0.5,-0.13092975357145753,0.4278825725126764,0.18308349586006578,0.07073534333262343,0.7305006207590723,1.0,6.61338421837956,0.6931471805599453,0.6625,2.0,0.05263157894736842,0.0,1.0,0.6931471805599453,0.23058566053708396,0.06523374823082442
7b_fixed,yelp,classic,206,0.6309297535714575,0.5,-0.13092975357145753,0.4278825725126764,0.18308349586006578,0.07073534333262343,0.7305006207590723,1.0,6.3835066348840055,0.6931471805599453,0.6666666666666666,3.0,0.0,0.0,1.0,0.6931471805599453,0.23155052264531456,0.052876520669186515
7b_fixed,yelp,classic,207,0.0,0.38685280723454163,0.38685280723454163,0.4278825725126764,0.18308349586006578,0.07073534333262343,0.7305006207590723,1.0,9.038602608721874,2.0794415416798357,0.6666666666666666,3.0,0.0,0.0,1.0,0.6931471805599453,0.2291262706120809,0.05647293254271161
7b_fixed,yelp,classic,208,0.6309297535714575,0.0,-0.6309297535714575,0.4278825725126764,0.18308349586006578,0.07073534333262343,0.7305006207590723,1.0,8.285513309079741,1.791759469228055,0.6666666666666666,2.0,0.05263157894736842,0.0,1.0,0.6931471805599453,0.001732242107391424,0.08703397382579729
7b_fixed,yelp,classic,209,1.0,1.0,0.0,0.4278825725126764,0.18308349586006578,0.07073534333262343,0.7305006207590723,1.0,6.222576268071369,0.6931471805599453,0.6666666666666666,3.0,0.0,0.0,1.0,0.6931471805599453,7.597804069520153e-05,0.01737778808497965
7b_fixed,yelp,classic,210,0.38685280723454163,0.0,-0.38685280723454163,0.4278825725126764,0.18308349586006578,0.07073534333262343,0.7305006207590723,1.0,8.515591910049263,1.6094379124341003,0.6666666666666666,3.0,0.0,0.0,1.0,0.6931471805599453,0.22910525997479753,0.05514875684042647
7b_fixed,yelp,classic,211,0.0,1.0,1.0,0.4278825725126764,0.18308349586006578,0.07073534333262343,0.7305006207590723,1.0,7.43307534889858,1.0986122886681096,0.6625,3.0,0.0,0.0,1.0,0.6931471805599453,0.0016034424304961492,0.08672998817301916
7b_fixed,yelp,classic,212,0.38685280723454163,0.38685280723454163,0.0,0.4278825725126764,0.18308349586006578,0.07073534333262343,0.7305006207590723,1.0,9.405824915296419,3.044522437723423,0.6666666666666666,3.0,0.0,0.0,1.0,1.3862943611198906,0.0007267355918885166,0.10934940485155568
7b_fixed,yelp,classic,213,0.6309297535714575,0.0,-0.6309297535714575,0.4278825725126764,0.18308349586006578,0.07073534333262343,0.7305006207590723,1.0,8.290794347381356,1.3862943611198906,0.6666666666666666,3.0,0.0,0.0,1.0,0.6931471805599453,0.0053251862525940385,0.07249933725870955
7b_fixed,yelp,classic,214,0.6309297535714575,0.0,-0.6309297535714575,0.4278825725126764,0.18308349586006578,0.07073534333262343,0.7305006207590723,1.0,6.825460036255307,0.6931471805599453,0.6625,3.0,0.0,0.0,1.0,1.0986122886681096,0.22939570744832355,0.06770866438839566
7b_fixed,yelp,classic,215,0.0,0.0,0.0,0.4278825725126764,0.18308349586006578,0.07073534333262343,0.7305006207590723,1.0,9.038246335337664,2.4849066497880004,0.6666666666666666,3.0,0.0,0.0,1.0,0.6931471805599453,0.00015140175819405854,0.09917757109282649
7b_fixed,yelp,classic,216,0.5,0.6309297535714575,0.13092975357145753,0.4278825725126764,0.18308349586006578,0.07073534333262343,0.7305006207590723,1.0,10.142858720954989,3.5263605246161616,0.6666666666666666,3.0,0.0,0.0,1.0,0.6931471805599453,0.0008373141288757768,0.11743277064088696
7b_fixed,yelp,classic,217,0.0,0.0,0.0,0.4278825725126764,0.18308349586006578,0.07073534333262343,0.7305006207590723,1.0,10.571675835054878,3.8066624897703196,0.6666666666666666,3.0,0.0,0.0,1.0,1.0986122886681096,0.002322149276733465,0.11769245462311609
7b_fixed,yelp,classic,218,0.0,0.0,0.0,0.4278825725126764,0.18308349586006578,0.07073534333262343,0.7305006207590723,1.0,5.945420608606575,0.6931471805599453,0.6666666666666666,3.0,0.0,0.0,1.0,0.6931471805599453,9.854435920714222e-05,0.01184475130592731
7b_fixed,yelp,classic,219,0.38685280723454163,0.0,-0.38685280723454163,0.4278825725126764,0.18308349586006578,0.07073534333262343,0.7305006207590723,1.0,6.311734809152915,0.6931471805599453,0.6625,3.0,0.0,0.0,1.0,0.6931471805599453,0.004629510641098067,0.030337477587139866
7b_fixed,yelp,classic,220,1.0,0.0,-1.0,0.4278825725126764,0.18308349586006578,0.07073534333262343,0.7305006207590723,1.0,6.4425401664681985,0.6931471805599453,0.6666666666666666,3.0,0.0,0.0,1.0,1.0986122886681096,0.0036276340484619474,0.009624967808940779
7b_fixed,yelp,classic,221,1.0,0.6309297535714575,-0.36907024642854247,0.4278825725126764,0.18308349586006578,0.07073534333262343,0.7305006207590723,1.0,8.872907674259846,2.0794415416798357,0.6666666666666666,3.0,0.0,0.0,1.0,0.6931471805599453,0.01692836880683901,0.06892007991684788
7b_fixed,yelp,classic,222,0.0,0.0,0.0,0.4278825725126764,0.18308349586006578,0.07073534333262343,0.7305006207590723,1.0,7.38025578842646,0.6931471805599453,0.6666666666666666,3.0,0.0,0.0,1.0,0.6931471805599453,0.0018868803977966087,0.007728241793694548
7b_fixed,yelp,classic,223,1.0,0.38685280723454163,-0.6131471927654584,0.4278825725126764,0.18308349586006578,0.07073534333262343,0.7305006207590723,1.0,9.038246335337664,2.0794415416798357,0.6625,3.0,0.0,0.0,1.0,0.6931471805599453,0.00011293888092045457,0.11747717168111184
7b_fixed,yelp,classic,224,0.5,0.6309297535714575,0.13092975357145753,0.4278825725126764,0.18308349586006578,0.07073534333262343,0.7305006207590723,1.0,5.860786223465865,0.6931471805599453,0.6625,3.0,0.0,0.0,1.0,0.6931471805599453,0.20260793169339503,0.05257418096565931
7b_fixed,yelp,classic,225,0.5,0.5,0.0,0.4278825725126764,0.18308349586006578,0.07073534333262343,0.7305006207590723,1.0,9.050640993218508,2.302585092994046,0.6625,2.0,0.05263157894736842,0.0,1.0,0.6931471805599453,0.005554980039596535,0.09319397205657859
7b_fixed,yelp,classic,226,0.0,0.0,0.0,0.4278825725126764,0.18308349586006578,0.07073534333262343,0.7305006207590723,1.0,8.265907334155747,2.1972245773362196,0.6666666666666666,3.0,0.0,0.0,1.0,0.6931471805599453,0.0034917175769806352,0.06883588977753642
7b_fixed,yelp,classic,227,0.0,0.0,0.0,0.4278825725126764,0.18308349586006578,0.07073534333262343,0.7305006207590723,1.0,10.295022755110795,3.9318256327243257,0.6666666666666666,2.0,0.05263157894736842,0.0,1.0,0.6931471805599453,0.001962000131607078,0.10706569908677918
7b_fixed,yelp,classic,228,1.0,0.0,-1.0,0.4278825725126764,0.18308349586006578,0.07073534333262343,0.7305006207590723,1.0,9.521128433142438,2.4849066497880004,0.6666666666666666,2.0,0.05263157894736842,0.0,1.0,0.6931471805599453,0.0005335807800292969,0.11538761683818302
7b_fixed,yelp,classic,229,0.0,0.0,0.0,0.4278825725126764,0.18308349586006578,0.07073534333262343,0.7305006207590723,1.0,6.492239835020471,0.6931471805599453,0.6583333333333333,3.0,0.0,0.0,1.0,0.6931471805599453,0.00161676406860356,0.04861631338960676
7b_fixed,yelp,classic,230,0.6309297535714575,0.5,-0.13092975357145753,0.4278825725126764,0.18308349586006578,0.07073534333262343,0.7305006207590723,1.0,8.54752839121231,2.4849066497880004,0.6625,2.0,0.05263157894736842,0.0,1.0,0.6931471805599453,0.23435514767964677,0.06451025410889233
7b_fixed,yelp,classic,231,0.0,0.6309297535714575,0.6309297535714575,0.4278825725126764,0.18308349586006578,0.07073534333262343,0.7305006207590723,1.0,9.255218130754269,2.639057329615259,0.65,3.0,0.0,0.0,1.0,0.6931471805599453,0.2289075096448262,0.08301738905456665
7b_fixed,yelp,classic,232,0.0,0.38685280723454163,0.38685280723454163,0.4278825725126764,0.18308349586006578,0.07073534333262343,0.7305006207590723,1.0,6.455198563340122,0.6931471805599453,0.6666666666666666,2.0,0.05263157894736842,0.0,1.0,0.6931471805599453,0.0008436083793640359,0.07568731598745246
7b_fixed,yelp,classic,233,0.5,0.0,-0.5,0.4278825725126764,0.18308349586006578,0.07073534333262343,0.7305006207590723,1.0,7.830425617820331,1.6094379124341003,0.6666666666666666,3.0,0.0,0.0,1.0,0.6931471805599453,0.23317894538243616,0.05354117743581519
7b_fixed,yelp,classic,234,0.43067655807339306,1.0,0.5693234419266069,0.4278825725126764,0.18308349586006578,0.07073534333262343,0.7305006207590723,1.0,7.047517221357296,1.0986122886681096,0.6666666666666666,3.0,0.0,0.0,1.0,1.0986122886681096,0.0010858654975891002,0.0037978436005278956
7b_fixed,yelp,classic,235,0.38685280723454163,0.0,-0.38685280723454163,0.4278825725126764,0.18308349586006578,0.07073534333262343,0.7305006207590723,1.0,7.351158226430694,1.0986122886681096,0.6666666666666666,3.0,0.0,0.0,1.0,0.6931471805599453,0.22083305915196733,0.0499406325059818
7b_fixed,yelp,classic,236,0.0,0.43067655807339306,0.43067655807339306,0.4278825725126764,0.18308349586006578,0.07073534333262343,0.7305006207590723,1.0,6.637258031284457,0.6931471805599453,0.6625,3.0,0.0,0.0,1.0,0.6931471805599453,0.23754399021466577,0.06962322519539023
7b_fixed,yelp,classic,237,0.6309297535714575,0.6309297535714575,0.0,0.4278825725126764,0.18308349586006578,0.07073534333262343,0.7305006207590723,1.0,7.071573364211532,1.0986122886681096,0.6666666666666666,2.0,0.05263157894736842,0.0,1.0,0.6931471805599453,0.00021103620529172584,0.010622064857398457
7b_fixed,yelp,classic,238,1.0,1.0,0.0,0.4278825725126764,0.18308349586006578,0.07073534333262343,0.7305006207590723,1.0,7.671826797878781,1.3862943611198906,0.6625,3.0,0.0,0.0,1.0,0.6931471805599453,0.0056185483932494895,0.08458224618384458
7b_fixed,yelp,classic,239,1.0,0.0,-1.0,0.4278825725126764,0.18308349586006578,0.07073534333262343,0.7305006207590723,1.0,6.3473892096560105,0.6931471805599453,0.6583333333333333,2.0,0.05263157894736842,0.0,1.0,0.6931471805599453,0.007861715555190996,0.08843589647246802
7b_fixed,yelp,classic,240,1.0,0.6309297535714575,-0.36907024642854247,0.4278825725126764,0.18308349586006578,0.07073534333262343,0.7305006207590723,1.0,8.41715183723601,1.0986122886681096,0.6625,3.0,0.0,0.0,1.0,0.6931471805599453,0.0015773534774780051,0.09428279862261504
7b_fixed,yelp,classic,241,0.43067655807339306,0.0,-0.43067655807339306,0.4278825725126764,0.18308349586006578,0.07073534333262343,0.7305006207590723,1.0,7.283448228756631,1.0986122886681096,0.6625,3.0,0.0,0.0,1.0,0.6931471805599453,0.22424924572308852,0.054341476128100336
7b_fixed,yelp,classic,242,0.0,0.0,0.0,0.4278825725126764,0.18308349586006578,0.07073534333262343,0.7305006207590723,1.0,6.513230110912307,0.6931471805599453,0.6666666666666666,3.0,0.0,0.0,1.0,0.6931471805599453,0.0020280539989471214,0.0060256733317286485
7b_fixed,yelp,classic,243,0.0,1.0,1.0,0.4278825725126764,0.18308349586006578,0.07073534333262343,0.7305006207590723,1.0,9.995656440007505,3.6635616461296463,0.6583333333333333,3.0,0.0,0.0,1.0,0.6931471805599453,0.00045531392097475365,0.10652784808847145
7b_fixed,yelp,classic,244,0.43067655807339306,0.0,-0.43067655807339306,0.4278825725126764,0.18308349586006578,0.07073534333262343,0.7305006207590723,1.0,5.932245187448011,0.6931471805599453,0.6625,3.0,0.0,0.0,1.0,0.6931471805599453,0.0015935361385345237,0.03524422454864307
7b_fixed,yelp,classic,245,0.0,0.43067655807339306,0.43067655807339306,0.4278825725126764,0.18308349586006578,0.07073534333262343,0.7305006207590723,1.0,7.00397413672268,0.6931471805599453,0.6583333333333333,3.0,0.0,0.0,1.0,0.6931471805599453,0.277884038289388,0.07475984139635389
7b_fixed,yelp,classic,246,0.6309297535714575,0.0,-0.6309297535714575,0.4278825725126764,0.18308349586006578,0.07073534333262343,0.7305006207590723,1.0,9.140025198061156,2.639057329615259,0.6666666666666666,3.0,0.0,0.0,1.0,0.6931471805599453,0.007212907075881958,0.10732056020784915
7b_fixed,yelp,classic,247,0.0,0.0,0.0,0.4278825725126764,0.18308349586006578,0.07073534333262343,0.7305006207590723,1.0,9.23561817916045,3.044522437723423,0.6625,3.0,0.0,0.0,1.0,0.6931471805599453,0.001636451482772805,0.0765228294257454
7b_fixed,yelp,classic,248,0.6309297535714575,0.38685280723454163,-0.2440769463369159,0.4278825725126764,0.18308349586006578,0.07073534333262343,0.7305006207590723,1.0,9.759501702007746,2.70805020110221,0.6625,2.0,0.05263157894736842,0.0,1.0,0.6931471805599453,0.00021518468856807083,0.11364396725951037
7b_fixed,yelp,classic,249,0.0,0.0,0.0,0.4278825725126764,0.18308349586006578,0.07073534333262343,0.7305006207590723,1.0,8.725507328484445,1.9459101490553132,0.6666666666666666,3.0,0.0,0.0,1.0,0.6931471805599453,0.0039996743202208584,0.07187973493551715
7b_fixed,yelp,classic,250,0.0,0.5,0.5,0.4278825725126764,0.18308349586006578,0.07073534333262343,0.7305006207590723,1.0,7.1049654482698426,0.6931471805599453,0.6666666666666666,3.0,0.0,0.0,1.0,0.6931471805599453,0.003719848394393932,0.0034218734027607095
7b_fixed,yelp,classic,251,0.6309297535714575,0.0,-0.6309297535714575,0.4278825725126764,0.18308349586006578,0.07073534333262343,0.7305006207590723,1.0,7.142827401161621,1.0986122886681096,0.6625,2.0,0.05263157894736842,0.0,1.0,0.6931471805599453,0.003418797254562289,0.09829519200316646
7b_fixed,yelp,classic,252,0.0,0.0,0.0,0.4278825725126764,0.18308349586006578,0.07073534333262343,0.7305006207590723,1.0,9.682840881420505,2.995732273553991,0.6666666666666666,3.0,0.0,0.0,1.0,0.6931471805599453,0.0004912734031676802,0.1103371985622064
7b_fixed,yelp,classic,253,0.0,0.0,0.0,0.4278825725126764,0.18308349586006578,0.07073534333262343,0.7305006207590723,1.0,7.427144133408616,0.6931471805599453,0.6666666666666666,2.0,0.05263157894736842,0.0,1.0,1.0986122886681096,0.04307713508605959,0.07565920235189963
7b_fixed,yelp,classic,254,1.0,0.0,-1.0,0.4278825725126764,0.18308349586006578,0.07073534333262343,0.7305006207590723,1.0,7.2868764117507,0.6931471805599453,0.6666666666666666,3.0,0.0,0.0,1.0,0.6931471805599453,0.2335476418336232,0.11603456736164629
7b_fixed,yelp,classic,255,0.0,0.0,0.0,0.4278825725126764,0.18308349586006578,0.07073534333262343,0.7305006207590723,1.0,8.87066300440602,2.4849066497880004,0.6666666666666666,3.0,0.0,0.0,1.0,0.6931471805599453,0.004263764619827248,0.08351195752852639
7b_fixed,yelp,classic,256,0.0,1.0,1.0,0.4278825725126764,0.18308349586006578,0.07073534333262343,0.7305006207590723,1.0,7.462789157412448,1.3862943611198906,0.6583333333333333,3.0,0.0,0.0,1.0,0.6931471805599453,0.053419196605682395,0.08126316942869394
7b_fixed,yelp,classic,257,0.0,0.0,0.0,0.4278825725126764,0.18308349586006578,0.07073534333262343,0.7305006207590723,1.0,9.398809659356372,2.4849066497880004,0.6625,3.0,0.0,0.0,1.0,0.6931471805599453,0.001887309551239058,0.11445859187915004
7b_fixed,yelp,classic,258,1.0,0.6309297535714575,-0.36907024642854247,0.4278825725126764,0.18308349586006578,0.07073534333262343,0.7305006207590723,1.0,7.088408778675395,1.0986122886681096,0.6666666666666666,3.0,0.0,0.0,1.0,0.6931471805599453,0.21357560952504479,0.04955740901890193
7b_fixed,yelp,classic,259,0.6309297535714575,0.0,-0.6309297535714575,0.4278825725126764,0.18308349586006578,0.07073534333262343,0.7305006207590723,1.0,8.715552125907816,2.4849066497880004,0.6666666666666666,3.0,0.0,0.0,1.0,0.6931471805599453,0.0007703304290771484,0.10810300231798345
7b_fixed,yelp,classic,260,0.5,0.0,-0.5,0.4278825725126764,0.18308349586006578,0.07073534333262343,0.7305006207590723,1.0,6.042632833682381,0.6931471805599453,0.6666666666666666,2.0,0.10526315789473684,0.0,1.0,0.6931471805599453,0.00042235851287841797,0.01158666062515189
7b_fixed,yelp,classic,261,0.0,0.0,0.0,0.4278825725126764,0.18308349586006578,0.07073534333262343,0.7305006207590723,1.0,6.236369590203704,0.6931471805599453,0.6666666666666666,3.0,0.0,0.0,1.0,0.6931471805599453,0.0018558025360107533,0.020715193544627315
7b_fixed,yelp,classic,262,0.0,0.6309297535714575,0.6309297535714575,0.4278825725126764,0.18308349586006578,0.07073534333262343,0.7305006207590723,1.0,10.55552623920546,5.54907608489522,0.6666666666666666,2.0,0.05263157894736842,0.0,1.0,0.6931471805599453,0.0003469884395599365,0.11533373081219404
7b_fixed,yelp,classic,263,0.43067655807339306,0.5,0.06932344192660694,0.4278825725126764,0.18308349586006578,0.07073534333262343,0.7305006207590723,1.0,6.398594934535208,0.6931471805599453,0.6666666666666666,3.0,0.0,0.0,1.0,0.6931471805599453,0.23086425264676408,0.05520005917818963
7b_fixed,yelp,classic,264,0.0,0.0,0.0,0.4278825725126764,0.18308349586006578,0.07073534333262343,0.7305006207590723,1.0,8.079308192051961,1.9459101490553132,0.6666666666666666,2.0,0.10526315789473684,0.0,1.0,0.6931471805599453,0.00019238591194159493,0.08386047027146654
7b_fixed,yelp,classic,265,0.0,0.0,0.0,0.4278825725126764,0.18308349586006578,0.07073534333262343,0.7305006207590723,1.0,7.570443252057374,1.6094379124341003,0.6625,3.0,0.0,0.0,1.0,0.6931471805599453,0.0035330772399902455,0.03733008358721116
7b_fixed,yelp,classic,266,0.5,0.0,-0.5,0.4278825725126764,0.18308349586006578,0.07073534333262343,0.7305006207590723,1.0,8.744806737401898,2.302585092994046,0.6666666666666666,3.0,0.0,0.0,1.0,0.6931471805599453,4.384517669675514e-05,0.11366201936713137
7b_fixed,yelp,classic,267,0.0,0.38685280723454163,0.38685280723454163,0.4278825725126764,0.18308349586006578,0.07073534333262343,0.7305006207590723,1.0,8.624611588183507,1.791759469228055,0.6666666666666666,3.0,0.0,0.0,1.0,0.6931471805599453,0.22963985999425252,0.11502150408301562
7b_fixed,yelp,classic,268,1.0,0.0,-1.0,0.4278825725126764,0.18308349586006578,0.07073534333262343,0.7305006207590723,1.0,6.529418838262226,0.6931471805599453,0.6666666666666666,3.0,0.0,0.0,1.0,0.6931471805599453,0.003499370813369762,0.011675372922638113
7b_fixed,yelp,classic,269,0.0,0.0,0.0,0.4278825725126764,0.18308349586006578,0.07073534333262343,0.7305006207590723,1.0,6.0014148779611505,0.6931471805599453,0.6666666666666666,2.0,0.05263157894736842,0.0,1.0,0.6931471805599453,0.002646034955978427,0.014555577287981836
7b_fixed,yelp,classic,270,1.0,1.0,0.0,0.4278825725126764,0.18308349586006578,0.07073534333262343,0.7305006207590723,1.0,7.688455356549944,1.6094379124341003,0.6666666666666666,3.0,0.0,0.0,1.0,0.6931471805599453,0.00038330554962162644,0.09715506072149777
7b_fixed,yelp,classic,271,0.0,0.0,0.0,0.4278825725126764,0.18308349586006578,0.07073534333262343,0.7305006207590723,1.0,7.43955930913332,0.6931471805599453,0.6583333333333333,2.0,0.05263157894736842,0.0,1.0,0.6931471805599453,0.0022292196750641202,0.042971980129495595
7b_fixed,yelp,classic,272,0.0,0.0,0.0,0.4278825725126764,0.18308349586006578,0.07073534333262343,0.7305006207590723,1.0,8.747034264178168,2.1972245773362196,0.6666666666666666,3.0,0.0,0.0,1.0,0.6931471805599453,0.0028437495231629084,0.08319686707597812
7b_fixed,yelp,classic,273,0.0,0.0,0.0,0.4278825725126764,0.18308349586006578,0.07073534333262343,0.7305006207590723,1.0,5.8289456176102075,0.6931471805599453,0.6625,3.0,0.0,0.0,1.0,0.6931471805599453,0.2266298671563466,0.05876133624649945
7b_fixed,yelp,classic,274,0.0,0.0,0.0,0.4278825725126764,0.18308349586006578,0.07073534333262343,0.7305006207590723,1.0,8.615770754777232,2.3978952727983707,0.6666666666666666,2.0,0.05263157894736842,0.0,1.0,0.6931471805599453,0.00026128292083738014,0.002172668179905086
7b_fixed,yelp,classic,275,0.5,0.0,-0.5,0.4278825725126764,0.18308349586006578,0.07073534333262343,0.7305006207590723,1.0,7.503289630675082,1.3862943611198906,0.6666666666666666,3.0,0.0,0.0,1.0,0.6931471805599453,0.23059118588765465,0.052744129079552476
7b_fixed,yelp,classic,276,0.5,0.0,-0.5,0.4278825725126764,0.18308349586006578,0.07073534333262343,0.7305006207590723,1.0,5.945420608606575,0.6931471805599453,0.6666666666666666,3.0,0.0,0.0,1.0,0.6931471805599453,0.23138140042622884,0.059404005038935254
7b_fixed,yelp,classic,277,0.0,0.0,0.0,0.4278825725126764,0.18308349586006578,0.07073534333262343,0.7305006207590723,1.0,9.75504554717585,2.70805020110221,0.6666666666666666,3.0,0.0,0.0,1.0,0.6931471805599453,0.0013019979000091775,0.11333098618664289
7b_fixed,yelp,classic,278,0.5,0.0,-0.5,0.4278825725126764,0.18308349586006578,0.07073534333262343,0.7305006207590723,1.0,8.722742874329398,2.302585092994046,0.6583333333333333,3.0,0.0,0.0,1.0,0.6931471805599453,0.0008784413337707964,0.13648622169827007
7b_fixed,yelp,classic,279,0.6309297535714575,0.5,-0.13092975357145753,0.4278825725126764,0.18308349586006578,0.07073534333262343,0.7305006207590723,1.0,5.8289456176102075,0.6931471805599453,0.6625,3.0,0.0,0.0,1.0,0.6931471805599453,0.0013969123363494762,0.037639440127909686
7b_fixed,yelp,classic,280,0.0,0.0,0.0,0.4278825725126764,0.18308349586006578,0.07073534333262343,0.7305006207590723,1.0,8.240385115516334,1.3862943611198906,0.6666666666666666,3.0,0.0,0.0,1.0,0.6931471805599453,0.0013000845909118541,0.014657563079094755
7b_fixed,yelp,classic,281,0.0,0.0,0.0,0.4278825725126764,0.18308349586006578,0.07073534333262343,0.7305006207590723,1.0,10.093611921393103,3.4965075614664802,0.6666666666666666,3.0,0.0,0.0,1.0,0.6931471805599453,0.00013053417205810547,0.007210383800087184
7b_fixed,yelp,classic,282,0.0,0.0,0.0,0.4278825725126764,0.18308349586006578,0.07073534333262343,0.7305006207590723,1.0,9.91665053906241,3.4339872044851463,0.6666666666666666,3.0,0.0,0.0,1.0,0.6931471805599453,0.0014849960803985374,0.11136125466244158
7b_fixed,yelp,classic,283,0.6309297535714575,0.6309297535714575,0.0,0.4278825725126764,0.18308349586006578,0.07073534333262343,0.7305006207590723,1.0,6.311734809152915,0.6931471805599453,0.6666666666666666,3.0,0.0,0.0,1.0,0.6931471805599453,0.005747616291046143,0.07649696696020991
7b_fixed,yelp,classic,284,0.0,0.0,0.0,0.4278825725126764,0.18308349586006578,0.07073534333262343,0.7305006207590723,1.0,7.087573705557973,1.0986122886681096,0.6666666666666666,3.0,0.0,0.0,1.0,0.6931471805599453,0.005488014221191384,0.07136454057347058
7b_fixed,yelp,classic,285,0.6309297535714575,0.0,-0.6309297535714575,0.4278825725126764,0.18308349586006578,0.07073534333262343,0.7305006207590723,1.0,6.142037405587356,0.6931471805599453,0.6666666666666666,2.0,0.05263157894736842,0.0,1.0,0.6931471805599453,0.0011848926544189564,0.011819181466193292
7b_fixed,yelp,classic,286,0.0,0.0,0.0,0.4278825725126764,0.18308349586006578,0.07073534333262343,0.7305006207590723,1.0,6.423246963533519,0.6931471805599453,0.6541666666666666,3.0,0.0,0.0,1.0,0.6931471805599453,0.38900288840134933,0.11642993919824748
7b_fixed,yelp,classic,287,0.0,0.43067655807339306,0.43067655807339306,0.4278825725126764,0.18308349586006578,0.07073534333262343,0.7305006207590723,1.0,7.158513997329321,0.6931471805599453,0.6666666666666666,3.0,0.0,0.0,1.0,0.6931471805599453,0.0029318511486053356,0.014434644960153883
7b_fixed,yelp,classic,288,1.0,1.0,0.0,0.4278825725126764,0.18308349586006578,0.07073534333262343,0.7305006207590723,1.0,7.5569505720129,1.3862943611198906,0.6625,3.0,0.0,0.0,1.0,0.6931471805599453,0.011787056922912598,0.07400880942677487
7b_fixed,yelp,classic,289,0.6309297535714575,0.6309297535714575,0.0,0.4278825725126764,0.18308349586006578,0.07073534333262343,0.7305006207590723,1.0,7.4798641311650265,1.3862943611198906,0.6625,3.0,0.0,0.0,1.0,0.6931471805599453,0.0027122318744659535,0.030407767325608504
7b_fixed,yelp,classic,290,0.5,0.5,0.0,0.4278825725126764,0.18308349586006578,0.07073534333262343,0.7305006207590723,1.0,9.52806656577634,2.9444389791664403,0.6541666666666666,2.0,0.05263157894736842,0.0,1.0,0.6931471805599453,0.002542519569396995,0.11710091550970297
7b_fixed,yelp,classic,291,1.0,1.0,0.0,0.4278825725126764,0.18308349586006578,0.07073534333262343,0.7305006207590723,1.0,6.261491684321042,0.6931471805599453,0.6583333333333333,3.0,0.0,0.0,1.0,0.6931471805599453,0.001193279027938865,0.048434468860628466
7b_fixed,yelp,classic,292,0.6309297535714575,0.0,-0.6309297535714575,0.4278825725126764,0.18308349586006578,0.07073534333262343,0.7305006207590723,1.0,6.39024066706535,0.6931471805599453,0.6666666666666666,2.0,0.10526315789473684,0.0,1.0,0.6931471805599453,0.0006808161735535334,0.08635915026438787
7b_fixed,yelp,classic,293,0.6309297535714575,1.0,0.36907024642854247,0.4278825725126764,0.18308349586006578,0.07073534333262343,0.7305006207590723,1.0,5.981414211254481,0.6931471805599453,0.6666666666666666,3.0,0.0,0.0,1.0,0.6931471805599453,0.0069960057735443115,0.08496568525179368
7b_fixed,yelp,classic,294,0.43067655807339306,0.38685280723454163,-0.04382375083885143,0.4278825725126764,0.18308349586006578,0.07073534333262343,0.7305006207590723,1.0,8.27614021955846,1.791759469228055,0.6625,3.0,0.0,0.0,1.0,0.6931471805599453,0.0013402104377746582,0.08344414465502875
7b_fixed,yelp,classic,295,1.0,1.0,0.0,0.4278825725126764,0.18308349586006578,0.07073534333262343,0.7305006207590723,1.0,6.630683385642372,0.6931471805599453,0.6541666666666666,3.0,0.0,0.0,1.0,0.6931471805599453,0.00040129423141488374,0.11163816043748936
7b_fixed,yelp,classic,296,0.38685280723454163,0.0,-0.38685280723454163,0.4278825725126764,0.18308349586006578,0.07073534333262343,0.7305006207590723,1.0,6.439350371100098,0.6931471805599453,0.6666666666666666,3.0,0.0,0.0,1.0,0.6931471805599453,0.2306205650170644,0.05331099530490966
7b_fixed,yelp,classic,297,0.5,0.6309297535714575,0.13092975357145753,0.4278825725126764,0.18308349586006578,0.07073534333262343,0.7305006207590723,1.0,9.121509158269568,2.1972245773362196,0.6541666666666666,2.0,0.05263157894736842,0.0,1.0,0.6931471805599453,0.23993709286053966,0.1437203118340066
7b_fixed,yelp,classic,298,0.0,0.6309297535714575,0.6309297535714575,0.4278825725126764,0.18308349586006578,0.07073534333262343,0.7305006207590723,1.0,7.2196420401307355,1.0986122886681096,0.6625,3.0,0.0,0.0,1.0,0.6931471805599453,0.001023638248443648,0.030764888039891213
7b_fixed,yelp,classic,299,0.43067655807339306,0.5,0.06932344192660694,0.4278825725126764,0.18308349586006578,0.07073534333262343,0.7305006207590723,1.0,8.537779825024625,1.791759469228055,0.6666666666666666,3.0,0.0,0.0,1.0,0.6931471805599453,0.2304071327050527,0.05502225423019173
7b_fixed,yelp,classic,300,1.0,1.0,0.0,0.4278825725126764,0.18308349586006578,0.07073534333262343,0.7305006207590723,1.0,6.253828811575473,0.6931471805599453,0.6625,3.0,0.0,0.0,1.0,0.6931471805599453,0.23805266221364335,0.06718821976510413
7b_fixed,yelp,classic,301,0.43067655807339306,0.38685280723454163,-0.04382375083885143,0.4278825725126764,0.18308349586006578,0.07073534333262343,0.7305006207590723,1.0,6.025865973825314,0.6931471805599453,0.6666666666666666,2.0,0.05263157894736842,0.0,1.0,0.6931471805599453,0.0007042586803436279,0.011379409489610411
7b_fixed,yelp,classic,302,0.0,0.0,0.0,0.4278825725126764,0.18308349586006578,0.07073534333262343,0.7305006207590723,1.0,6.173786103901937,0.6931471805599453,0.6666666666666666,2.0,0.05263157894736842,0.0,1.0,0.6931471805599453,0.22585596044858292,0.050820652739118004
7b_fixed,yelp,classic,303,0.0,0.43067655807339306,0.43067655807339306,0.4278825725126764,0.18308349586006578,0.07073534333262343,0.7305006207590723,1.0,8.864746660905409,2.3978952727983707,0.6666666666666666,2.0,0.05263157894736842,0.0,1.0,0.6931471805599453,0.0037864029407501665,0.1103375373958907
7b_fixed,yelp,classic,304,0.5,0.0,-0.5,0.4278825725126764,0.18308349586006578,0.07073534333262343,0.7305006207590723,1.0,7.518064181233078,0.6931471805599453,0.6666666666666666,3.0,0.0,0.0,1.0,0.6931471805599453,0.2340341766675313,0.052618310575377344
7b_fixed,yelp,classic,305,0.5,0.0,-0.5,0.4278825725126764,0.18308349586006578,0.07073534333262343,0.7305006207590723,1.0,7.789868559054706,1.3862943611198906,0.6625,2.0,0.05263157894736842,0.0,1.0,0.6931471805599453,0.0015111029148101585,0.08309261099947307
7b_fixed,yelp,classic,306,0.43067655807339306,1.0,0.5693234419266069,0.4278825725126764,0.18308349586006578,0.07073534333262343,0.7305006207590723,1.0,6.621405651764134,0.6931471805599453,0.6625,3.0,0.0,0.0,1.0,0.6931471805599453,0.07166976928710939,0.02135823599544217
7b_fixed,yelp,classic,307,0.5,0.0,-0.5,0.4278825725126764,0.18308349586006578,0.07073534333262343,0.7305006207590723,1.0,5.955837369464831,0.6931471805599453,0.6666666666666666,3.0,0.0,0.0,1.0,0.6931471805599453,0.000628405809402488,0.020377148954528954
7b_fixed,yelp,classic,308,1.0,1.0,0.0,0.4278825725126764,0.18308349586006578,0.07073534333262343,0.7305006207590723,1.0,7.231287004327616,0.6931471805599453,0.6666666666666666,2.0,0.10526315789473684,0.0,1.0,0.6931471805599453,0.0006729125976562278,0.0039930376568403075
7b_fixed,yelp,classic,309,0.43067655807339306,0.6309297535714575,0.20025319549806447,0.4278825725126764,0.18308349586006578,0.07073534333262343,0.7305006207590723,1.0,7.566311014772463,1.6094379124341003,0.6666666666666666,3.0,0.0,0.0,1.0,0.6931471805599453,0.22147646745045974,0.05041249157562921
7b_fixed,yelp,classic,310,0.6309297535714575,0.5,-0.13092975357145753,0.4278825725126764,0.18308349586006578,0.07073534333262343,0.7305006207590723,1.0,9.584039577320695,2.1972245773362196,0.6666666666666666,3.0,0.0,0.0,1.0,0.6931471805599453,0.0005704700946808083,0.08383873055678942
7b_fixed,yelp,classic,311,1.0,0.0,-1.0,0.4278825725126764,0.18308349586006578,0.07073534333262343,0.7305006207590723,1.0,8.387084506069217,1.9459101490553132,0.6666666666666666,3.0,0.0,0.0,1.0,0.6931471805599453,0.002192920446395852,0.09248735727628243
7b_fixed,yelp,classic,312,0.43067655807339306,0.0,-0.43067655807339306,0.4278825725126764,0.18308349586006578,0.07073534333262343,0.7305006207590723,1.0,8.28045768658256,1.791759469228055,0.6666666666666666,3.0,0.0,0.0,1.0,1.3862943611198906,0.002938950061798118,0.06862963335358709
7b_fixed,yelp,classic,313,1.0,1.0,0.0,0.4278825725126764,0.18308349586006578,0.07073534333262343,0.7305006207590723,1.0,7.252762418053187,1.0986122886681096,0.6583333333333333,2.0,0.10526315789473684,0.0,1.0,0.6931471805599453,0.0002245008945465088,0.026633469826749783
7b_fixed,yelp,classic,314,0.0,0.0,0.0,0.4278825725126764,0.18308349586006578,0.07073534333262343,0.7305006207590723,1.0,7.346655163176539,1.0986122886681096,0.6666666666666666,2.0,0.10526315789473684,0.0,1.0,0.6931471805599453,0.03144750595092771,0.06963620525026114
7b_fixed,yelp,classic,315,1.0,0.6309297535714575,-0.36907024642854247,0.4278825725126764,0.18308349586006578,0.07073534333262343,0.7305006207590723,1.0,10.302800441159095,3.7376696182833684,0.6541666666666666,3.0,0.0,0.0,1.0,0.6931471805599453,0.21498582561810808,0.1429360688913031
7b_fixed,yelp,classic,316,1.0,1.0,0.0,0.4278825725126764,0.18308349586006578,0.07073534333262343,0.7305006207590723,1.0,7.112327444710911,1.3862943611198906,0.6625,2.0,0.05263157894736842,0.0,1.0,0.6931471805599453,0.22288548549016313,0.06680169172933442
7b_fixed,yelp,classic,317,0.6309297535714575,0.6309297535714575,0.0,0.4278825725126764,0.18308349586006578,0.07073534333262343,0.7305006207590723,1.0,7.349230824613334,1.3862943611198906,0.6625,3.0,0.0,0.0,1.0,0.6931471805599453,0.0068388998508452925,0.09491426732014276
7b_fixed,yelp,classic,318,0.6309297535714575,0.38685280723454163,-0.2440769463369159,0.4278825725126764,0.18308349586006578,0.07073534333262343,0.7305006207590723,1.0,8.207129168071326,1.6094379124341003,0.6666666666666666,3.0,0.0,0.0,1.0,0.6931471805599453,0.2304644962151845,0.05441280774397508
7b_fixed,yelp,classic,319,0.0,0.0,0.0,0.4278825725126764,0.18308349586006578,0.07073534333262343,0.7305006207590723,1.0,6.100318952020064,0.6931471805599453,0.6666666666666666,3.0,0.0,0.0,1.0,0.6931471805599453,0.00616239309310912,0.003568096811202889
7b_fixed,yelp,classic,320,0.6309297535714575,1.0,0.36907024642854247,0.4278825725126764,0.18308349586006578,0.07073534333262343,0.7305006207590723,1.0,6.796823718274855,0.6931471805599453,0.6625,3.0,0.0,0.0,1.0,0.6931471805599453,0.2823069830735524,0.07272891625532588
7b_fixed,yelp,classic,321,1.0,1.0,0.0,0.4278825725126764,0.18308349586006578,0.07073534333262343,0.7305006207590723,1.0,6.300785794663244,0.6931471805599453,0.6625,3.0,0.0,0.0,1.0,0.6931471805599453,0.0011658668518066406,0.042807889984595074
7b_fixed,yelp,classic,322,1.0,0.0,-1.0,0.4278825725126764,0.18308349586006578,0.07073534333262343,0.7305006207590723,1.0,7.8336002236611035,1.791759469228055,0.6625,3.0,0.0,0.0,1.0,0.6931471805599453,0.004064762592315696,0.08241527795563548
7b_fixed,yelp,classic,323,0.0,0.38685280723454163,0.38685280723454163,0.4278825725126764,0.18308349586006578,0.07073534333262343,0.7305006207590723,1.0,7.823645930834952,1.791759469228055,0.6666666666666666,3.0,0.0,0.0,1.0,0.6931471805599453,0.0012260556221007635,0.08684326656127855
7b_fixed,yelp,classic,324,0.5,0.0,-0.5,0.4278825725126764,0.18308349586006578,0.07073534333262343,0.7305006207590723,1.0,8.055157731819678,1.0986122886681096,0.6625,2.0,0.05263157894736842,0.0,1.0,0.6931471805599453,0.0026786863803863192,0.04136387981999834
7b_fixed,yelp,classic,325,0.43067655807339306,0.38685280723454163,-0.04382375083885143,0.4278825725126764,0.18308349586006578,0.07073534333262343,0.7305006207590723,1.0,7.144407180321139,1.0986122886681096,0.6625,3.0,0.0,0.0,1.0,0.6931471805599453,0.00706526041030886,0.026047408823546437
7b_fixed,yelp,classic,326,0.0,1.0,1.0,0.4278825725126764,0.18308349586006578,0.07073534333262343,0.7305006207590723,1.0,7.471932078245122,1.3862943611198906,0.6583333333333333,2.0,0.05263157894736842,0.0,1.0,0.6931471805599453,0.0007748544216155118,0.11971583711396927
7b_fixed,yelp,classic,327,1.0,0.6309297535714575,-0.36907024642854247,0.4278825725126764,0.18308349586006578,0.07073534333262343,0.7305006207590723,1.0,7.252762418053187,1.0986122886681096,0.6666666666666666,3.0,0.0,0.0,1.0,0.6931471805599453,0.0012636780738830566,0.008584555361208189
7b_fixed,yelp,classic,328,0.0,0.0,0.0,0.4278825725126764,0.18308349586006578,0.07073534333262343,0.7305006207590723,1.0,9.885883506587767,3.6109179126442243,0.6625,3.0,0.0,0.0,1.0,0.6931471805599453,0.23274684151013686,0.060997511687592265
7b_fixed,yelp,classic,329,0.38685280723454163,0.0,-0.38685280723454163,0.4278825725126764,0.18308349586006578,0.07073534333262343,0.7305006207590723,1.0,10.075464117275093,3.4965075614664802,0.6625,3.0,0.0,0.0,1.0,0.6931471805599453,0.00013906359672544166,0.13124982673539085
7b_fixed,yelp,classic,330,0.43067655807339306,1.0,0.5693234419266069,0.4278825725126764,0.18308349586006578,0.07073534333262343,0.7305006207590723,1.0,6.608000625296087,0.6931471805599453,0.6625,2.0,0.05263157894736842,0.0,1.0,0.6931471805599453,0.0015875816345214955,0.036799193855410146
7b_fixed,yelp,classic,331,0.0,0.0,0.0,0.4278825725126764,0.18308349586006578,0.07073534333262343,0.7305006207590723,1.0,10.17740026090191,3.295836866004329,0.6625,3.0,0.0,0.0,1.0,0.6931471805599453,0.001506400108337469,0.10903970477701175
7b_fixed,yelp,classic,332,0.6309297535714575,0.5,-0.13092975357145753,0.4278825725126764,0.18308349586006578,0.07073534333262343,0.7305006207590723,1.0,6.628041376179533,0.6931471805599453,0.6666666666666666,3.0,0.0,0.0,1.0,0.6931471805599453,0.00048590898513795056,0.004890589535370369
7b_fixed,yelp,classic,333,0.0,0.0,0.0,0.4278825725126764,0.18308349586006578,0.07073534333262343,0.7305006207590723,1.0,10.521102670483636,4.382026634673881,0.6541666666666666,3.0,0.0,0.0,1.0,0.6931471805599453,0.0012433648109436701,0.10847666799872516
7b_fixed,yelp,classic,334,0.0,0.0,0.0,0.4278825725126764,0.18308349586006578,0.07073534333262343,0.7305006207590723,1.0,6.815639990074331,1.0986122886681096,0.6541666666666666,2.0,0.05263157894736842,0.0,1.0,0.6931471805599453,0.0017848849296570046,0.06121679215422951
7b_fixed,yelp,classic,335,0.0,0.5,0.5,0.4278825725126764,0.18308349586006578,0.07073534333262343,0.7305006207590723,1.0,9.339261152043022,2.772588722239781,0.6583333333333333,2.0,0.05263157894736842,0.0,1.0,0.6931471805599453,0.0009555995464325395,0.11327118415411537
7b_fixed,yelp,classic,336,0.6309297535714575,1.0,0.36907024642854247,0.4278825725126764,0.18308349586006578,0.07073534333262343,0.7305006207590723,1.0,9.917784857236953,3.332204510175204,0.6625,3.0,0.0,0.0,1.0,1.0986122886681096,0.010068869590759255,0.075803680311432
7b_fixed,yelp,classic,337,1.0,1.0,0.0,0.4278825725126764,0.18308349586006578,0.07073534333262343,0.7305006207590723,1.0,7.288244401020124,1.3862943611198906,0.6625,3.0,0.0,0.0,1.0,0.6931471805599453,0.21871196826299033,0.06183290027095253
7b_fixed,yelp,classic,338,1.0,0.6309297535714575,-0.36907024642854247,0.4278825725126764,0.18308349586006578,0.07073534333262343,0.7305006207590723,1.0,7.286191714702382,1.0986122886681096,0.6666666666666666,3.0,0.0,0.0,1.0,0.6931471805599453,0.0007265031337738703,0.08649162590183326
7b_fixed,yelp,classic,339,1.0,0.43067655807339306,-0.5693234419266069,0.4278825725126764,0.18308349586006578,0.07073534333262343,0.7305006207590723,1.0,7.9215356321335495,1.9459101490553132,0.6666666666666666,3.0,0.0,0.0,1.0,0.6931471805599453,0.0030800163745879905,0.08933590668595108
7b_fixed,yelp,classic,340,0.6309297535714575,1.0,0.36907024642854247,0.4278825725126764,0.18308349586006578,0.07073534333262343,0.7305006207590723,1.0,6.635946555686647,0.6931471805599453,0.6666666666666666,3.0,0.0,0.0,1.0,0.6931471805599453,0.23987878163655596,0.12584500179972682
7b_fixed,yelp,classic,341,0.0,0.0,0.0,0.4278825725126764,0.18308349586006578,0.07073534333262343,0.7305006207590723,1.0,7.955425088912672,1.0986122886681096,0.6625,3.0,0.0,0.0,1.0,0.6931471805599453,2.158284187314674e-05,0.026206610455890365
7b_fixed,yelp,classic,342,1.0,0.5,-0.5,0.4278825725126764,0.18308349586006578,0.07073534333262343,0.7305006207590723,1.0,8.0861025356691,1.791759469228055,0.6625,3.0,0.0,0.0,1.0,0.6931471805599453,0.0017393410205840953,0.032722011256464054
7b_fixed,yelp,classic,343,0.0,0.43067655807339306,0.43067655807339306,0.4278825725126764,0.18308349586006578,0.07073534333262343,0.7305006207590723,1.0,7.087573705557973,0.6931471805599453,0.6666666666666666,3.0,0.0,0.0,1.0,0.6931471805599453,0.0031387388706207164,0.008461367883129506
7b_fixed,yelp,classic,344,1.0,0.5,-0.5,0.4278825725126764,0.18308349586006578,0.07073534333262343,0.7305006207590723,1.0,5.958424693029782,0.6931471805599453,0.6583333333333333,3.0,0.0,0.0,1.0,0.6931471805599453,0.017990416288375832,0.09207137859808871
7b_fixed,yelp,classic,345,1.0,1.0,0.0,0.4278825725126764,0.18308349586006578,0.07073534333262343,0.7305006207590723,1.0,8.531096096585228,2.302585092994046,0.6666666666666666,3.0,0.0,0.0,1.0,0.6931471805599453,0.007727640867233321,0.08689524092588773
7b_fixed,yelp,classic,346,1.0,1.0,0.0,0.4278825725126764,0.18308349586006578,0.07073534333262343,0.7305006207590723,1.0,6.045005314036012,0.6931471805599453,0.6666666666666666,3.0,0.0,0.0,1.0,0.6931471805599453,0.00014652013778687634,0.012666798683179267
7b_fixed,yelp,classic,347,0.5,0.43067655807339306,-0.06932344192660694,0.4278825725126764,0.18308349586006578,0.07073534333262343,0.7305006207590723,1.0,6.882437470997847,0.6931471805599453,0.6625,2.0,0.10526315789473684,0.0,1.0,0.6931471805599453,0.00024849772453305885,0.03379538890474943
7b_fixed,yelp,classic,348,0.0,0.0,0.0,0.4278825725126764,0.18308349586006578,0.07073534333262343,0.7305006207590723,1.0,6.755768921984256,0.6931471805599453,0.6666666666666666,2.0,0.05263157894736842,0.0,1.0,0.6931471805599453,0.0015362441539764626,0.10800833060989719
7b_fixed,yelp,classic,349,0.38685280723454163,0.0,-0.38685280723454163,0.4278825725126764,0.18308349586006578,0.07073534333262343,0.7305006207590723,1.0,6.0844994130751715,0.6931471805599453,0.6666666666666666,2.0,0.05263157894736842,0.0,1.0,0.6931471805599453,0.230283518632253,0.05431537410373857
7b_fixed,yelp,classic,350,0.6309297535714575,0.0,-0.6309297535714575,0.4278825725126764,0.18308349586006578,0.07073534333262343,0.7305006207590723,1.0,8.212025804623437,1.0986122886681096,0.6625,3.0,0.0,0.0,1.0,0.6931471805599453,0.002391868829727195,0.030901226306851996
7b_fixed,yelp,classic,351,0.6309297535714575,0.6309297535714575,0.0,0.4278825725126764,0.18308349586006578,0.07073534333262343,0.7305006207590723,1.0,5.83773044716594,0.6931471805599453,0.6666666666666666,3.0,0.0,0.0,1.0,0.6931471805599453,0.0018211841583252175,0.012145878508268761
7b_fixed,yelp,classic,352,0.0,0.38685280723454163,0.38685280723454163,0.4278825725126764,0.18308349586006578,0.07073534333262343,0.7305006207590723,1.0,6.159095388491933,0.6931471805599453,0.6666666666666666,3.0,0.0,0.0,1.0,0.6931471805599453,0.23495059808095298,0.055570158715463995
7b_fixed,yelp,classic,353,0.0,0.0,0.0,0.4278825725126764,0.18308349586006578,0.07073534333262343,0.7305006207590723,1.0,6.947937068614969,1.0986122886681096,0.6666666666666666,3.0,0.0,0.0,1.0,0.6931471805599453,0.0007926821708679199,0.009239582798376092
7b_fixed,yelp,classic,354,0.6309297535714575,0.5,-0.13092975357145753,0.4278825725126764,0.18308349586006578,0.07073534333262343,0.7305006207590723,1.0,10.3962917617043,3.7612001156935624,0.6666666666666666,2.0,0.05263157894736842,0.0,1.0,0.6931471805599453,0.0001596093177794744,0.09490513732792691
7b_fixed,yelp,classic,355,0.6309297535714575,0.5,-0.13092975357145753,0.4278825725126764,0.18308349586006578,0.07073534333262343,0.7305006207590723,1.0,6.698268054115413,0.6931471805599453,0.6666666666666666,3.0,0.0,0.0,1.0,0.6931471805599453,0.0007705092430114746,0.0071488933898876846
7b_fixed,yelp,classic,356,0.6309297535714575,0.5,-0.13092975357145753,0.4278825725126764,0.18308349586006578,0.07073534333262343,0.7305006207590723,1.0,6.042632833682381,0.6931471805599453,0.6666666666666666,2.0,0.05263157894736842,0.0,1.0,0.6931471805599453,0.00022552013397214576,0.01179544694031711
7b_fixed,yelp,classic,357,1.0,0.6309297535714575,-0.36907024642854247,0.4278825725126764,0.18308349586006578,0.07073534333262343,0.7305006207590723,1.0,7.691200097522863,0.6931471805599453,0.6666666666666666,3.0,0.0,0.0,1.0,0.6931471805599453,0.22768651445706684,0.052182306115191104
7b_fixed,yelp,classic,358,0.43067655807339306,0.0,-0.43067655807339306,0.4278825725126764,0.18308349586006578,0.07073534333262343,0.7305006207590723,1.0,9.092232283495854,2.302585092994046,0.6666666666666666,3.0,0.0,0.0,1.0,0.6931471805599453,0.0033288538455962247,0.11107744895408005
7b_fixed,yelp,classic,359,0.0,0.0,0.0,0.4278825725126764,0.18308349586006578,0.07073534333262343,0.7305006207590723,1.0,8.572249397164315,1.791759469228055,0.6625,3.0,0.0,0.0,1.0,0.6931471805599453,0.005892956256866477,0.07989272980563918
7b_fixed,yelp,classic,360,0.6309297535714575,0.0,-0.6309297535714575,0.4278825725126764,0.18308349586006578,0.07073534333262343,0.7305006207590723,1.0,6.340359303727752,0.6931471805599453,0.6666666666666666,3.0,0.0,0.0,1.0,0.6931471805599453,0.0012814879417419323,0.007851623933328373
7b_fixed,yelp,classic,361,0.5,1.0,0.5,0.4278825725126764,0.18308349586006578,0.07073534333262343,0.7305006207590723,1.0,6.818924065275521,1.0986122886681096,0.6666666666666666,3.0,0.0,0.0,1.0,1.0986122886681096,0.003532254695892356,0.012878384117833274
7b_fixed,yelp,classic,362,1.0,0.5,-0.5,0.4278825725126764,0.18308349586006578,0.07073534333262343,0.7305006207590723,1.0,6.077642243349034,0.6931471805599453,0.6666666666666666,3.0,0.0,0.0,1.0,0.6931471805599453,0.20029520591100053,0.053157466149990125
7b_fixed,yelp,classic,363,0.5,1.0,0.5,0.4278825725126764,0.18308349586006578,0.07073534333262343,0.7305006207590723,1.0,9.574010790427302,2.8903717578961645,0.6625,3.0,0.0,0.0,1.0,0.6931471805599453,0.0006121337413788064,0.11591929057821146
7b_fixed,yelp,classic,364,0.5,0.5,0.0,0.4278825725126764,0.18308349586006578,0.07073534333262343,0.7305006207590723,1.0,7.3098814858247865,1.0986122886681096,0.6625,3.0,0.0,0.0,1.0,0.6931471805599453,0.0016488969326019232,0.014607322893764043
7b_fixed,yelp,classic,365,0.43067655807339306,0.0,-0.43067655807339306,0.4278825725126764,0.18308349586006578,0.07073534333262343,0.7305006207590723,1.0,6.118097198041348,0.6931471805599453,0.6625,3.0,0.0,0.0,1.0,0.6931471805599453,0.22780404885609945,0.06199844218864033
7b_fixed,yelp,classic,366,1.0,1.0,0.0,0.4278825725126764,0.18308349586006578,0.07073534333262343,0.7305006207590723,1.0,10.157780872842554,3.784189633918261,0.6666666666666666,3.0,0.0,0.0,1.0,0.6931471805599453,0.001971477270126365,0.10971754075648397
7b_fixed,yelp,classic,367,1.0,1.0,0.0,0.4278825725126764,0.18308349586006578,0.07073534333262343,0.7305006207590723,1.0,5.8944028342648505,0.6931471805599453,0.6625,2.0,0.05263157894736842,0.0,1.0,0.6931471805599453,0.2215635140736898,0.06736633148201743
7b_fixed,yelp,classic,368,1.0,0.6309297535714575,-0.36907024642854247,0.4278825725126764,0.18308349586006578,0.07073534333262343,0.7305006207590723,1.0,6.129050210060545,0.6931471805599453,0.6666666666666666,3.0,0.0,0.0,1.0,0.6931471805599453,0.009107404947280906,0.06948277479376765
7b_fixed,yelp,cold_start_user,0,0.0,0.0,0.0,0.4278825725126764,0.18308349586006578,0.07073534333262343,0.7305006207590723,1.0,6.018593214496234,0.6931471805599453,0.6625,2.0,0.05263157894736842,0.0,1.0,0.6931471805599453,0.0005982577800751065,0.0387166776378161
7b_fixed,yelp,cold_start_user,1,1.0,0.5,-0.5,0.4278825725126764,0.18308349586006578,0.07073534333262343,0.7305006207590723,1.0,7.5883236773352225,1.3862943611198906,0.6625,3.0,0.0,0.0,1.0,0.6931471805599453,0.00010702013969421387,0.09451903433843341
7b_fixed,yelp,cold_start_user,2,1.0,1.0,0.0,0.4278825725126764,0.18308349586006578,0.07073534333262343,0.7305006207590723,1.0,5.961005339623274,0.6931471805599453,0.6666666666666666,3.0,0.0,0.0,1.0,0.6931471805599453,0.23041217525800067,0.05297526386748344
7b_fixed,yelp,cold_start_user,3,0.38685280723454163,0.6309297535714575,0.2440769463369159,0.4278825725126764,0.18308349586006578,0.07073534333262343,0.7305006207590723,1.0,7.791522819150732,1.791759469228055,0.6666666666666666,2.0,0.05263157894736842,0.0,1.0,0.6931471805599453,0.0008432328701020175,0.08514833800633509
7b_fixed,yelp,cold_start_user,4,0.6309297535714575,0.43067655807339306,-0.20025319549806447,0.4278825725126764,0.18308349586006578,0.07073534333262343,0.7305006207590723,1.0,6.061456918928017,0.6931471805599453,0.6666666666666666,3.0,0.0,0.0,1.0,0.6931471805599453,0.23124242623647046,0.05202622555059808
7b_fixed,yelp,cold_start_user,5,1.0,0.0,-1.0,0.4278825725126764,0.18308349586006578,0.07073534333262343,0.7305006207590723,1.0,7.803843303538772,1.6094379124341003,0.6625,3.0,0.0,0.0,1.0,0.6931471805599453,0.0030090451240539773,0.08058422971571551
7b_fixed,yelp,cold_start_user,6,0.0,0.5,0.5,0.4278825725126764,0.18308349586006578,0.07073534333262343,0.7305006207590723,1.0,6.665683717782408,0.6931471805599453,0.6625,3.0,0.0,0.0,1.0,0.6931471805599453,0.0027151286602020153,0.04281382377453023
7b_fixed,yelp,cold_start_user,7,1.0,0.6309297535714575,-0.36907024642854247,0.4278825725126764,0.18308349586006578,0.07073534333262343,0.7305006207590723,1.0,8.938925271988273,1.3862943611198906,0.6666666666666666,3.0,0.0,0.0,1.0,0.6931471805599453,0.00012130737304694161,0.08496209737940104
7b_fixed,yelp,cold_start_user,8,0.6309297535714575,0.5,-0.13092975357145753,0.4278825725126764,0.18308349586006578,0.07073534333262343,0.7305006207590723,1.0,5.934894195619588,0.6931471805599453,0.6666666666666666,2.0,0.05263157894736842,0.0,1.0,0.6931471805599453,0.2213815530141195,0.05051453119129897
7b_fixed,yelp,cold_start_user,9,1.0,0.43067655807339306,-0.5693234419266069,0.4278825725126764,0.18308349586006578,0.07073534333262343,0.7305006207590723,1.0,7.83399634170946,1.9459101490553132,0.6666666666666666,3.0,0.0,0.0,1.0,0.6931471805599453,0.0022489428520202637,0.08030522763384373
7b_fixed,yelp,cold_start_user,10,0.5,1.0,0.5,0.4278825725126764,0.18308349586006578,0.07073534333262343,0.7305006207590723,1.0,7.531552381407289,1.3862943611198906,0.6583333333333333,2.0,0.10526315789473684,0.0,1.0,0.6931471805599453,0.2291452785332998,0.06265779500957153
7b_fixed,yelp,cold_start_user,11,0.5,0.0,-0.5,0.4278825725126764,0.18308349586006578,0.07073534333262343,0.7305006207590723,1.0,6.429719478039138,0.6931471805599453,0.6625,3.0,0.0,0.0,1.0,0.6931471805599453,0.00020061135292054333,0.034347011756087314
7b_fixed,yelp,cold_start_user,12,0.5,0.5,0.0,0.4278825725126764,0.18308349586006578,0.07073534333262343,0.7305006207590723,1.0,6.066108090103747,0.6931471805599453,0.6666666666666666,3.0,0.0,0.0,1.0,0.6931471805599453,0.23710330327351886,0.056024839771867334
7b_fixed,yelp,cold_start_user,13,0.0,0.0,0.0,0.4278825725126764,0.18308349586006578,0.07073534333262343,0.7305006207590723,1.0,7.81762544305337,1.3862943611198906,0.6666666666666666,3.0,0.0,0.0,1.0,0.6931471805599453,0.002894210815429732,0.0724628253645645
7b_fixed,yelp,cold_start_user,14,1.0,0.0,-1.0,0.4278825725126764,0.18308349586006578,0.07073534333262343,0.7305006207590723,1.0,6.576469569048224,0.6931471805599453,0.6666666666666666,3.0,0.0,0.0,1.0,0.6931471805599453,0.006293964385986339,0.01188497526253374
7b_fixed,yelp,cold_start_user,15,0.5,0.6309297535714575,0.13092975357145753,0.4278825725126764,0.18308349586006578,0.07073534333262343,0.7305006207590723,1.0,6.62273632394984,0.6931471805599453,0.6666666666666666,2.0,0.05263157894736842,0.0,1.0,0.6931471805599453,0.0001313030719756747,0.01450531718999067
7b_fixed,yelp,cold_start_user,16,0.38685280723454163,0.5,0.11314719276545837,0.4278825725126764,0.18308349586006578,0.07073534333262343,0.7305006207590723,1.0,6.461468176353717,0.6931471805599453,0.6666666666666666,3.0,0.0,0.0,1.0,0.6931471805599453,0.0005959153175353893,0.01078213018021997
7b_fixed,yelp,cold_start_user,17,0.6309297535714575,0.0,-0.6309297535714575,0.4278825725126764,0.18308349586006578,0.07073534333262343,0.7305006207590723,1.0,6.418364935936212,0.6931471805599453,0.6666666666666666,3.0,0.0,0.0,1.0,0.6931471805599453,0.23224317630132035,0.054785177746058525
7b_fixed,yelp,cold_start_user,18,0.43067655807339306,0.0,-0.43067655807339306,0.4278825725126764,0.18308349586006578,0.07073534333262343,0.7305006207590723,1.0,6.745236349484362,0.6931471805599453,0.6666666666666666,2.0,0.05263157894736842,0.0,1.0,0.6931471805599453,0.0053244352340698214,0.012449625959681639
7b_fixed,yelp,cold_start_user,19,1.0,1.0,0.0,0.4278825725126764,0.18308349586006578,0.07073534333262343,0.7305006207590723,1.0,5.891644211825771,0.6931471805599453,0.6666666666666666,3.0,0.0,0.0,1.0,0.6931471805599453,0.0015100300312042014,0.017673684433631928
7b_fixed,yelp,cold_start_user,20,0.6309297535714575,0.6309297535714575,0.0,0.4278825725126764,0.18308349586006578,0.07073534333262343,0.7305006207590723,1.0,7.170119543449628,1.0986122886681096,0.6625,3.0,0.0,0.0,1.0,0.6931471805599453,0.22360267241795856,0.05991765879109775
7b_fixed,yelp,cold_start_user,21,0.0,0.0,0.0,0.4278825725126764,0.18308349586006578,0.07073534333262343,0.7305006207590723,1.0,6.679599185844383,0.6931471805599453,0.6625,3.0,0.0,0.0,1.0,0.6931471805599453,0.2327214141686757,0.06474678508469993
7b_fixed,yelp,cold_start_user,22,1.0,0.0,-1.0,0.4278825725126764,0.18308349586006578,0.07073534333262343,0.7305006207590723,1.0,6.9363427358340495,0.6931471805599453,0.6583333333333333,3.0,0.0,0.0,1.0,0.6931471805599453,0.00023134946823116787,0.049090823970805414
7b_fixed,yelp,cold_start_user,23,0.0,0.0,0.0,0.4278825725126764,0.18308349586006578,0.07073534333262343,0.7305006207590723,1.0,6.327936783729195,0.6931471805599453,0.6583333333333333,3.0,0.0,0.0,1.0,0.6931471805599453,0.2328986724217733,0.0805946667874149
7b_fixed,yelp,cold_start_user,24,0.5,0.5,0.0,0.4278825725126764,0.18308349586006578,0.07073534333262343,0.7305006207590723,1.0,8.00736706798333,1.9459101490553132,0.6666666666666666,2.0,0.10526315789473684,0.0,1.0,0.6931471805599453,0.23183918197949727,0.05285033697271754
7b_fixed,yelp,cold_start_user,25,0.43067655807339306,0.5,0.06932344192660694,0.4278825725126764,0.18308349586006578,0.07073534333262343,0.7305006207590723,1.0,6.835184586147301,0.6931471805599453,0.6666666666666666,3.0,0.0,0.0,1.0,0.6931471805599453,0.0005007505416870228,0.010253197786646668
7b_fixed,yelp,cold_start_user,26,0.43067655807339306,0.43067655807339306,0.0,0.4278825725126764,0.18308349586006578,0.07073534333262343,0.7305006207590723,1.0,7.52131798019924,0.6931471805599453,0.6666666666666666,3.0,0.0,0.0,1.0,0.6931471805599453,0.23518788417180375,0.057132758889230965
7b_fixed,yelp,cold_start_user,27,0.0,0.0,0.0,0.4278825725126764,0.18308349586006578,0.07073534333262343,0.7305006207590723,1.0,6.261491684321042,0.6931471805599453,0.6625,3.0,0.0,0.0,1.0,0.6931471805599453,0.0004848361015319935,0.03600262516155833
7b_fixed,yelp,cold_start_user,28,0.0,1.0,1.0,0.4278825725126764,0.18308349586006578,0.07073534333262343,0.7305006207590723,1.0,6.980075940561763,1.0986122886681096,0.6625,2.0,0.05263157894736842,0.0,1.0,0.6931471805599453,0.0003481328487395796,0.09241074396312814
7b_fixed,yelp,cold_start_user,29,0.38685280723454163,0.0,-0.38685280723454163,0.4278825725126764,0.18308349586006578,0.07073534333262343,0.7305006207590723,1.0,7.397561535524052,1.0986122886681096,0.6625,2.0,0.10526315789473684,0.0,1.0,0.6931471805599453,0.0014577984809875377,0.030910463451552288
7b_fixed,yelp,cold_start_user,30,0.0,0.0,0.0,0.4278825725126764,0.18308349586006578,0.07073534333262343,0.7305006207590723,1.0,7.58629630715272,1.3862943611198906,0.6666666666666666,2.0,0.05263157894736842,0.0,1.0,0.6931471805599453,0.0005820214748382679,0.016373332246374286
7b_fixed,yelp,cold_start_user,31,0.5,0.0,-0.5,0.4278825725126764,0.18308349586006578,0.07073534333262343,0.7305006207590723,1.0,6.940222469119639,0.6931471805599453,0.6666666666666666,3.0,0.0,0.0,1.0,0.6931471805599453,0.23468200167020153,0.05387312277885956
7b_fixed,yelp,cold_start_user,32,0.0,0.0,0.0,0.4278825725126764,0.18308349586006578,0.07073534333262343,0.7305006207590723,1.0,7.256297239690681,1.3862943611198906,0.6625,3.0,0.0,0.0,0.95,0.6931471805599453,0.23861719568570455,0.06505941389751704
7b_fixed,yelp,cold_start_user,33,1.0,1.0,0.0,0.4278825725126764,0.18308349586006578,0.07073534333262343,0.7305006207590723,1.0,7.466227556215481,1.6094379124341003,0.6666666666666666,3.0,0.0,0.0,1.0,1.0986122886681096,0.23328414162000022,0.05314749511182434
7b_fixed,yelp,cold_start_user,34,1.0,0.38685280723454163,-0.6131471927654584,0.4278825725126764,0.18308349586006578,0.07073534333262343,0.7305006207590723,1.0,7.5766097669730375,0.6931471805599453,0.6625,3.0,0.0,0.0,1.0,0.6931471805599453,0.23215291102727253,0.06329714890637207
7b_fixed,yelp,cold_start_user,35,1.0,1.0,0.0,0.4278825725126764,0.18308349586006578,0.07073534333262343,0.7305006207590723,1.0,8.034955024502159,1.0986122886681096,0.6625,3.0,0.0,0.0,1.0,0.6931471805599453,0.2315304418404897,0.061799734623388496
7b_fixed,yelp,cold_start_user,36,0.5,0.0,-0.5,0.4278825725126764,0.18308349586006578,0.07073534333262343,0.7305006207590723,1.0,6.866933284461882,0.6931471805599453,0.6583333333333333,2.0,0.05263157894736842,0.0,1.0,0.6931471805599453,0.235832150777181,0.0860989264259311
7b_fixed,yelp,cold_start_user,37,0.5,0.0,-0.5,0.4278825725126764,0.18308349586006578,0.07073534333262343,0.7305006207590723,1.0,7.591357046698551,1.3862943611198906,0.6625,3.0,0.0,0.0,1.0,0.6931471805599453,0.21904084285100295,0.06462544059013432
7b_fixed,yelp,cold_start_user,38,1.0,1.0,0.0,0.4278825725126764,0.18308349586006578,0.07073534333262343,0.7305006207590723,1.0,8.183676582620658,1.6094379124341003,0.6666666666666666,3.0,0.0,0.0,1.0,0.6931471805599453,0.23180429538091019,0.051818829914732495
7b_fixed,yelp,cold_start_user,39,0.0,0.38685280723454163,0.38685280723454163,0.4278825725126764,0.18308349586006578,0.07073534333262343,0.7305006207590723,1.0,5.955837369464831,0.6931471805599453,0.6625,2.0,0.05263157894736842,0.0,1.0,0.6931471805599453,0.0021755218505859486,0.03456500667048195
7b_fixed,yelp,cold_start_user,40,0.43067655807339306,0.0,-0.43067655807339306,0.4278825725126764,0.18308349586006578,0.07073534333262343,0.7305006207590723,1.0,6.756932389247553,0.6931471805599453,0.6666666666666666,3.0,0.0,0.0,0.95,0.6931471805599453,0.00048894882202144,0.004719100014121801
7b_fixed,yelp,cold_start_user,41,0.0,0.38685280723454163,0.38685280723454163,0.4278825725126764,0.18308349586006578,0.07073534333262343,0.7305006207590723,1.0,7.234177179749849,1.0986122886681096,0.6666666666666666,3.0,0.0,0.0,1.0,0.6931471805599453,0.0013834297657013273,0.015837909999831704
7b_fixed,yelp,cold_start_user,42,0.5,0.6309297535714575,0.13092975357145753,0.4278825725126764,0.18308349586006578,0.07073534333262343,0.7305006207590723,1.0,8.640648995343156,1.9459101490553132,0.6583333333333333,3.0,0.0,0.0,1.0,0.6931471805599453,0.0021843731403351496,0.09515878998556801
7b_fixed,yelp,cold_start_user,43,0.0,0.0,0.0,0.4278825725126764,0.18308349586006578,0.07073534333262343,0.7305006207590723,1.0,7.6093665379542115,1.3862943611198906,0.6666666666666666,3.0,0.0,0.0,1.0,0.6931471805599453,0.23261072834332785,0.05255462752930128
7b_fixed,yelp,cold_start_user,44,0.6309297535714575,0.0,-0.6309297535714575,0.4278825725126764,0.18308349586006578,0.07073534333262343,0.7305006207590723,1.0,7.9420068084898565,1.9459101490553132,0.6625,2.0,0.05263157894736842,0.0,1.0,0.6931471805599453,0.003421998023986794,0.09992382673892439
7b_fixed,yelp,cold_start_user,45,0.0,0.0,0.0,0.4278825725126764,0.18308349586006578,0.07073534333262343,0.7305006207590723,1.0,6.907755278982137,1.0986122886681096,0.6666666666666666,3.0,0.0,0.0,1.0,0.6931471805599453,0.23550197084744767,0.05308769446629489
7b_fixed,yelp,cold_start_user,46,0.6309297535714575,1.0,0.36907024642854247,0.4278825725126764,0.18308349586006578,0.07073534333262343,0.7305006207590723,1.0,7.789868559054706,1.3862943611198906,0.6666666666666666,3.0,0.0,0.0,1.0,1.0986122886681096,0.23169681032498674,0.053541470214983275
7b_fixed,yelp,cold_start_user,47,0.0,0.0,0.0,0.4278825725126764,0.18308349586006578,0.07073534333262343,0.7305006207590723,1.0,5.883322388488279,0.6931471805599453,0.6666666666666666,3.0,0.0,0.0,1.0,0.6931471805599453,0.0012216210365295632,0.005780265952920776
7b_fixed,yelp,cold_start_user,48,0.0,0.0,0.0,0.4278825725126764,0.18308349586006578,0.07073534333262343,0.7305006207590723,1.0,6.818924065275521,0.6931471805599453,0.6666666666666666,2.0,0.05263157894736842,0.0,1.0,0.6931471805599453,6.923675537112706e-05,0.016592543472345095
7b_fixed,yelp,cold_start_user,49,0.0,1.0,1.0,0.4278825725126764,0.18308349586006578,0.07073534333262343,0.7305006207590723,1.0,6.1903154058531475,0.6931471805599453,0.6666666666666666,3.0,0.0,0.0,1.0,0.6931471805599453,0.00032089948654173694,0.004445076521538552
7b_fixed,yelp,cold_start_user,50,0.6309297535714575,0.6309297535714575,0.0,0.4278825725126764,0.18308349586006578,0.07073534333262343,0.7305006207590723,1.0,7.440733707389261,1.3862943611198906,0.6583333333333333,3.0,0.0,0.0,1.0,0.6931471805599453,0.002809971570968628,0.07831584201595455
7b_fixed,yelp,cold_start_user,51,0.43067655807339306,0.6309297535714575,0.20025319549806447,0.4278825725126764,0.18308349586006578,0.07073534333262343,0.7305006207590723,1.0,6.881411303642535,0.6931471805599453,0.6666666666666666,3.0,0.0,0.0,1.0,0.6931471805599453,0.00039737820625307396,0.017470858224079736
7b_fixed,yelp,cold_start_user,52,1.0,0.43067655807339306,-0.5693234419266069,0.4278825725126764,0.18308349586006578,0.07073534333262343,0.7305006207590723,1.0,7.332369205929062,1.0986122886681096,0.6666666666666666,0.0,0.15789473684210525,0.05263157894736842,0.95,1.3862943611198906,0.000496226549148604,0.007609801581426249
7b_fixed,yelp,cold_start_user,53,0.43067655807339306,0.0,-0.43067655807339306,0.4278825725126764,0.18308349586006578,0.07073534333262343,0.7305006207590723,1.0,6.037870919922137,0.6931471805599453,0.6666666666666666,2.0,0.05263157894736842,0.0,1.0,0.6931471805599453,0.2439469416936238,0.05910635780632088
7b_fixed,yelp,cold_start_user,54,0.0,0.0,0.0,0.4278825725126764,0.18308349586006578,0.07073534333262343,0.7305006207590723,1.0,7.0317412587631285,0.6931471805599453,0.6625,2.0,0.15789473684210525,0.0,1.0,0.6931471805599453,0.22935745914777123,0.06383044986130922
7b_fixed,yelp,cold_start_user,55,0.38685280723454163,0.6309297535714575,0.2440769463369159,0.4278825725126764,0.18308349586006578,0.07073534333262343,0.7305006207590723,1.0,6.968850378341948,1.0986122886681096,0.6666666666666666,2.0,0.05263157894736842,0.0,1.0,0.6931471805599453,0.003010940551757768,0.006356106252084046
7b_fixed,yelp,cold_start_user,56,0.43067655807339306,0.0,-0.43067655807339306,0.4278825725126764,0.18308349586006578,0.07073534333262343,0.7305006207590723,1.0,6.8966943316227125,0.6931471805599453,0.6583333333333333,3.0,0.0,0.0,1.0,0.6931471805599453,0.23561306794484455,0.06988129667602896
7b_fixed,yelp,cold_start_user,57,0.5,1.0,0.5,0.4278825725126764,0.18308349586006578,0.07073534333262343,0.7305006207590723,1.0,6.1779441140506,0.6931471805599453,0.6666666666666666,3.0,0.0,0.0,1.0,1.0986122886681096,0.0006495416164398193,0.006348522646154377
7b_fixed,yelp,cold_start_user,58,0.43067655807339306,0.38685280723454163,-0.04382375083885143,0.4278825725126764,0.18308349586006578,0.07073534333262343,0.7305006207590723,1.0,6.082218910376446,0.6931471805599453,0.6666666666666666,3.0,0.0,0.0,1.0,0.6931471805599453,0.23752119143803913,0.05900012303313272
7b_fixed,yelp,cold_start_user,59,0.0,0.0,0.0,0.4278825725126764,0.18308349586006578,0.07073534333262343,0.7305006207590723,1.0,6.525029657843462,0.6931471805599453,0.6666666666666666,2.0,0.15789473684210525,0.0,1.0,0.6931471805599453,0.2265139778455098,0.05144905109916818
7b_fixed,yelp,cold_start_user,60,0.43067655807339306,0.38685280723454163,-0.04382375083885143,0.4278825725126764,0.18308349586006578,0.07073534333262343,0.7305006207590723,1.0,6.577861357721047,1.0986122886681096,0.6666666666666666,3.0,0.0,0.0,1.0,0.6931471805599453,0.0003727912902831698,0.01593138485004524
7b_fixed,yelp,cold_start_user,61,0.0,0.5,0.5,0.4278825725126764,0.18308349586006578,0.07073534333262343,0.7305006207590723,1.0,7.534762657037537,1.6094379124341003,0.6666666666666666,2.0,0.10526315789473684,0.0,1.0,0.6931471805599453,0.0009685814380646085,0.008121220506052745
7b_fixed,yelp,cold_start_user,62,0.5,0.5,0.0,0.4278825725126764,0.18308349586006578,0.07073534333262343,0.7305006207590723,1.0,6.658011045870748,0.6931471805599453,0.6666666666666666,3.0,0.0,0.0,1.0,0.6931471805599453,0.0031228423118591087,0.02193495320082538
7b_fixed,yelp,cold_start_user,63,0.5,0.0,-0.5,0.4278825725126764,0.18308349586006578,0.07073534333262343,0.7305006207590723,1.0,5.986452005284438,0.6931471805599453,0.6625,2.0,0.10526315789473684,0.0,1.0,0.6931471805599453,0.0002035081386566051,0.03088569685042221
7b_fixed,yelp,cold_start_user,64,0.0,0.0,0.0,0.4278825725126764,0.18308349586006578,0.07073534333262343,0.7305006207590723,1.0,7.713784616598755,1.6094379124341003,0.6666666666666666,3.0,0.0,0.0,1.0,0.6931471805599453,0.001178741455078125,0.0033300360699654408
7b_fixed,yelp,cold_start_user,65,0.0,0.6309297535714575,0.6309297535714575,0.4278825725126764,0.18308349586006578,0.07073534333262343,0.7305006207590723,1.0,8.065265208897733,1.3862943611198906,0.6625,2.0,0.10526315789473684,0.0,1.0,0.6931471805599453,0.0004424929618834783,0.09248941462212196
7b_fixed,yelp,cold_start_user,66,0.0,1.0,1.0,0.4278825725126764,0.18308349586006578,0.07073534333262343,0.7305006207590723,1.0,8.101071503119543,1.9459101490553132,0.6625,2.0,0.05263157894736842,0.0,1.0,0.6931471805599453,0.0008342027664184348,0.09115396735873627
7b_fixed,yelp,cold_start_user,67,1.0,0.0,-1.0,0.4278825725126764,0.18308349586006578,0.07073534333262343,0.7305006207590723,1.0,6.0112671744041615,0.6931471805599453,0.6458333333333333,3.0,0.0,0.0,1.0,1.0986122886681096,0.0003862023353576882,0.07854270757516583
7b_fixed,yelp,cold_start_user,68,0.0,0.0,0.0,0.4278825725126764,0.18308349586006578,0.07073534333262343,0.7305006207590723,1.0,7.884952945759814,1.6094379124341003,0.6666666666666666,3.0,0.0,0.0,1.0,0.6931471805599453,0.23530380924542743,0.05282473889591085
7b_fixed,yelp,cold_start_user,69,0.38685280723454163,0.38685280723454163,0.0,0.4278825725126764,0.18308349586006578,0.07073534333262343,0.7305006207590723,1.0,5.942799375126701,0.6931471805599453,0.6666666666666666,3.0,0.0,0.0,1.0,0.6931471805599453,0.23230279286702465,0.05557565131282876
7b_fixed,yelp,cold_start_user,70,0.0,0.0,0.0,0.4278825725126764,0.18308349586006578,0.07073534333262343,0.7305006207590723,1.0,8.405367376233981,1.6094379124341003,0.6666666666666666,3.0,0.0,0.0,1.0,0.6931471805599453,0.010353827476501487,0.07632873212755543
7b_fixed,yelp,cold_start_user,71,0.5,0.5,0.0,0.4278825725126764,0.18308349586006578,0.07073534333262343,0.7305006207590723,1.0,7.4360278163518485,0.6931471805599453,0.6541666666666666,3.0,0.0,0.0,1.0,0.6931471805599453,0.22736443479855856,0.08541783337849038
7b_fixed,yelp,cold_start_user,72,0.6309297535714575,0.38685280723454163,-0.2440769463369159,0.4278825725126764,0.18308349586006578,0.07073534333262343,0.7305006207590723,1.0,5.978885764901122,0.6931471805599453,0.6666666666666666,3.0,0.0,0.0,1.0,0.6931471805599453,0.0010156810283661333,0.02021444634699285
7b_fixed,yelp,cold_start_user,73,0.0,0.0,0.0,0.4278825725126764,0.18308349586006578,0.07073534333262343,0.7305006207590723,1.0,7.719129840906732,1.3862943611198906,0.6666666666666666,2.0,0.05263157894736842,0.0,1.0,0.6931471805599453,0.024285238981247015,0.06855651609449605
7b_fixed,yelp,cold_start_user,74,0.0,0.43067655807339306,0.43067655807339306,0.4278825725126764,0.18308349586006578,0.07073534333262343,0.7305006207590723,1.0,6.018593214496234,0.6931471805599453,0.6666666666666666,3.0,0.0,0.0,1.0,1.0986122886681096,0.23147527774175003,0.05219881971384193
7b_fixed,yelp,cold_start_user,75,0.6309297535714575,0.6309297535714575,0.0,0.4278825725126764,0.18308349586006578,0.07073534333262343,0.7305006207590723,1.0,8.01532730902172,1.791759469228055,0.6625,3.0,0.0,0.0,1.0,0.6931471805599453,0.011654877662658714,0.07543310943370404
7b_fixed,yelp,cold_start_user,76,0.0,0.5,0.5,0.4278825725126764,0.18308349586006578,0.07073534333262343,0.7305006207590723,1.0,6.541029999189903,0.6931471805599453,0.6666666666666666,3.0,0.0,0.0,1.0,0.6931471805599453,0.0009834766387939453,0.009096739337635005
7b_fixed,yelp,cold_start_user,77,0.0,0.38685280723454163,0.38685280723454163,0.4278825725126764,0.18308349586006578,0.07073534333262343,0.7305006207590723,1.0,7.370860166536716,1.6094379124341003,0.6666666666666666,3.0,0.0,0.0,1.0,0.6931471805599453,0.0007706880569458008,0.09368145240812005
7b_fixed,yelp,cold_start_user,78,0.0,0.0,0.0,0.4278825725126764,0.18308349586006578,0.07073534333262343,0.7305006207590723,1.0,7.1770187659099,0.6931471805599453,0.6625,3.0,0.0,0.0,1.0,0.6931471805599453,0.2379692097504933,0.06298191316679905
7b_fixed,yelp,cold_start_user,79,0.0,0.0,0.0,0.4278825725126764,0.18308349586006578,0.07073534333262343,0.7305006207590723,1.0,6.16541785423142,0.6931471805599453,0.6583333333333333,3.0,0.0,0.0,1.0,0.6931471805599453,0.010103899240493763,0.02286585261418029
7b_fixed,yelp,cold_start_user,80,0.0,0.0,0.0,0.4278825725126764,0.18308349586006578,0.07073534333262343,0.7305006207590723,1.0,8.148445666243235,1.0986122886681096,0.6541666666666666,2.0,0.05263157894736842,0.0,1.0,0.6931471805599453,0.46768240133921307,0.12389727755051669
7b_fixed,yelp,cold_start_user,81,0.38685280723454163,1.0,0.6131471927654584,0.4278825725126764,0.18308349586006578,0.07073534333262343,0.7305006207590723,1.0,8.255568653283746,1.6094379124341003,0.6583333333333333,3.0,0.0,0.0,1.0,0.6931471805599453,4.615187644951835e-05,0.08326722015297776
7b_fixed,yelp,cold_start_user,82,0.0,0.6309297535714575,0.6309297535714575,0.4278825725126764,0.18308349586006578,0.07073534333262343,0.7305006207590723,1.0,7.490529402060711,1.0986122886681096,0.6625,3.0,0.0,0.0,1.0,0.6931471805599453,0.2228331645329793,0.0669977619437393
7b_fixed,yelp,cold_start_user,83,0.0,0.6309297535714575,0.6309297535714575,0.4278825725126764,0.18308349586006578,0.07073534333262343,0.7305006207590723,1.0,6.249975242259483,0.6931471805599453,0.6666666666666666,3.0,0.0,0.0,1.0,0.6931471805599453,0.0038163900375366433,0.0172945110099354
7b_fixed,yelp,cold_start_user,84,0.6309297535714575,0.0,-0.6309297535714575,0.4278825725126764,0.18308349586006578,0.07073534333262343,0.7305006207590723,1.0,7.160845906664299,0.6931471805599453,0.6625,2.0,0.05263157894736842,0.0,1.0,0.6931471805599453,0.000676739215850819,0.03237608006133343
7b_fixed,yelp,cold_start_user,85,0.0,1.0,1.0,0.4278825725126764,0.18308349586006578,0.07073534333262343,0.7305006207590723,1.0,7.206377291472252,1.0986122886681096,0.6625,2.0,0.05263157894736842,0.0,1.0,0.6931471805599453,0.2330964763959249,0.0628566869616631
7b_fixed,yelp,cold_start_user,86,1.0,1.0,0.0,0.4278825725126764,0.18308349586006578,0.07073534333262343,0.7305006207590723,1.0,6.949856455000773,0.6931471805599453,0.6666666666666666,3.0,0.0,0.0,1.0,0.6931471805599453,0.001588708162307717,0.010000081979801782
7b_fixed,yelp,cold_start_user,87,1.0,1.0,0.0,0.4278825725126764,0.18308349586006578,0.07073534333262343,0.7305006207590723,1.0,6.175867270105761,0.6931471805599453,0.6625,3.0,0.0,0.0,1.0,0.6931471805599453,0.2326066156228383,0.0681855088800083
7b_fixed,yelp,cold_start_user,88,0.6309297535714575,0.6309297535714575,0.0,0.4278825725126764,0.18308349586006578,0.07073534333262343,0.7305006207590723,1.0,7.075808863978387,0.6931471805599453,0.6666666666666666,3.0,0.0,0.0,1.0,0.6931471805599453,0.0005180239677429199,0.00790330239177481
7b_fixed,yelp,cold_start_user,89,0.0,0.43067655807339306,0.43067655807339306,0.4278825725126764,0.18308349586006578,0.07073534333262343,0.7305006207590723,1.0,6.486160788944089,0.6931471805599453,0.6666666666666666,3.0,0.0,0.0,1.0,0.6931471805599453,0.0017508029937743919,0.009463214514448245
7b_fixed,yelp,cold_start_user,90,0.6309297535714575,0.5,-0.13092975357145753,0.4278825725126764,0.18308349586006578,0.07073534333262343,0.7305006207590723,1.0,6.07073772800249,0.6931471805599453,0.6666666666666666,3.0,0.0,0.0,1.0,0.6931471805599453,0.0005533039569854403,0.009322546235682315
7b_fixed,yelp,cold_start_user,91,0.0,0.0,0.0,0.4278825725126764,0.18308349586006578,0.07073534333262343,0.7305006207590723,1.0,6.92951677076365,1.0986122886681096,0.6666666666666666,3.0,0.0,0.0,1.0,0.6931471805599453,0.23193339904149368,0.05358957919735323
7b_fixed,yelp,cold_start_user,92,0.0,0.0,0.0,0.4278825725126764,0.18308349586006578,0.07073534333262343,0.7305006207590723,1.0,7.611842399580417,1.3862943611198906,0.6625,2.0,0.05263157894736842,0.0,1.0,0.6931471805599453,0.19233864744504287,0.053742973421317466
7b_fixed,yelp,cold_start_user,93,0.0,0.38685280723454163,0.38685280723454163,0.4278825725126764,0.18308349586006578,0.07073534333262343,0.7305006207590723,1.0,6.890609120147166,1.0986122886681096,0.6541666666666666,3.0,0.0,0.0,1.0,0.6931471805599453,0.23818704088528952,0.08209903383487704
7b_fixed,yelp,cold_start_user,94,0.6309297535714575,0.5,-0.13092975357145753,0.4278825725126764,0.18308349586006578,0.07073534333262343,0.7305006207590723,1.0,8.471358655072438,1.9459101490553132,0.6625,3.0,0.0,0.0,1.0,0.6931471805599453,0.0019014358520507146,0.08321759805487794
7b_fixed,yelp,cold_start_user,95,1.0,0.0,-1.0,0.4278825725126764,0.18308349586006578,0.07073534333262343,0.7305006207590723,1.0,6.895682697747868,1.0986122886681096,0.6583333333333333,2.0,0.05263157894736842,0.0,1.0,0.6931471805599453,0.0013323426246643066,0.04951824388697534
7b_fixed,yelp,cold_start_user,96,1.0,0.5,-0.5,0.4278825725126764,0.18308349586006578,0.07073534333262343,0.7305006207590723,1.0,8.293049139768444,1.6094379124341003,0.6666666666666666,3.0,0.0,0.0,1.0,0.6931471805599453,0.2377872129281362,0.11333876481410883
7b_fixed,yelp,cold_start_user,97,0.0,1.0,1.0,0.4278825725126764,0.18308349586006578,0.07073534333262343,0.7305006207590723,1.0,7.962763930168115,1.6094379124341003,0.6666666666666666,2.0,0.05263157894736842,0.0,1.0,0.6931471805599453,0.23517990907033282,0.12601379202369747
7b_fixed,yelp,cold_start_user,98,0.6309297535714575,1.0,0.36907024642854247,0.4278825725126764,0.18308349586006578,0.07073534333262343,0.7305006207590723,1.0,5.872117789475416,0.6931471805599453,0.6666666666666666,3.0,0.0,0.0,1.0,0.6931471805599453,0.010086554288864125,0.009216457910952007
7b_fixed,yelp,cold_start_user,99,0.0,0.5,0.5,0.4278825725126764,0.18308349586006578,0.07073534333262343,0.7305006207590723,1.0,7.028201432058005,1.0986122886681096,0.6666666666666666,3.0,0.0,0.0,1.0,0.6931471805599453,0.22012477715810141,0.0520040845811893
7b_fixed,yelp,cold_start_user,100,0.38685280723454163,1.0,0.6131471927654584,0.4278825725126764,0.18308349586006578,0.07073534333262343,0.7305006207590723,1.0,7.22983877815125,0.6931471805599453,0.6625,3.0,0.0,0.0,1.0,0.6931471805599453,0.002309507131576516,0.026348254634642222
7b_fixed,yelp,cold_start_user,101,0.6309297535714575,0.6309297535714575,0.0,0.4278825725126764,0.18308349586006578,0.07073534333262343,0.7305006207590723,1.0,6.126869184114185,0.6931471805599453,0.6666666666666666,3.0,0.0,0.0,1.0,0.6931471805599453,0.0032307028770446333,0.010527226168596217
7b_fixed,yelp,cold_start_user,102,0.5,0.38685280723454163,-0.11314719276545837,0.4278825725126764,0.18308349586006578,0.07073534333262343,0.7305006207590723,1.0,8.351846738828245,1.9459101490553132,0.6666666666666666,3.0,0.0,0.0,1.0,0.6931471805599453,0.0012799501419067383,0.10199132874556492
7b_fixed,yelp,cold_start_user,103,1.0,1.0,0.0,0.4278825725126764,0.18308349586006578,0.07073534333262343,0.7305006207590723,1.0,7.842278779117352,1.3862943611198906,0.6625,3.0,0.0,0.0,1.0,0.6931471805599453,0.2299055775006612,0.061406673515117874
7b_fixed,yelp,cold_start_user,104,0.6309297535714575,0.0,-0.6309297535714575,0.4278825725126764,0.18308349586006578,0.07073534333262343,0.7305006207590723,1.0,7.579167967396076,1.0986122886681096,0.6625,3.0,0.0,0.0,1.0,0.6931471805599453,0.0007506966590881126,0.046970055415932105
7b_fixed,yelp,cold_start_user,105,0.38685280723454163,0.43067655807339306,0.04382375083885143,0.4278825725126764,0.18308349586006578,0.07073534333262343,0.7305006207590723,1.0,5.921578419643816,0.6931471805599453,0.6666666666666666,3.0,0.0,0.0,1.0,1.0986122886681096,0.0003738999366760254,0.011394982025465236
7b_fixed,yelp,cold_start_user,106,1.0,0.43067655807339306,-0.5693234419266069,0.4278825725126764,0.18308349586006578,0.07073534333262343,0.7305006207590723,1.0,7.791935956938058,1.791759469228055,0.6666666666666666,3.0,0.0,0.0,1.0,0.6931471805599453,0.00030487775802612305,0.09357539807432538
7b_fixed,yelp,cold_start_user,107,0.0,0.43067655807339306,0.43067655807339306,0.4278825725126764,0.18308349586006578,0.07073534333262343,0.7305006207590723,1.0,6.0063531596017325,0.6931471805599453,0.6666666666666666,2.0,0.05263157894736842,0.0,1.0,0.6931471805599453,0.0011462330818176047,0.01774426928926737
7b_fixed,yelp,cold_start_user,108,0.0,0.0,0.0,0.4278825725126764,0.18308349586006578,0.07073534333262343,0.7305006207590723,1.0,5.908082938168931,0.6931471805599453,0.6666666666666666,2.0,0.10526315789473684,0.0,1.0,0.6931471805599453,0.0002655029296874667,0.008239202127861138
7b_fixed,yelp,cold_start_user,109,0.5,1.0,0.5,0.4278825725126764,0.18308349586006578,0.07073534333262343,0.7305006207590723,1.0,6.393590753950631,0.6931471805599453,0.6666666666666666,2.0,0.05263157894736842,0.0,1.0,0.6931471805599453,0.0024878025054931863,0.011078546477829203
7b_fixed,yelp,cold_start_user,110,1.0,0.5,-0.5,0.4278825725126764,0.18308349586006578,0.07073534333262343,0.7305006207590723,1.0,6.576469569048224,0.6931471805599453,0.6666666666666666,3.0,0.0,0.0,1.0,0.6931471805599453,0.008816027641296409,0.07577401904455085
7b_fixed,yelp,cold_start_user,111,0.0,0.5,0.5,0.4278825725126764,0.18308349586006578,0.07073534333262343,0.7305006207590723,1.0,7.5766097669730375,1.0986122886681096,0.6625,3.0,0.0,0.0,1.0,0.6931471805599453,0.0020430207252502552,0.030812263760848158
7b_fixed,yelp,cold_start_user,112,0.0,0.38685280723454163,0.38685280723454163,0.4278825725126764,0.18308349586006578,0.07073534333262343,0.7305006207590723,1.0,6.580639137284949,1.0986122886681096,0.6666666666666666,2.0,0.05263157894736842,0.0,1.0,0.6931471805599453,0.00028334856033324085,0.01519942833929288
7b_fixed,yelp,cold_start_user,113,0.43067655807339306,0.5,0.06932344192660694,0.4278825725126764,0.18308349586006578,0.07073534333262343,0.7305006207590723,1.0,7.080867896690782,1.3862943611198906,0.6625,3.0,0.0,0.0,1.0,0.6931471805599453,0.2328390558560689,0.06366280409230744
7b_fixed,yelp,cold_start_user,114,0.43067655807339306,0.43067655807339306,0.0,0.4278825725126764,0.18308349586006578,0.07073534333262343,0.7305006207590723,1.0,7.038783541388542,1.0986122886681096,0.6666666666666666,2.0,0.05263157894736842,0.0,1.0,0.6931471805599453,0.0011031568050383633,0.07064727554583283
7b_fixed,yelp,cold_start_user,115,0.0,0.0,0.0,0.4278825725126764,0.18308349586006578,0.07073534333262343,0.7305006207590723,1.0,6.731018100482083,1.0986122886681096,0.6666666666666666,3.0,0.0,0.0,1.0,0.6931471805599453,0.2362163146336873,0.058385338181849565
7b_fixed,yelp,cold_start_user,116,0.0,0.0,0.0,0.4278825725126764,0.18308349586006578,0.07073534333262343,0.7305006207590723,1.0,7.389563953677635,1.0986122886681096,0.6666666666666666,3.0,0.0,0.0,1.0,0.6931471805599453,0.0006788134574889915,0.006599476587136393
7b_fixed,yelp,cold_start_user,117,0.6309297535714575,0.0,-0.6309297535714575,0.4278825725126764,0.18308349586006578,0.07073534333262343,0.7305006207590723,1.0,7.168579897264035,1.3862943611198906,0.6666666666666666,3.0,0.0,0.0,1.0,1.0986122886681096,0.2305996974309285,0.05832888367438554
7b_fixed,yelp,cold_start_user,118,0.0,0.6309297535714575,0.6309297535714575,0.4278825725126764,0.18308349586006578,0.07073534333262343,0.7305006207590723,1.0,5.963579343618446,0.6931471805599453,0.6583333333333333,2.0,0.05263157894736842,0.0,1.0,0.6931471805599453,0.00101543068885801,0.10213513315152027
7b_fixed,yelp,cold_start_user,119,1.0,1.0,0.0,0.4278825725126764,0.18308349586006578,0.07073534333262343,0.7305006207590723,1.0,7.505492274737424,1.0986122886681096,0.6666666666666666,3.0,0.0,0.0,1.0,0.6931471805599453,0.21798503597577412,0.05221834148022838
7b_fixed,yelp,cold_start_user,120,1.0,1.0,0.0,0.4278825725126764,0.18308349586006578,0.07073534333262343,0.7305006207590723,1.0,6.18826412308259,0.6931471805599453,0.6625,3.0,0.0,0.0,1.0,0.6931471805599453,0.013470983505249001,0.10226918716189551
7b_fixed,yelp,cold_start_user,121,0.0,0.0,0.0,0.4278825725126764,0.18308349586006578,0.07073534333262343,0.7305006207590723,1.0,8.142354276849835,1.6094379124341003,0.6625,2.0,0.15789473684210525,0.0,1.0,0.6931471805599453,0.2289403220017751,0.060396742749799455
7b_fixed,yelp,cold_start_user,122,0.6309297535714575,0.6309297535714575,0.0,0.4278825725126764,0.18308349586006578,0.07073534333262343,0.7305006207590723,1.0,8.185628891147607,1.6094379124341003,0.6625,3.0,0.0,0.0,1.0,0.6931471805599453,0.0012410938739776944,0.04127276665330809
7b_fixed,yelp,cold_start_user,123,1.0,0.0,-1.0,0.4278825725126764,0.18308349586006578,0.07073534333262343,0.7305006207590723,1.0,6.854354502255021,1.0986122886681096,0.6666666666666666,3.0,0.0,0.0,1.0,0.6931471805599453,0.0011221468448638916,0.0056699120716682625
7b_fixed,yelp,cold_start_user,124,0.0,0.5,0.5,0.4278825725126764,0.18308349586006578,0.07073534333262343,0.7305006207590723,1.0,7.1180162044653335,1.0986122886681096,0.6666666666666666,3.0,0.0,0.0,1.0,0.6931471805599453,4.273653030395508e-05,0.00536932738381658
7b_fixed,yelp,cold_start_user,125,0.0,0.0,0.0,0.4278825725126764,0.18308349586006578,0.07073534333262343,0.7305006207590723,1.0,6.522092798170152,0.6931471805599453,0.6666666666666666,3.0,0.0,0.0,1.0,0.6931471805599453,0.261720206340154,0.06153521490642154
7b_fixed,yelp,cold_start_user,126,0.5,0.0,-0.5,0.4278825725126764,0.18308349586006578,0.07073534333262343,0.7305006207590723,1.0,6.812345094177479,1.0986122886681096,0.6666666666666666,3.0,0.0,0.0,1.0,0.6931471805599453,0.23054456909497584,0.05475467974814659
7b_fixed,yelp,cold_start_user,127,0.0,0.0,0.0,0.4278825725126764,0.18308349586006578,0.07073534333262343,0.7305006207590723,1.0,7.020190708311925,0.6931471805599453,0.6583333333333333,3.0,0.0,0.0,1.0,0.6931471805599453,0.23463669021924338,0.08440523046589518
7b_fixed,yelp,cold_start_user,128,0.0,0.6309297535714575,0.6309297535714575,0.4278825725126764,0.18308349586006578,0.07073534333262343,0.7305006207590723,1.0,6.171700597410915,0.6931471805599453,0.6625,3.0,0.0,0.0,1.0,0.6931471805599453,2.3943185806285516e-05,0.02524798223068893
7b_fixed,yelp,cold_start_user,129,0.6309297535714575,0.0,-0.6309297535714575,0.4278825725126764,0.18308349586006578,0.07073534333262343,0.7305006207590723,1.0,7.268920128193722,0.6931471805599453,0.6666666666666666,3.0,0.0,0.0,1.0,1.0986122886681096,0.0006307840347289928,0.005969582800109655
7b_fixed,yelp,cold_start_user,130,1.0,0.5,-0.5,0.4278825725126764,0.18308349586006578,0.07073534333262343,0.7305006207590723,1.0,6.78897174299217,0.6931471805599453,0.6541666666666666,2.0,0.10526315789473684,0.0,1.0,0.6931471805599453,0.003050512075424172,0.058000754253529296
7b_fixed,yelp,cold_start_user,131,0.6309297535714575,1.0,0.36907024642854247,0.4278825725126764,0.18308349586006578,0.07073534333262343,0.7305006207590723,1.0,6.336825731146441,0.6931471805599453,0.6666666666666666,3.0,0.0,0.0,1.0,0.6931471805599453,0.020840495824813843,0.09191657850151747
7b_fixed,yelp,cold_start_user,132,1.0,0.6309297535714575,-0.36907024642854247,0.4278825725126764,0.18308349586006578,0.07073534333262343,0.7305006207590723,1.0,6.173786103901937,0.6931471805599453,0.6666666666666666,3.0,0.0,0.0,1.0,0.6931471805599453,0.00481254458427427,0.07185090810771391
7b_fixed,yelp,cold_start_user,133,0.0,0.0,0.0,0.4278825725126764,0.18308349586006578,0.07073534333262343,0.7305006207590723,1.0,7.323170717943469,1.3862943611198906,0.6666666666666666,3.0,0.0,0.0,1.0,0.6931471805599453,0.19560858209927873,0.04653081798898777
7b_fixed,yelp,cold_start_user,134,0.6309297535714575,0.43067655807339306,-0.20025319549806447,0.4278825725126764,0.18308349586006578,0.07073534333262343,0.7305006207590723,1.0,6.35088571671474,0.6931471805599453,0.6666666666666666,2.0,0.05263157894736842,0.0,1.0,0.6931471805599453,0.23126370509465538,0.05441719958710433
7b_fixed,yelp,cold_start_user,135,0.38685280723454163,0.0,-0.38685280723454163,0.4278825725126764,0.18308349586006578,0.07073534333262343,0.7305006207590723,1.0,5.91350300563827,0.6931471805599453,0.6666666666666666,3.0,0.0,0.0,1.0,0.6931471805599453,0.004135644435882602,0.013660870100830289
7b_fixed,yelp,cold_start_user,136,0.38685280723454163,1.0,0.6131471927654584,0.4278825725126764,0.18308349586006578,0.07073534333262343,0.7305006207590723,1.0,6.486160788944089,0.6931471805599453,0.6666666666666666,3.0,0.0,0.0,1.0,0.6931471805599453,0.0013387262821197843,0.015896306024210004
7b_fixed,yelp,cold_start_user,137,0.6309297535714575,1.0,0.36907024642854247,0.4278825725126764,0.18308349586006578,0.07073534333262343,0.7305006207590723,1.0,8.776630098427717,1.9459101490553132,0.6666666666666666,3.0,0.0,0.0,1.0,0.6931471805599453,0.0014403462409973145,0.09423630503085867
7b_fixed,yelp,cold_start_user,138,0.43067655807339306,0.0,-0.43067655807339306,0.4278825725126764,0.18308349586006578,0.07073534333262343,0.7305006207590723,1.0,7.027314514039777,0.6931471805599453,0.6625,3.0,0.0,0.0,1.0,0.6931471805599453,0.2308123966058095,0.06569300691392205
7b_fixed,yelp,cold_start_user,139,0.43067655807339306,0.0,-0.43067655807339306,0.4278825725126764,0.18308349586006578,0.07073534333262343,0.7305006207590723,1.0,6.71174039505618,0.6931471805599453,0.6666666666666666,3.0,0.0,0.0,1.0,0.6931471805599453,0.0014409005641937145,0.009018542709701895
7b_fixed,yelp,cold_start_user,140,1.0,0.0,-1.0,0.4278825725126764,0.18308349586006578,0.07073534333262343,0.7305006207590723,1.0,8.039802343736485,1.3862943611198906,0.6625,3.0,0.0,0.0,1.0,0.6931471805599453,0.0006196618080139826,0.1057128474059771
7b_fixed,yelp,cold_start_user,141,0.0,1.0,1.0,0.4278825725126764,0.18308349586006578,0.07073534333262343,0.7305006207590723,1.0,6.784457062637643,0.6931471805599453,0.6583333333333333,3.0,0.0,0.0,1.0,0.6931471805599453,0.2628314097722372,0.08013918781111516
7b_fixed,yelp,cold_start_user,142,0.6309297535714575,0.0,-0.6309297535714575,0.4278825725126764,0.18308349586006578,0.07073534333262343,0.7305006207590723,1.0,7.122059881629142,0.6931471805599453,0.6666666666666666,3.0,0.0,0.0,1.0,0.6931471805599453,0.2303942759831747,0.05316842824798492
7b_fixed,yelp,cold_start_user,143,0.5,0.38685280723454163,-0.11314719276545837,0.4278825725126764,0.18308349586006578,0.07073534333262343,0.7305006207590723,1.0,6.297109319933935,0.6931471805599453,0.6625,3.0,0.0,0.0,1.0,0.6931471805599453,0.0018028020858764648,0.03460837813637896
7b_fixed,yelp,cold_start_user,144,0.38685280723454163,0.5,0.11314719276545837,0.4278825725126764,0.18308349586006578,0.07073534333262343,0.7305006207590723,1.0,6.091309882077698,0.6931471805599453,0.6666666666666666,3.0,0.0,0.0,1.0,0.6931471805599453,0.2362324794133504,0.05632935274910324
7b_fixed,yelp,cold_start_user,145,0.5,0.5,0.0,0.4278825725126764,0.18308349586006578,0.07073534333262343,0.7305006207590723,1.0,7.857867559331803,1.791759469228055,0.6666666666666666,3.0,0.0,0.0,1.0,1.0986122886681096,0.0044511616230011875,0.08787464693263451
7b_fixed,yelp,cold_start_user,146,0.43067655807339306,0.6309297535714575,0.20025319549806447,0.4278825725126764,0.18308349586006578,0.07073534333262343,0.7305006207590723,1.0,7.615791072035833,0.6931471805599453,0.6666666666666666,3.0,0.0,0.0,1.0,0.6931471805599453,0.21973810990651443,0.05221366334133132
7b_fixed,yelp,cold_start_user,147,1.0,0.0,-1.0,0.4278825725126764,0.18308349586006578,0.07073534333262343,0.7305006207590723,1.0,6.013715156042802,0.6931471805599453,0.6625,3.0,0.0,0.0,1.0,0.6931471805599453,0.22559533913930258,0.06784980914864569
7b_fixed,yelp,cold_start_user,148,0.43067655807339306,0.0,-0.43067655807339306,0.4278825725126764,0.18308349586006578,0.07073534333262343,0.7305006207590723,1.0,8.247220052745229,1.791759469228055,0.6666666666666666,3.0,0.0,0.0,1.0,0.6931471805599453,0.0008442521095275435,0.10126326743505619
7b_fixed,yelp,cold_start_user,149,0.6309297535714575,0.5,-0.13092975357145753,0.4278825725126764,0.18308349586006578,0.07073534333262343,0.7305006207590723,1.0,6.660575149839686,0.6931471805599453,0.6666666666666666,2.0,0.05263157894736842,0.0,1.0,0.6931471805599453,0.24276131590207417,0.054126668877856526
7b_fixed,yelp,cold_start_user,150,0.0,0.38685280723454163,0.38685280723454163,0.4278825725126764,0.18308349586006578,0.07073534333262343,0.7305006207590723,1.0,7.571473648851271,1.3862943611198906,0.6625,3.0,0.0,0.0,1.0,0.6931471805599453,0.002728843688964866,0.027490328878173445
7b_fixed,yelp,cold_start_user,151,0.0,0.0,0.0,0.4278825725126764,0.18308349586006578,0.07073534333262343,0.7305006207590723,1.0,7.316548177182976,0.6931471805599453,0.6666666666666666,3.0,0.0,0.0,1.0,0.6931471805599453,0.007130259275436424,0.07465600500466124
7b_fixed,yelp,cold_start_user,152,0.0,1.0,1.0,0.4278825725126764,0.18308349586006578,0.07073534333262343,0.7305006207590723,1.0,6.517671272912275,0.6931471805599453,0.6541666666666666,2.0,0.05263157894736842,0.0,1.0,0.6931471805599453,0.23048976262410475,0.08047307215308448
7b_fixed,yelp,cold_start_user,153,0.6309297535714575,0.38685280723454163,-0.2440769463369159,0.4278825725126764,0.18308349586006578,0.07073534333262343,0.7305006207590723,1.0,6.61338421837956,0.6931471805599453,0.6625,2.0,0.05263157894736842,0.0,1.0,0.6931471805599453,0.23058566053708396,0.06523374823082442
7b_fixed,yelp,cold_start_user,154,0.6309297535714575,0.5,-0.13092975357145753,0.4278825725126764,0.18308349586006578,0.07073534333262343,0.7305006207590723,1.0,6.3835066348840055,0.6931471805599453,0.6666666666666666,3.0,0.0,0.0,1.0,0.6931471805599453,0.23155052264531456,0.052876520669186515
7b_fixed,yelp,cold_start_user,155,0.5,0.0,-0.5,0.4278825725126764,0.18308349586006578,0.07073534333262343,0.7305006207590723,1.0,8.285513309079741,1.791759469228055,0.6666666666666666,2.0,0.05263157894736842,0.0,1.0,0.6931471805599453,0.001732242107391424,0.08703397382579729
7b_fixed,yelp,cold_start_user,156,1.0,1.0,0.0,0.4278825725126764,0.18308349586006578,0.07073534333262343,0.7305006207590723,1.0,6.222576268071369,0.6931471805599453,0.6666666666666666,3.0,0.0,0.0,1.0,0.6931471805599453,7.597804069520153e-05,0.01737778808497965
7b_fixed,yelp,cold_start_user,157,0.38685280723454163,0.38685280723454163,0.0,0.4278825725126764,0.18308349586006578,0.07073534333262343,0.7305006207590723,1.0,8.515591910049263,1.6094379124341003,0.6666666666666666,3.0,0.0,0.0,1.0,0.6931471805599453,0.22910525997479753,0.05514875684042647
7b_fixed,yelp,cold_start_user,158,1.0,1.0,0.0,0.4278825725126764,0.18308349586006578,0.07073534333262343,0.7305006207590723,1.0,7.43307534889858,1.0986122886681096,0.6625,3.0,0.0,0.0,1.0,0.6931471805599453,0.0016034424304961492,0.08672998817301916
7b_fixed,yelp,cold_start_user,159,0.6309297535714575,0.0,-0.6309297535714575,0.4278825725126764,0.18308349586006578,0.07073534333262343,0.7305006207590723,1.0,8.290794347381356,1.3862943611198906,0.6666666666666666,3.0,0.0,0.0,1.0,0.6931471805599453,0.0053251862525940385,0.07249933725870955
7b_fixed,yelp,cold_start_user,160,0.6309297535714575,0.0,-0.6309297535714575,0.4278825725126764,0.18308349586006578,0.07073534333262343,0.7305006207590723,1.0,6.825460036255307,0.6931471805599453,0.6625,3.0,0.0,0.0,1.0,1.0986122886681096,0.22939570744832355,0.06770866438839566
7b_fixed,yelp,cold_start_user,161,0.0,0.0,0.0,0.4278825725126764,0.18308349586006578,0.07073534333262343,0.7305006207590723,1.0,5.945420608606575,0.6931471805599453,0.6666666666666666,3.0,0.0,0.0,1.0,0.6931471805599453,9.854435920714222e-05,0.01184475130592731
7b_fixed,yelp,cold_start_user,162,0.0,0.0,0.0,0.4278825725126764,0.18308349586006578,0.07073534333262343,0.7305006207590723,1.0,6.311734809152915,0.6931471805599453,0.6625,3.0,0.0,0.0,1.0,0.6931471805599453,0.004629510641098067,0.030337477587139866
7b_fixed,yelp,cold_start_user,163,1.0,0.0,-1.0,0.4278825725126764,0.18308349586006578,0.07073534333262343,0.7305006207590723,1.0,6.4425401664681985,0.6931471805599453,0.6666666666666666,3.0,0.0,0.0,1.0,1.0986122886681096,0.0036276340484619474,0.009624967808940779
7b_fixed,yelp,cold_start_user,164,0.0,0.0,0.0,0.4278825725126764,0.18308349586006578,0.07073534333262343,0.7305006207590723,1.0,7.38025578842646,0.6931471805599453,0.6666666666666666,3.0,0.0,0.0,1.0,0.6931471805599453,0.0018868803977966087,0.007728241793694548
7b_fixed,yelp,cold_start_user,165,0.5,0.6309297535714575,0.13092975357145753,0.4278825725126764,0.18308349586006578,0.07073534333262343,0.7305006207590723,1.0,5.860786223465865,0.6931471805599453,0.6625,3.0,0.0,0.0,1.0,0.6931471805599453,0.20260793169339503,0.05257418096565931
7b_fixed,yelp,cold_start_user,166,0.6309297535714575,0.0,-0.6309297535714575,0.4278825725126764,0.18308349586006578,0.07073534333262343,0.7305006207590723,1.0,6.492239835020471,0.6931471805599453,0.6583333333333333,3.0,0.0,0.0,1.0,0.6931471805599453,0.00161676406860356,0.04861631338960676
7b_fixed,yelp,cold_start_user,167,0.38685280723454163,0.38685280723454163,0.0,0.4278825725126764,0.18308349586006578,0.07073534333262343,0.7305006207590723,1.0,6.455198563340122,0.6931471805599453,0.6666666666666666,2.0,0.05263157894736842,0.0,1.0,0.6931471805599453,0.0008436083793640359,0.07568731598745246
7b_fixed,yelp,cold_start_user,168,0.5,0.0,-0.5,0.4278825725126764,0.18308349586006578,0.07073534333262343,0.7305006207590723,1.0,7.830425617820331,1.6094379124341003,0.6666666666666666,3.0,0.0,0.0,1.0,0.6931471805599453,0.23317894538243616,0.05354117743581519
7b_fixed,yelp,cold_start_user,169,0.43067655807339306,1.0,0.5693234419266069,0.4278825725126764,0.18308349586006578,0.07073534333262343,0.7305006207590723,1.0,7.047517221357296,1.0986122886681096,0.6666666666666666,3.0,0.0,0.0,1.0,1.0986122886681096,0.0010858654975891002,0.0037978436005278956
7b_fixed,yelp,cold_start_user,170,0.38685280723454163,0.0,-0.38685280723454163,0.4278825725126764,0.18308349586006578,0.07073534333262343,0.7305006207590723,1.0,7.351158226430694,1.0986122886681096,0.6666666666666666,3.0,0.0,0.0,1.0,0.6931471805599453,0.22083305915196733,0.0499406325059818
7b_fixed,yelp,cold_start_user,171,0.0,0.43067655807339306,0.43067655807339306,0.4278825725126764,0.18308349586006578,0.07073534333262343,0.7305006207590723,1.0,6.637258031284457,0.6931471805599453,0.6625,3.0,0.0,0.0,1.0,0.6931471805599453,0.23754399021466577,0.06962322519539023
7b_fixed,yelp,cold_start_user,172,0.6309297535714575,0.6309297535714575,0.0,0.4278825725126764,0.18308349586006578,0.07073534333262343,0.7305006207590723,1.0,7.071573364211532,1.0986122886681096,0.6666666666666666,2.0,0.05263157894736842,0.0,1.0,0.6931471805599453,0.00021103620529172584,0.010622064857398457
7b_fixed,yelp,cold_start_user,173,1.0,1.0,0.0,0.4278825725126764,0.18308349586006578,0.07073534333262343,0.7305006207590723,1.0,7.671826797878781,1.3862943611198906,0.6625,3.0,0.0,0.0,1.0,0.6931471805599453,0.0056185483932494895,0.08458224618384458
7b_fixed,yelp,cold_start_user,174,1.0,0.0,-1.0,0.4278825725126764,0.18308349586006578,0.07073534333262343,0.7305006207590723,1.0,6.3473892096560105,0.6931471805599453,0.6583333333333333,2.0,0.05263157894736842,0.0,1.0,0.6931471805599453,0.007861715555190996,0.08843589647246802
7b_fixed,yelp,cold_start_user,175,1.0,0.6309297535714575,-0.36907024642854247,0.4278825725126764,0.18308349586006578,0.07073534333262343,0.7305006207590723,1.0,8.41715183723601,1.0986122886681096,0.6625,3.0,0.0,0.0,1.0,0.6931471805599453,0.0015773534774780051,0.09428279862261504
7b_fixed,yelp,cold_start_user,176,0.43067655807339306,0.0,-0.43067655807339306,0.4278825725126764,0.18308349586006578,0.07073534333262343,0.7305006207590723,1.0,7.283448228756631,1.0986122886681096,0.6625,3.0,0.0,0.0,1.0,0.6931471805599453,0.22424924572308852,0.054341476128100336
7b_fixed,yelp,cold_start_user,177,0.0,0.0,0.0,0.4278825725126764,0.18308349586006578,0.07073534333262343,0.7305006207590723,1.0,6.513230110912307,0.6931471805599453,0.6666666666666666,3.0,0.0,0.0,1.0,0.6931471805599453,0.0020280539989471214,0.0060256733317286485
7b_fixed,yelp,cold_start_user,178,0.43067655807339306,0.0,-0.43067655807339306,0.4278825725126764,0.18308349586006578,0.07073534333262343,0.7305006207590723,1.0,5.932245187448011,0.6931471805599453,0.6625,3.0,0.0,0.0,1.0,0.6931471805599453,0.0015935361385345237,0.03524422454864307
7b_fixed,yelp,cold_start_user,179,0.0,0.0,0.0,0.4278825725126764,0.18308349586006578,0.07073534333262343,0.7305006207590723,1.0,7.00397413672268,0.6931471805599453,0.6583333333333333,3.0,0.0,0.0,1.0,0.6931471805599453,0.277884038289388,0.07475984139635389
7b_fixed,yelp,cold_start_user,180,0.5,0.0,-0.5,0.4278825725126764,0.18308349586006578,0.07073534333262343,0.7305006207590723,1.0,8.725507328484445,1.9459101490553132,0.6666666666666666,3.0,0.0,0.0,1.0,0.6931471805599453,0.0039996743202208584,0.07187973493551715
7b_fixed,yelp,cold_start_user,181,0.0,0.5,0.5,0.4278825725126764,0.18308349586006578,0.07073534333262343,0.7305006207590723,1.0,7.1049654482698426,0.6931471805599453,0.6666666666666666,3.0,0.0,0.0,1.0,0.6931471805599453,0.003719848394393932,0.0034218734027607095
7b_fixed,yelp,cold_start_user,182,0.0,0.0,0.0,0.4278825725126764,0.18308349586006578,0.07073534333262343,0.7305006207590723,1.0,7.142827401161621,1.0986122886681096,0.6625,2.0,0.05263157894736842,0.0,1.0,0.6931471805599453,0.003418797254562289,0.09829519200316646
7b_fixed,yelp,cold_start_user,183,0.0,0.0,0.0,0.4278825725126764,0.18308349586006578,0.07073534333262343,0.7305006207590723,1.0,7.427144133408616,0.6931471805599453,0.6666666666666666,2.0,0.05263157894736842,0.0,1.0,1.0986122886681096,0.04307713508605959,0.07565920235189963
7b_fixed,yelp,cold_start_user,184,1.0,0.6309297535714575,-0.36907024642854247,0.4278825725126764,0.18308349586006578,0.07073534333262343,0.7305006207590723,1.0,7.2868764117507,0.6931471805599453,0.6666666666666666,3.0,0.0,0.0,1.0,0.6931471805599453,0.2335476418336232,0.11603456736164629
7b_fixed,yelp,cold_start_user,185,0.0,1.0,1.0,0.4278825725126764,0.18308349586006578,0.07073534333262343,0.7305006207590723,1.0,7.462789157412448,1.3862943611198906,0.6583333333333333,3.0,0.0,0.0,1.0,0.6931471805599453,0.053419196605682395,0.08126316942869394
7b_fixed,yelp,cold_start_user,186,1.0,0.6309297535714575,-0.36907024642854247,0.4278825725126764,0.18308349586006578,0.07073534333262343,0.7305006207590723,1.0,7.088408778675395,1.0986122886681096,0.6666666666666666,3.0,0.0,0.0,1.0,0.6931471805599453,0.21357560952504479,0.04955740901890193
7b_fixed,yelp,cold_start_user,187,0.5,0.0,-0.5,0.4278825725126764,0.18308349586006578,0.07073534333262343,0.7305006207590723,1.0,6.042632833682381,0.6931471805599453,0.6666666666666666,2.0,0.10526315789473684,0.0,1.0,0.6931471805599453,0.00042235851287841797,0.01158666062515189
7b_fixed,yelp,cold_start_user,188,0.0,0.0,0.0,0.4278825725126764,0.18308349586006578,0.07073534333262343,0.7305006207590723,1.0,6.236369590203704,0.6931471805599453,0.6666666666666666,3.0,0.0,0.0,1.0,0.6931471805599453,0.0018558025360107533,0.020715193544627315
7b_fixed,yelp,cold_start_user,189,0.43067655807339306,0.43067655807339306,0.0,0.4278825725126764,0.18308349586006578,0.07073534333262343,0.7305006207590723,1.0,6.398594934535208,0.6931471805599453,0.6666666666666666,3.0,0.0,0.0,1.0,0.6931471805599453,0.23086425264676408,0.05520005917818963
7b_fixed,yelp,cold_start_user,190,0.0,0.0,0.0,0.4278825725126764,0.18308349586006578,0.07073534333262343,0.7305006207590723,1.0,8.079308192051961,1.9459101490553132,0.6666666666666666,2.0,0.10526315789473684,0.0,1.0,0.6931471805599453,0.00019238591194159493,0.08386047027146654
7b_fixed,yelp,cold_start_user,191,0.0,0.0,0.0,0.4278825725126764,0.18308349586006578,0.07073534333262343,0.7305006207590723,1.0,7.570443252057374,1.6094379124341003,0.6625,3.0,0.0,0.0,1.0,0.6931471805599453,0.0035330772399902455,0.03733008358721116
7b_fixed,yelp,cold_start_user,192,0.38685280723454163,0.38685280723454163,0.0,0.4278825725126764,0.18308349586006578,0.07073534333262343,0.7305006207590723,1.0,8.624611588183507,1.791759469228055,0.6666666666666666,3.0,0.0,0.0,1.0,0.6931471805599453,0.22963985999425252,0.11502150408301562
7b_fixed,yelp,cold_start_user,193,1.0,0.0,-1.0,0.4278825725126764,0.18308349586006578,0.07073534333262343,0.7305006207590723,1.0,6.529418838262226,0.6931471805599453,0.6666666666666666,3.0,0.0,0.0,1.0,0.6931471805599453,0.003499370813369762,0.011675372922638113
7b_fixed,yelp,cold_start_user,194,0.0,0.0,0.0,0.4278825725126764,0.18308349586006578,0.07073534333262343,0.7305006207590723,1.0,6.0014148779611505,0.6931471805599453,0.6666666666666666,2.0,0.05263157894736842,0.0,1.0,0.6931471805599453,0.002646034955978427,0.014555577287981836
7b_fixed,yelp,cold_start_user,195,1.0,1.0,0.0,0.4278825725126764,0.18308349586006578,0.07073534333262343,0.7305006207590723,1.0,7.688455356549944,1.6094379124341003,0.6666666666666666,3.0,0.0,0.0,1.0,0.6931471805599453,0.00038330554962162644,0.09715506072149777
7b_fixed,yelp,cold_start_user,196,0.0,0.0,0.0,0.4278825725126764,0.18308349586006578,0.07073534333262343,0.7305006207590723,1.0,7.43955930913332,0.6931471805599453,0.6583333333333333,2.0,0.05263157894736842,0.0,1.0,0.6931471805599453,0.0022292196750641202,0.042971980129495595
7b_fixed,yelp,cold_start_user,197,0.0,0.0,0.0,0.4278825725126764,0.18308349586006578,0.07073534333262343,0.7305006207590723,1.0,5.8289456176102075,0.6931471805599453,0.6625,3.0,0.0,0.0,1.0,0.6931471805599453,0.2266298671563466,0.05876133624649945
7b_fixed,yelp,cold_start_user,198,0.5,0.0,-0.5,0.4278825725126764,0.18308349586006578,0.07073534333262343,0.7305006207590723,1.0,7.503289630675082,1.3862943611198906,0.6666666666666666,3.0,0.0,0.0,1.0,0.6931471805599453,0.23059118588765465,0.052744129079552476
7b_fixed,yelp,cold_start_user,199,0.5,0.0,-0.5,0.4278825725126764,0.18308349586006578,0.07073534333262343,0.7305006207590723,1.0,5.945420608606575,0.6931471805599453,0.6666666666666666,3.0,0.0,0.0,1.0,0.6931471805599453,0.23138140042622884,0.059404005038935254
7b_fixed,yelp,cold_start_user,200,0.6309297535714575,0.5,-0.13092975357145753,0.4278825725126764,0.18308349586006578,0.07073534333262343,0.7305006207590723,1.0,5.8289456176102075,0.6931471805599453,0.6625,3.0,0.0,0.0,1.0,0.6931471805599453,0.0013969123363494762,0.037639440127909686
7b_fixed,yelp,cold_start_user,201,0.0,0.43067655807339306,0.43067655807339306,0.4278825725126764,0.18308349586006578,0.07073534333262343,0.7305006207590723,1.0,8.240385115516334,1.3862943611198906,0.6666666666666666,3.0,0.0,0.0,1.0,0.6931471805599453,0.0013000845909118541,0.014657563079094755
7b_fixed,yelp,cold_start_user,202,0.6309297535714575,0.6309297535714575,0.0,0.4278825725126764,0.18308349586006578,0.07073534333262343,0.7305006207590723,1.0,6.311734809152915,0.6931471805599453,0.6666666666666666,3.0,0.0,0.0,1.0,0.6931471805599453,0.005747616291046143,0.07649696696020991
7b_fixed,yelp,cold_start_user,203,0.0,0.0,0.0,0.4278825725126764,0.18308349586006578,0.07073534333262343,0.7305006207590723,1.0,7.087573705557973,1.0986122886681096,0.6666666666666666,3.0,0.0,0.0,1.0,0.6931471805599453,0.005488014221191384,0.07136454057347058
7b_fixed,yelp,cold_start_user,204,0.6309297535714575,0.0,-0.6309297535714575,0.4278825725126764,0.18308349586006578,0.07073534333262343,0.7305006207590723,1.0,6.142037405587356,0.6931471805599453,0.6666666666666666,2.0,0.05263157894736842,0.0,1.0,0.6931471805599453,0.0011848926544189564,0.011819181466193292
7b_fixed,yelp,cold_start_user,205,0.0,0.0,0.0,0.4278825725126764,0.18308349586006578,0.07073534333262343,0.7305006207590723,1.0,6.423246963533519,0.6931471805599453,0.6541666666666666,3.0,0.0,0.0,1.0,0.6931471805599453,0.38900288840134933,0.11642993919824748
7b_fixed,yelp,cold_start_user,206,0.0,0.43067655807339306,0.43067655807339306,0.4278825725126764,0.18308349586006578,0.07073534333262343,0.7305006207590723,1.0,7.158513997329321,0.6931471805599453,0.6666666666666666,3.0,0.0,0.0,1.0,0.6931471805599453,0.0029318511486053356,0.014434644960153883
7b_fixed,yelp,cold_start_user,207,1.0,1.0,0.0,0.4278825725126764,0.18308349586006578,0.07073534333262343,0.7305006207590723,1.0,7.5569505720129,1.3862943611198906,0.6625,3.0,0.0,0.0,1.0,0.6931471805599453,0.011787056922912598,0.07400880942677487
7b_fixed,yelp,cold_start_user,208,0.6309297535714575,0.6309297535714575,0.0,0.4278825725126764,0.18308349586006578,0.07073534333262343,0.7305006207590723,1.0,7.4798641311650265,1.3862943611198906,0.6625,3.0,0.0,0.0,1.0,0.6931471805599453,0.0027122318744659535,0.030407767325608504
7b_fixed,yelp,cold_start_user,209,1.0,1.0,0.0,0.4278825725126764,0.18308349586006578,0.07073534333262343,0.7305006207590723,1.0,6.261491684321042,0.6931471805599453,0.6583333333333333,3.0,0.0,0.0,1.0,0.6931471805599453,0.001193279027938865,0.048434468860628466
7b_fixed,yelp,cold_start_user,210,0.6309297535714575,0.0,-0.6309297535714575,0.4278825725126764,0.18308349586006578,0.07073534333262343,0.7305006207590723,1.0,6.39024066706535,0.6931471805599453,0.6666666666666666,2.0,0.10526315789473684,0.0,1.0,0.6931471805599453,0.0006808161735535334,0.08635915026438787
7b_fixed,yelp,cold_start_user,211,0.6309297535714575,1.0,0.36907024642854247,0.4278825725126764,0.18308349586006578,0.07073534333262343,0.7305006207590723,1.0,5.981414211254481,0.6931471805599453,0.6666666666666666,3.0,0.0,0.0,1.0,0.6931471805599453,0.0069960057735443115,0.08496568525179368
7b_fixed,yelp,cold_start_user,212,0.43067655807339306,0.38685280723454163,-0.04382375083885143,0.4278825725126764,0.18308349586006578,0.07073534333262343,0.7305006207590723,1.0,8.27614021955846,1.791759469228055,0.6625,3.0,0.0,0.0,1.0,0.6931471805599453,0.0013402104377746582,0.08344414465502875
7b_fixed,yelp,cold_start_user,213,1.0,1.0,0.0,0.4278825725126764,0.18308349586006578,0.07073534333262343,0.7305006207590723,1.0,6.630683385642372,0.6931471805599453,0.6541666666666666,3.0,0.0,0.0,1.0,0.6931471805599453,0.00040129423141488374,0.11163816043748936
7b_fixed,yelp,cold_start_user,214,0.0,0.6309297535714575,0.6309297535714575,0.4278825725126764,0.18308349586006578,0.07073534333262343,0.7305006207590723,1.0,6.439350371100098,0.6931471805599453,0.6666666666666666,3.0,0.0,0.0,1.0,0.6931471805599453,0.2306205650170644,0.05331099530490966
7b_fixed,yelp,cold_start_user,215,0.0,0.6309297535714575,0.6309297535714575,0.4278825725126764,0.18308349586006578,0.07073534333262343,0.7305006207590723,1.0,7.2196420401307355,1.0986122886681096,0.6625,3.0,0.0,0.0,1.0,0.6931471805599453,0.001023638248443648,0.030764888039891213
7b_fixed,yelp,cold_start_user,216,0.43067655807339306,0.5,0.06932344192660694,0.4278825725126764,0.18308349586006578,0.07073534333262343,0.7305006207590723,1.0,8.537779825024625,1.791759469228055,0.6666666666666666,3.0,0.0,0.0,1.0,0.6931471805599453,0.2304071327050527,0.05502225423019173
7b_fixed,yelp,cold_start_user,217,1.0,1.0,0.0,0.4278825725126764,0.18308349586006578,0.07073534333262343,0.7305006207590723,1.0,6.253828811575473,0.6931471805599453,0.6625,3.0,0.0,0.0,1.0,0.6931471805599453,0.23805266221364335,0.06718821976510413
7b_fixed,yelp,cold_start_user,218,0.43067655807339306,0.43067655807339306,0.0,0.4278825725126764,0.18308349586006578,0.07073534333262343,0.7305006207590723,1.0,6.025865973825314,0.6931471805599453,0.6666666666666666,2.0,0.05263157894736842,0.0,1.0,0.6931471805599453,0.0007042586803436279,0.011379409489610411
7b_fixed,yelp,cold_start_user,219,0.0,0.0,0.0,0.4278825725126764,0.18308349586006578,0.07073534333262343,0.7305006207590723,1.0,6.173786103901937,0.6931471805599453,0.6666666666666666,2.0,0.05263157894736842,0.0,1.0,0.6931471805599453,0.22585596044858292,0.050820652739118004
7b_fixed,yelp,cold_start_user,220,0.5,0.0,-0.5,0.4278825725126764,0.18308349586006578,0.07073534333262343,0.7305006207590723,1.0,7.518064181233078,0.6931471805599453,0.6666666666666666,3.0,0.0,0.0,1.0,0.6931471805599453,0.2340341766675313,0.052618310575377344
7b_fixed,yelp,cold_start_user,221,0.0,0.38685280723454163,0.38685280723454163,0.4278825725126764,0.18308349586006578,0.07073534333262343,0.7305006207590723,1.0,7.789868559054706,1.3862943611198906,0.6625,2.0,0.05263157894736842,0.0,1.0,0.6931471805599453,0.0015111029148101585,0.08309261099947307
7b_fixed,yelp,cold_start_user,222,0.43067655807339306,1.0,0.5693234419266069,0.4278825725126764,0.18308349586006578,0.07073534333262343,0.7305006207590723,1.0,6.621405651764134,0.6931471805599453,0.6625,3.0,0.0,0.0,1.0,0.6931471805599453,0.07166976928710939,0.02135823599544217
7b_fixed,yelp,cold_start_user,223,0.0,0.43067655807339306,0.43067655807339306,0.4278825725126764,0.18308349586006578,0.07073534333262343,0.7305006207590723,1.0,5.955837369464831,0.6931471805599453,0.6666666666666666,3.0,0.0,0.0,1.0,0.6931471805599453,0.000628405809402488,0.020377148954528954
7b_fixed,yelp,cold_start_user,224,1.0,1.0,0.0,0.4278825725126764,0.18308349586006578,0.07073534333262343,0.7305006207590723,1.0,7.231287004327616,0.6931471805599453,0.6666666666666666,2.0,0.10526315789473684,0.0,1.0,0.6931471805599453,0.0006729125976562278,0.0039930376568403075
7b_fixed,yelp,cold_start_user,225,0.43067655807339306,0.6309297535714575,0.20025319549806447,0.4278825725126764,0.18308349586006578,0.07073534333262343,0.7305006207590723,1.0,7.566311014772463,1.6094379124341003,0.6666666666666666,3.0,0.0,0.0,1.0,0.6931471805599453,0.22147646745045974,0.05041249157562921
7b_fixed,yelp,cold_start_user,226,1.0,0.0,-1.0,0.4278825725126764,0.18308349586006578,0.07073534333262343,0.7305006207590723,1.0,8.387084506069217,1.9459101490553132,0.6666666666666666,3.0,0.0,0.0,1.0,0.6931471805599453,0.002192920446395852,0.09248735727628243
7b_fixed,yelp,cold_start_user,227,0.43067655807339306,0.0,-0.43067655807339306,0.4278825725126764,0.18308349586006578,0.07073534333262343,0.7305006207590723,1.0,8.28045768658256,1.791759469228055,0.6666666666666666,3.0,0.0,0.0,1.0,1.3862943611198906,0.002938950061798118,0.06862963335358709
7b_fixed,yelp,cold_start_user,228,1.0,1.0,0.0,0.4278825725126764,0.18308349586006578,0.07073534333262343,0.7305006207590723,1.0,7.252762418053187,1.0986122886681096,0.6583333333333333,2.0,0.10526315789473684,0.0,1.0,0.6931471805599453,0.0002245008945465088,0.026633469826749783
7b_fixed,yelp,cold_start_user,229,0.0,0.0,0.0,0.4278825725126764,0.18308349586006578,0.07073534333262343,0.7305006207590723,1.0,7.346655163176539,1.0986122886681096,0.6666666666666666,2.0,0.10526315789473684,0.0,1.0,0.6931471805599453,0.03144750595092771,0.06963620525026114
7b_fixed,yelp,cold_start_user,230,1.0,1.0,0.0,0.4278825725126764,0.18308349586006578,0.07073534333262343,0.7305006207590723,1.0,7.112327444710911,1.3862943611198906,0.6625,2.0,0.05263157894736842,0.0,1.0,0.6931471805599453,0.22288548549016313,0.06680169172933442
7b_fixed,yelp,cold_start_user,231,0.6309297535714575,0.6309297535714575,0.0,0.4278825725126764,0.18308349586006578,0.07073534333262343,0.7305006207590723,1.0,7.349230824613334,1.3862943611198906,0.6625,3.0,0.0,0.0,1.0,0.6931471805599453,0.0068388998508452925,0.09491426732014276
7b_fixed,yelp,cold_start_user,232,0.6309297535714575,0.38685280723454163,-0.2440769463369159,0.4278825725126764,0.18308349586006578,0.07073534333262343,0.7305006207590723,1.0,8.207129168071326,1.6094379124341003,0.6666666666666666,3.0,0.0,0.0,1.0,0.6931471805599453,0.2304644962151845,0.05441280774397508
7b_fixed,yelp,cold_start_user,233,0.43067655807339306,0.0,-0.43067655807339306,0.4278825725126764,0.18308349586006578,0.07073534333262343,0.7305006207590723,1.0,6.100318952020064,0.6931471805599453,0.6666666666666666,3.0,0.0,0.0,1.0,0.6931471805599453,0.00616239309310912,0.003568096811202889
7b_fixed,yelp,cold_start_user,234,0.6309297535714575,1.0,0.36907024642854247,0.4278825725126764,0.18308349586006578,0.07073534333262343,0.7305006207590723,1.0,6.796823718274855,0.6931471805599453,0.6625,3.0,0.0,0.0,1.0,0.6931471805599453,0.2823069830735524,0.07272891625532588
7b_fixed,yelp,cold_start_user,235,1.0,1.0,0.0,0.4278825725126764,0.18308349586006578,0.07073534333262343,0.7305006207590723,1.0,6.300785794663244,0.6931471805599453,0.6625,3.0,0.0,0.0,1.0,0.6931471805599453,0.0011658668518066406,0.042807889984595074
7b_fixed,yelp,cold_start_user,236,1.0,0.0,-1.0,0.4278825725126764,0.18308349586006578,0.07073534333262343,0.7305006207590723,1.0,7.8336002236611035,1.791759469228055,0.6625,3.0,0.0,0.0,1.0,0.6931471805599453,0.004064762592315696,0.08241527795563548
7b_fixed,yelp,cold_start_user,237,0.0,0.38685280723454163,0.38685280723454163,0.4278825725126764,0.18308349586006578,0.07073534333262343,0.7305006207590723,1.0,7.823645930834952,1.791759469228055,0.6666666666666666,3.0,0.0,0.0,1.0,0.6931471805599453,0.0012260556221007635,0.08684326656127855
7b_fixed,yelp,cold_start_user,238,0.5,0.0,-0.5,0.4278825725126764,0.18308349586006578,0.07073534333262343,0.7305006207590723,1.0,8.055157731819678,1.0986122886681096,0.6625,2.0,0.05263157894736842,0.0,1.0,0.6931471805599453,0.0026786863803863192,0.04136387981999834
7b_fixed,yelp,cold_start_user,239,0.43067655807339306,0.5,0.06932344192660694,0.4278825725126764,0.18308349586006578,0.07073534333262343,0.7305006207590723,1.0,7.144407180321139,1.0986122886681096,0.6625,3.0,0.0,0.0,1.0,0.6931471805599453,0.00706526041030886,0.026047408823546437
7b_fixed,yelp,cold_start_user,240,0.0,1.0,1.0,0.4278825725126764,0.18308349586006578,0.07073534333262343,0.7305006207590723,1.0,7.471932078245122,1.3862943611198906,0.6583333333333333,2.0,0.05263157894736842,0.0,1.0,0.6931471805599453,0.0007748544216155118,0.11971583711396927
7b_fixed,yelp,cold_start_user,241,1.0,0.6309297535714575,-0.36907024642854247,0.4278825725126764,0.18308349586006578,0.07073534333262343,0.7305006207590723,1.0,7.252762418053187,1.0986122886681096,0.6666666666666666,3.0,0.0,0.0,1.0,0.6931471805599453,0.0012636780738830566,0.008584555361208189
7b_fixed,yelp,cold_start_user,242,0.43067655807339306,1.0,0.5693234419266069,0.4278825725126764,0.18308349586006578,0.07073534333262343,0.7305006207590723,1.0,6.608000625296087,0.6931471805599453,0.6625,2.0,0.05263157894736842,0.0,1.0,0.6931471805599453,0.0015875816345214955,0.036799193855410146
7b_fixed,yelp,cold_start_user,243,0.6309297535714575,0.5,-0.13092975357145753,0.4278825725126764,0.18308349586006578,0.07073534333262343,0.7305006207590723,1.0,6.628041376179533,0.6931471805599453,0.6666666666666666,3.0,0.0,0.0,1.0,0.6931471805599453,0.00048590898513795056,0.004890589535370369
7b_fixed,yelp,cold_start_user,244,0.0,0.0,0.0,0.4278825725126764,0.18308349586006578,0.07073534333262343,0.7305006207590723,1.0,6.815639990074331,1.0986122886681096,0.6541666666666666,2.0,0.05263157894736842,0.0,1.0,0.6931471805599453,0.0017848849296570046,0.06121679215422951
7b_fixed,yelp,cold_start_user,245,1.0,1.0,0.0,0.4278825725126764,0.18308349586006578,0.07073534333262343,0.7305006207590723,1.0,7.288244401020124,1.3862943611198906,0.6625,3.0,0.0,0.0,1.0,0.6931471805599453,0.21871196826299033,0.06183290027095253
7b_fixed,yelp,cold_start_user,246,1.0,0.6309297535714575,-0.36907024642854247,0.4278825725126764,0.18308349586006578,0.07073534333262343,0.7305006207590723,1.0,7.286191714702382,1.0986122886681096,0.6666666666666666,3.0,0.0,0.0,1.0,0.6931471805599453,0.0007265031337738703,0.08649162590183326
7b_fixed,yelp,cold_start_user,247,1.0,0.43067655807339306,-0.5693234419266069,0.4278825725126764,0.18308349586006578,0.07073534333262343,0.7305006207590723,1.0,7.9215356321335495,1.9459101490553132,0.6666666666666666,3.0,0.0,0.0,1.0,0.6931471805599453,0.0030800163745879905,0.08933590668595108
7b_fixed,yelp,cold_start_user,248,1.0,1.0,0.0,0.4278825725126764,0.18308349586006578,0.07073534333262343,0.7305006207590723,1.0,6.635946555686647,0.6931471805599453,0.6666666666666666,3.0,0.0,0.0,1.0,0.6931471805599453,0.23987878163655596,0.12584500179972682
7b_fixed,yelp,cold_start_user,249,0.0,0.0,0.0,0.4278825725126764,0.18308349586006578,0.07073534333262343,0.7305006207590723,1.0,7.955425088912672,1.0986122886681096,0.6625,3.0,0.0,0.0,1.0,0.6931471805599453,2.158284187314674e-05,0.026206610455890365
7b_fixed,yelp,cold_start_user,250,1.0,0.5,-0.5,0.4278825725126764,0.18308349586006578,0.07073534333262343,0.7305006207590723,1.0,8.0861025356691,1.791759469228055,0.6625,3.0,0.0,0.0,1.0,0.6931471805599453,0.0017393410205840953,0.032722011256464054
7b_fixed,yelp,cold_start_user,251,0.0,0.0,0.0,0.4278825725126764,0.18308349586006578,0.07073534333262343,0.7305006207590723,1.0,7.087573705557973,0.6931471805599453,0.6666666666666666,3.0,0.0,0.0,1.0,0.6931471805599453,0.0031387388706207164,0.008461367883129506
7b_fixed,yelp,cold_start_user,252,1.0,0.43067655807339306,-0.5693234419266069,0.4278825725126764,0.18308349586006578,0.07073534333262343,0.7305006207590723,1.0,5.958424693029782,0.6931471805599453,0.6583333333333333,3.0,0.0,0.0,1.0,0.6931471805599453,0.017990416288375832,0.09207137859808871
7b_fixed,yelp,cold_start_user,253,1.0,1.0,0.0,0.4278825725126764,0.18308349586006578,0.07073534333262343,0.7305006207590723,1.0,6.045005314036012,0.6931471805599453,0.6666666666666666,3.0,0.0,0.0,1.0,0.6931471805599453,0.00014652013778687634,0.012666798683179267
7b_fixed,yelp,cold_start_user,254,0.5,0.43067655807339306,-0.06932344192660694,0.4278825725126764,0.18308349586006578,0.07073534333262343,0.7305006207590723,1.0,6.882437470997847,0.6931471805599453,0.6625,2.0,0.10526315789473684,0.0,1.0,0.6931471805599453,0.00024849772453305885,0.03379538890474943
7b_fixed,yelp,cold_start_user,255,0.0,0.0,0.0,0.4278825725126764,0.18308349586006578,0.07073534333262343,0.7305006207590723,1.0,6.755768921984256,0.6931471805599453,0.6666666666666666,2.0,0.05263157894736842,0.0,1.0,0.6931471805599453,0.0015362441539764626,0.10800833060989719
7b_fixed,yelp,cold_start_user,256,0.0,0.0,0.0,0.4278825725126764,0.18308349586006578,0.07073534333262343,0.7305006207590723,1.0,6.0844994130751715,0.6931471805599453,0.6666666666666666,2.0,0.05263157894736842,0.0,1.0,0.6931471805599453,0.230283518632253,0.05431537410373857
7b_fixed,yelp,cold_start_user,257,0.6309297535714575,0.0,-0.6309297535714575,0.4278825725126764,0.18308349586006578,0.07073534333262343,0.7305006207590723,1.0,8.212025804623437,1.0986122886681096,0.6625,3.0,0.0,0.0,1.0,0.6931471805599453,0.002391868829727195,0.030901226306851996
7b_fixed,yelp,cold_start_user,258,0.6309297535714575,1.0,0.36907024642854247,0.4278825725126764,0.18308349586006578,0.07073534333262343,0.7305006207590723,1.0,5.83773044716594,0.6931471805599453,0.6666666666666666,3.0,0.0,0.0,1.0,0.6931471805599453,0.0018211841583252175,0.012145878508268761
7b_fixed,yelp,cold_start_user,259,0.0,0.38685280723454163,0.38685280723454163,0.4278825725126764,0.18308349586006578,0.07073534333262343,0.7305006207590723,1.0,6.159095388491933,0.6931471805599453,0.6666666666666666,3.0,0.0,0.0,1.0,0.6931471805599453,0.23495059808095298,0.055570158715463995
7b_fixed,yelp,cold_start_user,260,0.0,0.0,0.0,0.4278825725126764,0.18308349586006578,0.07073534333262343,0.7305006207590723,1.0,6.947937068614969,1.0986122886681096,0.6666666666666666,3.0,0.0,0.0,1.0,0.6931471805599453,0.0007926821708679199,0.009239582798376092
7b_fixed,yelp,cold_start_user,261,1.0,0.5,-0.5,0.4278825725126764,0.18308349586006578,0.07073534333262343,0.7305006207590723,1.0,6.698268054115413,0.6931471805599453,0.6666666666666666,3.0,0.0,0.0,1.0,0.6931471805599453,0.0007705092430114746,0.0071488933898876846
7b_fixed,yelp,cold_start_user,262,0.5,0.5,0.0,0.4278825725126764,0.18308349586006578,0.07073534333262343,0.7305006207590723,1.0,6.042632833682381,0.6931471805599453,0.6666666666666666,2.0,0.05263157894736842,0.0,1.0,0.6931471805599453,0.00022552013397214576,0.01179544694031711
7b_fixed,yelp,cold_start_user,263,1.0,0.6309297535714575,-0.36907024642854247,0.4278825725126764,0.18308349586006578,0.07073534333262343,0.7305006207590723,1.0,7.691200097522863,0.6931471805599453,0.6666666666666666,3.0,0.0,0.0,1.0,0.6931471805599453,0.22768651445706684,0.052182306115191104
7b_fixed,yelp,cold_start_user,264,0.0,0.0,0.0,0.4278825725126764,0.18308349586006578,0.07073534333262343,0.7305006207590723,1.0,8.572249397164315,1.791759469228055,0.6625,3.0,0.0,0.0,1.0,0.6931471805599453,0.005892956256866477,0.07989272980563918
7b_fixed,yelp,cold_start_user,265,0.6309297535714575,0.0,-0.6309297535714575,0.4278825725126764,0.18308349586006578,0.07073534333262343,0.7305006207590723,1.0,6.340359303727752,0.6931471805599453,0.6666666666666666,3.0,0.0,0.0,1.0,0.6931471805599453,0.0012814879417419323,0.007851623933328373
7b_fixed,yelp,cold_start_user,266,0.5,1.0,0.5,0.4278825725126764,0.18308349586006578,0.07073534333262343,0.7305006207590723,1.0,6.818924065275521,1.0986122886681096,0.6666666666666666,3.0,0.0,0.0,1.0,1.0986122886681096,0.003532254695892356,0.012878384117833274
7b_fixed,yelp,cold_start_user,267,1.0,0.0,-1.0,0.4278825725126764,0.18308349586006578,0.07073534333262343,0.7305006207590723,1.0,6.077642243349034,0.6931471805599453,0.6666666666666666,3.0,0.0,0.0,1.0,0.6931471805599453,0.20029520591100053,0.053157466149990125
7b_fixed,yelp,cold_start_user,268,0.5,0.5,0.0,0.4278825725126764,0.18308349586006578,0.07073534333262343,0.7305006207590723,1.0,7.3098814858247865,1.0986122886681096,0.6625,3.0,0.0,0.0,1.0,0.6931471805599453,0.0016488969326019232,0.014607322893764043
7b_fixed,yelp,cold_start_user,269,0.43067655807339306,0.0,-0.43067655807339306,0.4278825725126764,0.18308349586006578,0.07073534333262343,0.7305006207590723,1.0,6.118097198041348,0.6931471805599453,0.6625,3.0,0.0,0.0,1.0,0.6931471805599453,0.22780404885609945,0.06199844218864033
7b_fixed,yelp,cold_start_user,270,1.0,1.0,0.0,0.4278825725126764,0.18308349586006578,0.07073534333262343,0.7305006207590723,1.0,5.8944028342648505,0.6931471805599453,0.6625,2.0,0.05263157894736842,0.0,1.0,0.6931471805599453,0.2215635140736898,0.06736633148201743
7b_fixed,yelp,cold_start_user,271,1.0,0.6309297535714575,-0.36907024642854247,0.4278825725126764,0.18308349586006578,0.07073534333262343,0.7305006207590723,1.0,6.129050210060545,0.6931471805599453,0.6666666666666666,3.0,0.0,0.0,1.0,0.6931471805599453,0.009107404947280906,0.06948277479376765
7b_fixed,yelp,cold_start_item,0,0.0,0.0,0.0,0.4278825725126764,0.18308349586006578,0.07073534333262343,0.7305006207590723,1.0,6.018593214496234,0.6931471805599453,0.6625,2.0,0.05263157894736842,0.0,1.0,0.6931471805599453,0.0005982577800751065,0.0387166776378161
7b_fixed,yelp,cold_start_item,1,1.0,0.5,-0.5,0.4278825725126764,0.18308349586006578,0.07073534333262343,0.7305006207590723,1.0,7.5883236773352225,1.3862943611198906,0.6625,3.0,0.0,0.0,1.0,0.6931471805599453,0.00010702013969421387,0.09451903433843341
7b_fixed,yelp,cold_start_item,2,0.6309297535714575,0.43067655807339306,-0.20025319549806447,0.4278825725126764,0.18308349586006578,0.07073534333262343,0.7305006207590723,1.0,6.061456918928017,0.6931471805599453,0.6666666666666666,3.0,0.0,0.0,1.0,0.6931471805599453,0.23124242623647046,0.05202622555059808
7b_fixed,yelp,cold_start_item,3,0.0,0.5,0.5,0.4278825725126764,0.18308349586006578,0.07073534333262343,0.7305006207590723,1.0,6.665683717782408,0.6931471805599453,0.6625,3.0,0.0,0.0,1.0,0.6931471805599453,0.0027151286602020153,0.04281382377453023
7b_fixed,yelp,cold_start_item,4,0.5,0.5,0.0,0.4278825725126764,0.18308349586006578,0.07073534333262343,0.7305006207590723,1.0,6.066108090103747,0.6931471805599453,0.6666666666666666,3.0,0.0,0.0,1.0,0.6931471805599453,0.23710330327351886,0.056024839771867334
7b_fixed,yelp,cold_start_item,5,0.5,0.43067655807339306,-0.06932344192660694,0.4278825725126764,0.18308349586006578,0.07073534333262343,0.7305006207590723,1.0,9.434683203865875,2.4849066497880004,0.6666666666666666,3.0,0.0,0.0,1.0,0.6931471805599453,0.23306182225545247,0.12754809428026295
7b_fixed,yelp,cold_start_item,6,0.5,0.6309297535714575,0.13092975357145753,0.4278825725126764,0.18308349586006578,0.07073534333262343,0.7305006207590723,1.0,6.62273632394984,0.6931471805599453,0.6666666666666666,2.0,0.05263157894736842,0.0,1.0,0.6931471805599453,0.0001313030719756747,0.01450531718999067
7b_fixed,yelp,cold_start_item,7,0.6309297535714575,0.0,-0.6309297535714575,0.4278825725126764,0.18308349586006578,0.07073534333262343,0.7305006207590723,1.0,6.418364935936212,0.6931471805599453,0.6666666666666666,3.0,0.0,0.0,1.0,0.6931471805599453,0.23224317630132035,0.054785177746058525
7b_fixed,yelp,cold_start_item,8,1.0,1.0,0.0,0.4278825725126764,0.18308349586006578,0.07073534333262343,0.7305006207590723,1.0,5.891644211825771,0.6931471805599453,0.6666666666666666,3.0,0.0,0.0,1.0,0.6931471805599453,0.0015100300312042014,0.017673684433631928
7b_fixed,yelp,cold_start_item,9,0.5,0.5,0.0,0.4278825725126764,0.18308349586006578,0.07073534333262343,0.7305006207590723,1.0,8.00736706798333,1.9459101490553132,0.6666666666666666,2.0,0.10526315789473684,0.0,1.0,0.6931471805599453,0.23183918197949727,0.05285033697271754
7b_fixed,yelp,cold_start_item,10,0.43067655807339306,0.43067655807339306,0.0,0.4278825725126764,0.18308349586006578,0.07073534333262343,0.7305006207590723,1.0,7.52131798019924,0.6931471805599453,0.6666666666666666,3.0,0.0,0.0,1.0,0.6931471805599453,0.23518788417180375,0.057132758889230965
7b_fixed,yelp,cold_start_item,11,0.0,0.0,0.0,0.4278825725126764,0.18308349586006578,0.07073534333262343,0.7305006207590723,1.0,10.15615107038633,4.007333185232471,0.6625,2.0,0.05263157894736842,0.0,1.0,0.6931471805599453,0.23010865648587542,0.1369502565742337
7b_fixed,yelp,cold_start_item,12,0.5,1.0,0.5,0.4278825725126764,0.18308349586006578,0.07073534333262343,0.7305006207590723,1.0,6.980075940561763,1.0986122886681096,0.6625,2.0,0.05263157894736842,0.0,1.0,0.6931471805599453,0.0003481328487395796,0.09241074396312814
7b_fixed,yelp,cold_start_item,13,0.38685280723454163,0.0,-0.38685280723454163,0.4278825725126764,0.18308349586006578,0.07073534333262343,0.7305006207590723,1.0,7.397561535524052,1.0986122886681096,0.6625,2.0,0.10526315789473684,0.0,1.0,0.6931471805599453,0.0014577984809875377,0.030910463451552288
7b_fixed,yelp,cold_start_item,14,0.0,0.0,0.0,0.4278825725126764,0.18308349586006578,0.07073534333262343,0.7305006207590723,1.0,7.256297239690681,1.3862943611198906,0.6625,3.0,0.0,0.0,0.95,0.6931471805599453,0.23861719568570455,0.06505941389751704
7b_fixed,yelp,cold_start_item,15,1.0,1.0,0.0,0.4278825725126764,0.18308349586006578,0.07073534333262343,0.7305006207590723,1.0,8.183676582620658,1.6094379124341003,0.6666666666666666,3.0,0.0,0.0,1.0,0.6931471805599453,0.23180429538091019,0.051818829914732495
7b_fixed,yelp,cold_start_item,16,0.0,0.0,0.0,0.4278825725126764,0.18308349586006578,0.07073534333262343,0.7305006207590723,1.0,5.955837369464831,0.6931471805599453,0.6625,2.0,0.05263157894736842,0.0,1.0,0.6931471805599453,0.0021755218505859486,0.03456500667048195
7b_fixed,yelp,cold_start_item,17,0.43067655807339306,0.0,-0.43067655807339306,0.4278825725126764,0.18308349586006578,0.07073534333262343,0.7305006207590723,1.0,6.756932389247553,0.6931471805599453,0.6666666666666666,3.0,0.0,0.0,0.95,0.6931471805599453,0.00048894882202144,0.004719100014121801
7b_fixed,yelp,cold_start_item,18,1.0,0.0,-1.0,0.4278825725126764,0.18308349586006578,0.07073534333262343,0.7305006207590723,1.0,9.876886870738948,3.258096538021482,0.6625,3.0,0.0,0.0,1.0,0.6931471805599453,0.0016310513019561768,0.1152497055278646
7b_fixed,yelp,cold_start_item,19,0.6309297535714575,1.0,0.36907024642854247,0.4278825725126764,0.18308349586006578,0.07073534333262343,0.7305006207590723,1.0,7.789868559054706,1.3862943611198906,0.6666666666666666,3.0,0.0,0.0,1.0,1.0986122886681096,0.23169681032498674,0.053541470214983275
7b_fixed,yelp,cold_start_item,20,0.0,0.6309297535714575,0.6309297535714575,0.4278825725126764,0.18308349586006578,0.07073534333262343,0.7305006207590723,1.0,8.636574948436317,2.302585092994046,0.6666666666666666,2.0,0.05263157894736842,0.0,1.0,0.6931471805599453,0.0017908751964569314,0.07247422653152341
7b_fixed,yelp,cold_start_item,21,0.0,0.0,0.0,0.4278825725126764,0.18308349586006578,0.07073534333262343,0.7305006207590723,1.0,8.268475388982598,2.0794415416798357,0.6666666666666666,3.0,0.0,0.0,1.0,0.6931471805599453,0.002630907297134333,0.09676911752701806
7b_fixed,yelp,cold_start_item,22,0.0,0.0,0.0,0.4278825725126764,0.18308349586006578,0.07073534333262343,0.7305006207590723,1.0,5.883322388488279,0.6931471805599453,0.6666666666666666,3.0,0.0,0.0,1.0,0.6931471805599453,0.0012216210365295632,0.005780265952920776
7b_fixed,yelp,cold_start_item,23,1.0,0.0,-1.0,0.4278825725126764,0.18308349586006578,0.07073534333262343,0.7305006207590723,1.0,9.738553945343401,2.833213344056216,0.6666666666666666,3.0,0.0,0.0,1.0,0.6931471805599453,0.0027126967906951904,0.10289117176623805
7b_fixed,yelp,cold_start_item,24,1.0,0.43067655807339306,-0.5693234419266069,0.4278825725126764,0.18308349586006578,0.07073534333262343,0.7305006207590723,1.0,7.332369205929062,1.0986122886681096,0.6666666666666666,0.0,0.15789473684210525,0.05263157894736842,0.95,1.3862943611198906,0.000496226549148604,0.007609801581426249
7b_fixed,yelp,cold_start_item,25,1.0,1.0,0.0,0.4278825725126764,0.18308349586006578,0.07073534333262343,0.7305006207590723,1.0,9.259320994197804,2.302585092994046,0.6666666666666666,3.0,0.0,0.0,1.0,0.6931471805599453,0.0008121371269226296,0.09702362455415273
7b_fixed,yelp,cold_start_item,26,0.38685280723454163,0.6309297535714575,0.2440769463369159,0.4278825725126764,0.18308349586006578,0.07073534333262343,0.7305006207590723,1.0,6.968850378341948,1.0986122886681096,0.6666666666666666,2.0,0.05263157894736842,0.0,1.0,0.6931471805599453,0.003010940551757768,0.006356106252084046
7b_fixed,yelp,cold_start_item,27,0.5,0.0,-0.5,0.4278825725126764,0.18308349586006578,0.07073534333262343,0.7305006207590723,1.0,6.8966943316227125,0.6931471805599453,0.6583333333333333,3.0,0.0,0.0,1.0,0.6931471805599453,0.23561306794484455,0.06988129667602896
7b_fixed,yelp,cold_start_item,28,0.43067655807339306,0.38685280723454163,-0.04382375083885143,0.4278825725126764,0.18308349586006578,0.07073534333262343,0.7305006207590723,1.0,6.577861357721047,1.0986122886681096,0.6666666666666666,3.0,0.0,0.0,1.0,0.6931471805599453,0.0003727912902831698,0.01593138485004524
7b_fixed,yelp,cold_start_item,29,1.0,0.0,-1.0,0.4278825725126764,0.18308349586006578,0.07073534333262343,0.7305006207590723,1.0,6.0112671744041615,0.6931471805599453,0.6458333333333333,3.0,0.0,0.0,1.0,1.0986122886681096,0.0003862023353576882,0.07854270757516583
7b_fixed,yelp,cold_start_item,30,0.5,0.5,0.0,0.4278825725126764,0.18308349586006578,0.07073534333262343,0.7305006207590723,1.0,7.4360278163518485,0.6931471805599453,0.6541666666666666,3.0,0.0,0.0,1.0,0.6931471805599453,0.22736443479855856,0.08541783337849038
7b_fixed,yelp,cold_start_item,31,0.0,0.0,0.0,0.4278825725126764,0.18308349586006578,0.07073534333262343,0.7305006207590723,1.0,7.719129840906732,1.3862943611198906,0.6666666666666666,2.0,0.05263157894736842,0.0,1.0,0.6931471805599453,0.024285238981247015,0.06855651609449605
7b_fixed,yelp,cold_start_item,32,0.0,0.0,0.0,0.4278825725126764,0.18308349586006578,0.07073534333262343,0.7305006207590723,1.0,7.1770187659099,0.6931471805599453,0.6625,3.0,0.0,0.0,1.0,0.6931471805599453,0.2379692097504933,0.06298191316679905
7b_fixed,yelp,cold_start_item,33,0.38685280723454163,0.0,-0.38685280723454163,0.4278825725126764,0.18308349586006578,0.07073534333262343,0.7305006207590723,1.0,9.633710883953182,3.1780538303479458,0.6625,3.0,0.0,0.0,1.0,0.6931471805599453,0.0012180626392365168,0.11941723238191045
7b_fixed,yelp,cold_start_item,34,1.0,1.0,0.0,0.4278825725126764,0.18308349586006578,0.07073534333262343,0.7305006207590723,1.0,6.175867270105761,0.6931471805599453,0.6625,3.0,0.0,0.0,1.0,0.6931471805599453,0.2326066156228383,0.0681855088800083
7b_fixed,yelp,cold_start_item,35,0.6309297535714575,0.5,-0.13092975357145753,0.4278825725126764,0.18308349586006578,0.07073534333262343,0.7305006207590723,1.0,9.874058741845316,3.1354942159291497,0.6583333333333333,2.0,0.05263157894736842,0.0,1.0,0.6931471805599453,0.0022427916526793767,0.12459006858765967
7b_fixed,yelp,cold_start_item,36,0.0,0.0,0.0,0.4278825725126764,0.18308349586006578,0.07073534333262343,0.7305006207590723,1.0,9.049114723476961,2.5649493574615367,0.6583333333333333,3.0,0.0,0.0,1.0,0.6931471805599453,0.0012030601501464844,0.11966001688923845
7b_fixed,yelp,cold_start_item,37,0.43067655807339306,0.0,-0.43067655807339306,0.4278825725126764,0.18308349586006578,0.07073534333262343,0.7305006207590723,1.0,9.311451873344595,2.639057329615259,0.6666666666666666,3.0,0.0,0.0,1.0,0.6931471805599453,0.007201123237609797,0.08437713044277818
7b_fixed,yelp,cold_start_item,38,0.0,0.38685280723454163,0.38685280723454163,0.4278825725126764,0.18308349586006578,0.07073534333262343,0.7305006207590723,1.0,6.890609120147166,1.0986122886681096,0.6541666666666666,3.0,0.0,0.0,1.0,0.6931471805599453,0.23818704088528952,0.08209903383487704
7b_fixed,yelp,cold_start_item,39,0.0,0.0,0.0,0.4278825725126764,0.18308349586006578,0.07073534333262343,0.7305006207590723,1.0,9.254357257392957,3.091042453358316,0.6583333333333333,2.0,0.05263157894736842,0.0,1.0,0.6931471805599453,0.011078613996505782,0.09366463794812965
7b_fixed,yelp,cold_start_item,40,1.0,0.0,-1.0,0.4278825725126764,0.18308349586006578,0.07073534333262343,0.7305006207590723,1.0,9.226213721132472,2.302585092994046,0.6666666666666666,3.0,0.0,0.0,1.0,0.6931471805599453,0.2271766622861226,0.050631610151685165
7b_fixed,yelp,cold_start_item,41,1.0,0.5,-0.5,0.4278825725126764,0.18308349586006578,0.07073534333262343,0.7305006207590723,1.0,8.293049139768444,1.6094379124341003,0.6666666666666666,3.0,0.0,0.0,1.0,0.6931471805599453,0.2377872129281362,0.11333876481410883
7b_fixed,yelp,cold_start_item,42,0.5,0.38685280723454163,-0.11314719276545837,0.4278825725126764,0.18308349586006578,0.07073534333262343,0.7305006207590723,1.0,8.351846738828245,1.9459101490553132,0.6666666666666666,3.0,0.0,0.0,1.0,0.6931471805599453,0.0012799501419067383,0.10199132874556492
7b_fixed,yelp,cold_start_item,43,0.6309297535714575,0.0,-0.6309297535714575,0.4278825725126764,0.18308349586006578,0.07073534333262343,0.7305006207590723,1.0,7.579167967396076,1.0986122886681096,0.6625,3.0,0.0,0.0,1.0,0.6931471805599453,0.0007506966590881126,0.046970055415932105
7b_fixed,yelp,cold_start_item,44,0.38685280723454163,0.43067655807339306,0.04382375083885143,0.4278825725126764,0.18308349586006578,0.07073534333262343,0.7305006207590723,1.0,5.921578419643816,0.6931471805599453,0.6666666666666666,3.0,0.0,0.0,1.0,1.0986122886681096,0.0003738999366760254,0.011394982025465236
7b_fixed,yelp,cold_start_item,45,0.0,0.43067655807339306,0.43067655807339306,0.4278825725126764,0.18308349586006578,0.07073534333262343,0.7305006207590723,1.0,6.0063531596017325,0.6931471805599453,0.6666666666666666,2.0,0.05263157894736842,0.0,1.0,0.6931471805599453,0.0011462330818176047,0.01774426928926737
7b_fixed,yelp,cold_start_item,46,1.0,0.6309297535714575,-0.36907024642854247,0.4278825725126764,0.18308349586006578,0.07073534333262343,0.7305006207590723,1.0,9.688126141663973,3.1780538303479458,0.6666666666666666,3.0,0.0,0.0,1.0,0.6931471805599453,0.0015943229198455144,0.11245510053200275
7b_fixed,yelp,cold_start_item,47,0.0,0.0,0.0,0.4278825725126764,0.18308349586006578,0.07073534333262343,0.7305006207590723,1.0,9.080003870248179,2.5649493574615367,0.6666666666666666,3.0,0.0,0.0,1.0,0.6931471805599453,0.0001478433609009011,0.01575152105568672
7b_fixed,yelp,cold_start_item,48,0.0,0.0,0.0,0.4278825725126764,0.18308349586006578,0.07073534333262343,0.7305006207590723,1.0,5.908082938168931,0.6931471805599453,0.6666666666666666,2.0,0.10526315789473684,0.0,1.0,0.6931471805599453,0.0002655029296874667,0.008239202127861138
7b_fixed,yelp,cold_start_item,49,0.5,1.0,0.5,0.4278825725126764,0.18308349586006578,0.07073534333262343,0.7305006207590723,1.0,6.393590753950631,0.6931471805599453,0.6666666666666666,2.0,0.05263157894736842,0.0,1.0,0.6931471805599453,0.0024878025054931863,0.011078546477829203
7b_fixed,yelp,cold_start_item,50,0.0,0.5,0.5,0.4278825725126764,0.18308349586006578,0.07073534333262343,0.7305006207590723,1.0,7.5766097669730375,1.0986122886681096,0.6625,3.0,0.0,0.0,1.0,0.6931471805599453,0.0020430207252502552,0.030812263760848158
7b_fixed,yelp,cold_start_item,51,0.0,0.0,0.0,0.4278825725126764,0.18308349586006578,0.07073534333262343,0.7305006207590723,1.0,8.62622695244036,2.0794415416798357,0.6666666666666666,3.0,0.0,0.0,1.0,0.6931471805599453,0.00045002102851865455,0.07529213594180938
7b_fixed,yelp,cold_start_item,52,1.0,1.0,0.0,0.4278825725126764,0.18308349586006578,0.07073534333262343,0.7305006207590723,1.0,6.18826412308259,0.6931471805599453,0.6625,3.0,0.0,0.0,1.0,0.6931471805599453,0.013470983505249001,0.10226918716189551
7b_fixed,yelp,cold_start_item,53,0.0,0.0,0.0,0.4278825725126764,0.18308349586006578,0.07073534333262343,0.7305006207590723,1.0,8.142354276849835,1.6094379124341003,0.6625,2.0,0.15789473684210525,0.0,1.0,0.6931471805599453,0.2289403220017751,0.060396742749799455
7b_fixed,yelp,cold_start_item,54,0.5,0.0,-0.5,0.4278825725126764,0.18308349586006578,0.07073534333262343,0.7305006207590723,1.0,6.812345094177479,1.0986122886681096,0.6666666666666666,3.0,0.0,0.0,1.0,0.6931471805599453,0.23054456909497584,0.05475467974814659
7b_fixed,yelp,cold_start_item,55,0.5,0.43067655807339306,-0.06932344192660694,0.4278825725126764,0.18308349586006578,0.07073534333262343,0.7305006207590723,1.0,9.149953221961088,2.3978952727983707,0.6625,2.0,0.10526315789473684,0.0,1.0,1.0986122886681096,0.0009142398834228738,0.09692811328144793
7b_fixed,yelp,cold_start_item,56,0.0,0.0,0.0,0.4278825725126764,0.18308349586006578,0.07073534333262343,0.7305006207590723,1.0,10.152766577454964,2.833213344056216,0.6625,2.0,0.05263157894736842,0.0,1.0,1.0986122886681096,0.23218105634053543,0.05954755015348846
7b_fixed,yelp,cold_start_item,57,0.0,0.6309297535714575,0.6309297535714575,0.4278825725126764,0.18308349586006578,0.07073534333262343,0.7305006207590723,1.0,6.171700597410915,0.6931471805599453,0.6625,3.0,0.0,0.0,1.0,0.6931471805599453,2.3943185806285516e-05,0.02524798223068893
7b_fixed,yelp,cold_start_item,58,0.6309297535714575,0.0,-0.6309297535714575,0.4278825725126764,0.18308349586006578,0.07073534333262343,0.7305006207590723,1.0,7.268920128193722,0.6931471805599453,0.6666666666666666,3.0,0.0,0.0,1.0,1.0986122886681096,0.0006307840347289928,0.005969582800109655
7b_fixed,yelp,cold_start_item,59,0.6309297535714575,1.0,0.36907024642854247,0.4278825725126764,0.18308349586006578,0.07073534333262343,0.7305006207590723,1.0,6.336825731146441,0.6931471805599453,0.6666666666666666,3.0,0.0,0.0,1.0,0.6931471805599453,0.020840495824813843,0.09191657850151747
7b_fixed,yelp,cold_start_item,60,1.0,0.6309297535714575,-0.36907024642854247,0.4278825725126764,0.18308349586006578,0.07073534333262343,0.7305006207590723,1.0,6.173786103901937,0.6931471805599453,0.6666666666666666,3.0,0.0,0.0,1.0,0.6931471805599453,0.00481254458427427,0.07185090810771391
7b_fixed,yelp,cold_start_item,61,0.38685280723454163,1.0,0.6131471927654584,0.4278825725126764,0.18308349586006578,0.07073534333262343,0.7305006207590723,1.0,6.486160788944089,0.6931471805599453,0.6666666666666666,3.0,0.0,0.0,1.0,0.6931471805599453,0.0013387262821197843,0.015896306024210004
7b_fixed,yelp,cold_start_item,62,0.0,0.0,0.0,0.4278825725126764,0.18308349586006578,0.07073534333262343,0.7305006207590723,1.0,9.52806656577634,3.2188758248682006,0.6625,2.0,0.05263157894736842,0.0,1.0,0.6931471805599453,0.00023410320281980201,0.11410949642016392
7b_fixed,yelp,cold_start_item,63,0.6309297535714575,0.0,-0.6309297535714575,0.4278825725126764,0.18308349586006578,0.07073534333262343,0.7305006207590723,1.0,7.122059881629142,0.6931471805599453,0.6666666666666666,3.0,0.0,0.0,1.0,0.6931471805599453,0.2303942759831747,0.05316842824798492
7b_fixed,yelp,cold_start_item,64,0.43067655807339306,0.43067655807339306,0.0,0.4278825725126764,0.18308349586006578,0.07073534333262343,0.7305006207590723,1.0,8.764053269347762,2.1972245773362196,0.6625,3.0,0.0,0.0,1.0,0.6931471805599453,7.5280666350652226e-06,0.10769369239422952
7b_fixed,yelp,cold_start_item,65,0.5,0.38685280723454163,-0.11314719276545837,0.4278825725126764,0.18308349586006578,0.07073534333262343,0.7305006207590723,1.0,6.297109319933935,0.6931471805599453,0.6625,3.0,0.0,0.0,1.0,0.6931471805599453,0.0018028020858764648,0.03460837813637896
7b_fixed,yelp,cold_start_item,66,0.5,0.43067655807339306,-0.06932344192660694,0.4278825725126764,0.18308349586006578,0.07073534333262343,0.7305006207590723,1.0,7.857867559331803,1.791759469228055,0.6666666666666666,3.0,0.0,0.0,1.0,1.0986122886681096,0.0044511616230011875,0.08787464693263451
7b_fixed,yelp,cold_start_item,67,0.0,0.6309297535714575,0.6309297535714575,0.4278825725126764,0.18308349586006578,0.07073534333262343,0.7305006207590723,1.0,7.615791072035833,0.6931471805599453,0.6666666666666666,3.0,0.0,0.0,1.0,0.6931471805599453,0.21973810990651443,0.05221366334133132
7b_fixed,yelp,cold_start_item,68,0.6309297535714575,0.0,-0.6309297535714575,0.4278825725126764,0.18308349586006578,0.07073534333262343,0.7305006207590723,1.0,6.013715156042802,0.6931471805599453,0.6625,3.0,0.0,0.0,1.0,0.6931471805599453,0.22559533913930258,0.06784980914864569
7b_fixed,yelp,cold_start_item,69,0.43067655807339306,0.0,-0.43067655807339306,0.4278825725126764,0.18308349586006578,0.07073534333262343,0.7305006207590723,1.0,8.247220052745229,1.791759469228055,0.6666666666666666,3.0,0.0,0.0,1.0,0.6931471805599453,0.0008442521095275435,0.10126326743505619
7b_fixed,yelp,cold_start_item,70,0.6309297535714575,0.5,-0.13092975357145753,0.4278825725126764,0.18308349586006578,0.07073534333262343,0.7305006207590723,1.0,6.660575149839686,0.6931471805599453,0.6666666666666666,2.0,0.05263157894736842,0.0,1.0,0.6931471805599453,0.24276131590207417,0.054126668877856526
7b_fixed,yelp,cold_start_item,71,0.0,0.43067655807339306,0.43067655807339306,0.4278825725126764,0.18308349586006578,0.07073534333262343,0.7305006207590723,1.0,6.517671272912275,0.6931471805599453,0.6541666666666666,2.0,0.05263157894736842,0.0,1.0,0.6931471805599453,0.23048976262410475,0.08047307215308448
7b_fixed,yelp,cold_start_item,72,0.6309297535714575,0.5,-0.13092975357145753,0.4278825725126764,0.18308349586006578,0.07073534333262343,0.7305006207590723,1.0,6.3835066348840055,0.6931471805599453,0.6666666666666666,3.0,0.0,0.0,1.0,0.6931471805599453,0.23155052264531456,0.052876520669186515
7b_fixed,yelp,cold_start_item,73,1.0,0.38685280723454163,-0.6131471927654584,0.4278825725126764,0.18308349586006578,0.07073534333262343,0.7305006207590723,1.0,8.515591910049263,1.6094379124341003,0.6666666666666666,3.0,0.0,0.0,1.0,0.6931471805599453,0.22910525997479753,0.05514875684042647
7b_fixed,yelp,cold_start_item,74,0.5,1.0,0.5,0.4278825725126764,0.18308349586006578,0.07073534333262343,0.7305006207590723,1.0,7.43307534889858,1.0986122886681096,0.6625,3.0,0.0,0.0,1.0,0.6931471805599453,0.0016034424304961492,0.08672998817301916
7b_fixed,yelp,cold_start_item,75,0.0,0.0,0.0,0.4278825725126764,0.18308349586006578,0.07073534333262343,0.7305006207590723,1.0,10.571675835054878,3.8066624897703196,0.6666666666666666,3.0,0.0,0.0,1.0,1.0986122886681096,0.002322149276733465,0.11769245462311609
7b_fixed,yelp,cold_start_item,76,0.0,0.0,0.0,0.4278825725126764,0.18308349586006578,0.07073534333262343,0.7305006207590723,1.0,6.311734809152915,0.6931471805599453,0.6625,3.0,0.0,0.0,1.0,0.6931471805599453,0.004629510641098067,0.030337477587139866
7b_fixed,yelp,cold_start_item,77,0.0,0.0,0.0,0.4278825725126764,0.18308349586006578,0.07073534333262343,0.7305006207590723,1.0,7.38025578842646,0.6931471805599453,0.6666666666666666,3.0,0.0,0.0,1.0,0.6931471805599453,0.0018868803977966087,0.007728241793694548
7b_fixed,yelp,cold_start_item,78,0.0,0.0,0.0,0.4278825725126764,0.18308349586006578,0.07073534333262343,0.7305006207590723,1.0,8.265907334155747,2.1972245773362196,0.6666666666666666,3.0,0.0,0.0,1.0,0.6931471805599453,0.0034917175769806352,0.06883588977753642
7b_fixed,yelp,cold_start_item,79,1.0,0.0,-1.0,0.4278825725126764,0.18308349586006578,0.07073534333262343,0.7305006207590723,1.0,9.521128433142438,2.4849066497880004,0.6666666666666666,2.0,0.05263157894736842,0.0,1.0,0.6931471805599453,0.0005335807800292969,0.11538761683818302
7b_fixed,yelp,cold_start_item,80,0.0,0.38685280723454163,0.38685280723454163,0.4278825725126764,0.18308349586006578,0.07073534333262343,0.7305006207590723,1.0,6.455198563340122,0.6931471805599453,0.6666666666666666,2.0,0.05263157894736842,0.0,1.0,0.6931471805599453,0.0008436083793640359,0.07568731598745246
7b_fixed,yelp,cold_start_item,81,1.0,1.0,0.0,0.4278825725126764,0.18308349586006578,0.07073534333262343,0.7305006207590723,1.0,7.671826797878781,1.3862943611198906,0.6625,3.0,0.0,0.0,1.0,0.6931471805599453,0.0056185483932494895,0.08458224618384458
7b_fixed,yelp,cold_start_item,82,1.0,0.0,-1.0,0.4278825725126764,0.18308349586006578,0.07073534333262343,0.7305006207590723,1.0,6.3473892096560105,0.6931471805599453,0.6583333333333333,2.0,0.05263157894736842,0.0,1.0,0.6931471805599453,0.007861715555190996,0.08843589647246802
7b_fixed,yelp,cold_start_item,83,0.0,0.0,0.0,0.4278825725126764,0.18308349586006578,0.07073534333262343,0.7305006207590723,1.0,7.427144133408616,0.6931471805599453,0.6666666666666666,2.0,0.05263157894736842,0.0,1.0,1.0986122886681096,0.04307713508605959,0.07565920235189963
7b_fixed,yelp,cold_start_item,84,1.0,0.0,-1.0,0.4278825725126764,0.18308349586006578,0.07073534333262343,0.7305006207590723,1.0,7.2868764117507,0.6931471805599453,0.6666666666666666,3.0,0.0,0.0,1.0,0.6931471805599453,0.2335476418336232,0.11603456736164629
7b_fixed,yelp,cold_start_item,85,0.0,1.0,1.0,0.4278825725126764,0.18308349586006578,0.07073534333262343,0.7305006207590723,1.0,7.462789157412448,1.3862943611198906,0.6583333333333333,3.0,0.0,0.0,1.0,0.6931471805599453,0.053419196605682395,0.08126316942869394
7b_fixed,yelp,cold_start_item,86,0.0,0.0,0.0,0.4278825725126764,0.18308349586006578,0.07073534333262343,0.7305006207590723,1.0,9.398809659356372,2.4849066497880004,0.6625,3.0,0.0,0.0,1.0,0.6931471805599453,0.001887309551239058,0.11445859187915004
7b_fixed,yelp,cold_start_item,87,1.0,0.6309297535714575,-0.36907024642854247,0.4278825725126764,0.18308349586006578,0.07073534333262343,0.7305006207590723,1.0,7.088408778675395,1.0986122886681096,0.6666666666666666,3.0,0.0,0.0,1.0,0.6931471805599453,0.21357560952504479,0.04955740901890193
7b_fixed,yelp,cold_start_item,88,0.0,0.0,0.0,0.4278825725126764,0.18308349586006578,0.07073534333262343,0.7305006207590723,1.0,6.236369590203704,0.6931471805599453,0.6666666666666666,3.0,0.0,0.0,1.0,0.6931471805599453,0.0018558025360107533,0.020715193544627315
7b_fixed,yelp,cold_start_item,89,0.0,0.0,0.0,0.4278825725126764,0.18308349586006578,0.07073534333262343,0.7305006207590723,1.0,8.079308192051961,1.9459101490553132,0.6666666666666666,2.0,0.10526315789473684,0.0,1.0,0.6931471805599453,0.00019238591194159493,0.08386047027146654
7b_fixed,yelp,cold_start_item,90,0.5,0.0,-0.5,0.4278825725126764,0.18308349586006578,0.07073534333262343,0.7305006207590723,1.0,8.744806737401898,2.302585092994046,0.6666666666666666,3.0,0.0,0.0,1.0,0.6931471805599453,4.384517669675514e-05,0.11366201936713137
7b_fixed,yelp,cold_start_item,91,1.0,1.0,0.0,0.4278825725126764,0.18308349586006578,0.07073534333262343,0.7305006207590723,1.0,7.688455356549944,1.6094379124341003,0.6666666666666666,3.0,0.0,0.0,1.0,0.6931471805599453,0.00038330554962162644,0.09715506072149777
7b_fixed,yelp,cold_start_item,92,0.0,0.0,0.0,0.4278825725126764,0.18308349586006578,0.07073534333262343,0.7305006207590723,1.0,5.8289456176102075,0.6931471805599453,0.6625,3.0,0.0,0.0,1.0,0.6931471805599453,0.2266298671563466,0.05876133624649945
7b_fixed,yelp,cold_start_item,93,0.6309297535714575,0.5,-0.13092975357145753,0.4278825725126764,0.18308349586006578,0.07073534333262343,0.7305006207590723,1.0,5.8289456176102075,0.6931471805599453,0.6625,3.0,0.0,0.0,1.0,0.6931471805599453,0.0013969123363494762,0.037639440127909686
7b_fixed,yelp,cold_start_item,94,0.0,0.0,0.0,0.4278825725126764,0.18308349586006578,0.07073534333262343,0.7305006207590723,1.0,9.91665053906241,3.4339872044851463,0.6666666666666666,3.0,0.0,0.0,1.0,0.6931471805599453,0.0014849960803985374,0.11136125466244158
7b_fixed,yelp,cold_start_item,95,0.0,0.0,0.0,0.4278825725126764,0.18308349586006578,0.07073534333262343,0.7305006207590723,1.0,7.087573705557973,1.0986122886681096,0.6666666666666666,3.0,0.0,0.0,1.0,0.6931471805599453,0.005488014221191384,0.07136454057347058
7b_fixed,yelp,cold_start_item,96,0.6309297535714575,0.0,-0.6309297535714575,0.4278825725126764,0.18308349586006578,0.07073534333262343,0.7305006207590723,1.0,6.142037405587356,0.6931471805599453,0.6666666666666666,2.0,0.05263157894736842,0.0,1.0,0.6931471805599453,0.0011848926544189564,0.011819181466193292
7b_fixed,yelp,cold_start_item,97,0.5,0.6309297535714575,0.13092975357145753,0.4278825725126764,0.18308349586006578,0.07073534333262343,0.7305006207590723,1.0,9.52806656577634,2.9444389791664403,0.6541666666666666,2.0,0.05263157894736842,0.0,1.0,0.6931471805599453,0.002542519569396995,0.11710091550970297
7b_fixed,yelp,cold_start_item,98,0.38685280723454163,0.6309297535714575,0.2440769463369159,0.4278825725126764,0.18308349586006578,0.07073534333262343,0.7305006207590723,1.0,6.439350371100098,0.6931471805599453,0.6666666666666666,3.0,0.0,0.0,1.0,0.6931471805599453,0.2306205650170644,0.05331099530490966
7b_fixed,yelp,cold_start_item,99,0.5,0.6309297535714575,0.13092975357145753,0.4278825725126764,0.18308349586006578,0.07073534333262343,0.7305006207590723,1.0,9.121509158269568,2.1972245773362196,0.6541666666666666,2.0,0.05263157894736842,0.0,1.0,0.6931471805599453,0.23993709286053966,0.1437203118340066
7b_fixed,yelp,cold_start_item,100,0.0,0.6309297535714575,0.6309297535714575,0.4278825725126764,0.18308349586006578,0.07073534333262343,0.7305006207590723,1.0,7.2196420401307355,1.0986122886681096,0.6625,3.0,0.0,0.0,1.0,0.6931471805599453,0.001023638248443648,0.030764888039891213
7b_fixed,yelp,cold_start_item,101,0.43067655807339306,0.5,0.06932344192660694,0.4278825725126764,0.18308349586006578,0.07073534333262343,0.7305006207590723,1.0,8.537779825024625,1.791759469228055,0.6666666666666666,3.0,0.0,0.0,1.0,0.6931471805599453,0.2304071327050527,0.05502225423019173
7b_fixed,yelp,cold_start_item,102,1.0,1.0,0.0,0.4278825725126764,0.18308349586006578,0.07073534333262343,0.7305006207590723,1.0,6.253828811575473,0.6931471805599453,0.6625,3.0,0.0,0.0,1.0,0.6931471805599453,0.23805266221364335,0.06718821976510413
7b_fixed,yelp,cold_start_item,103,0.0,0.38685280723454163,0.38685280723454163,0.4278825725126764,0.18308349586006578,0.07073534333262343,0.7305006207590723,1.0,8.864746660905409,2.3978952727983707,0.6666666666666666,2.0,0.05263157894736842,0.0,1.0,0.6931471805599453,0.0037864029407501665,0.1103375373958907
7b_fixed,yelp,cold_start_item,104,0.43067655807339306,1.0,0.5693234419266069,0.4278825725126764,0.18308349586006578,0.07073534333262343,0.7305006207590723,1.0,6.621405651764134,0.6931471805599453,0.6625,3.0,0.0,0.0,1.0,0.6931471805599453,0.07166976928710939,0.02135823599544217
7b_fixed,yelp,cold_start_item,105,0.0,0.43067655807339306,0.43067655807339306,0.4278825725126764,0.18308349586006578,0.07073534333262343,0.7305006207590723,1.0,5.955837369464831,0.6931471805599453,0.6666666666666666,3.0,0.0,0.0,1.0,0.6931471805599453,0.000628405809402488,0.020377148954528954
7b_fixed,yelp,cold_start_item,106,1.0,1.0,0.0,0.4278825725126764,0.18308349586006578,0.07073534333262343,0.7305006207590723,1.0,7.231287004327616,0.6931471805599453,0.6666666666666666,2.0,0.10526315789473684,0.0,1.0,0.6931471805599453,0.0006729125976562278,0.0039930376568403075
7b_fixed,yelp,cold_start_item,107,1.0,0.0,-1.0,0.4278825725126764,0.18308349586006578,0.07073534333262343,0.7305006207590723,1.0,8.387084506069217,1.9459101490553132,0.6666666666666666,3.0,0.0,0.0,1.0,0.6931471805599453,0.002192920446395852,0.09248735727628243
7b_fixed,yelp,cold_start_item,108,1.0,1.0,0.0,0.4278825725126764,0.18308349586006578,0.07073534333262343,0.7305006207590723,1.0,7.112327444710911,1.3862943611198906,0.6625,2.0,0.05263157894736842,0.0,1.0,0.6931471805599453,0.22288548549016313,0.06680169172933442
7b_fixed,yelp,cold_start_item,109,0.0,0.0,0.0,0.4278825725126764,0.18308349586006578,0.07073534333262343,0.7305006207590723,1.0,10.521102670483636,4.382026634673881,0.6541666666666666,3.0,0.0,0.0,1.0,0.6931471805599453,0.0012433648109436701,0.10847666799872516
7b_fixed,yelp,cold_start_item,110,0.0,0.0,0.0,0.4278825725126764,0.18308349586006578,0.07073534333262343,0.7305006207590723,1.0,6.815639990074331,1.0986122886681096,0.6541666666666666,2.0,0.05263157894736842,0.0,1.0,0.6931471805599453,0.0017848849296570046,0.06121679215422951
7b_fixed,yelp,cold_start_item,111,0.0,0.5,0.5,0.4278825725126764,0.18308349586006578,0.07073534333262343,0.7305006207590723,1.0,9.339261152043022,2.772588722239781,0.6583333333333333,2.0,0.05263157894736842,0.0,1.0,0.6931471805599453,0.0009555995464325395,0.11327118415411537
7b_fixed,yelp,cold_start_item,112,1.0,1.0,0.0,0.4278825725126764,0.18308349586006578,0.07073534333262343,0.7305006207590723,1.0,7.288244401020124,1.3862943611198906,0.6625,3.0,0.0,0.0,1.0,0.6931471805599453,0.21871196826299033,0.06183290027095253
7b_fixed,yelp,cold_start_item,113,0.0,0.0,0.0,0.4278825725126764,0.18308349586006578,0.07073534333262343,0.7305006207590723,1.0,7.955425088912672,1.0986122886681096,0.6625,3.0,0.0,0.0,1.0,0.6931471805599453,2.158284187314674e-05,0.026206610455890365
7b_fixed,yelp,cold_start_item,114,1.0,0.5,-0.5,0.4278825725126764,0.18308349586006578,0.07073534333262343,0.7305006207590723,1.0,8.0861025356691,1.791759469228055,0.6625,3.0,0.0,0.0,1.0,0.6931471805599453,0.0017393410205840953,0.032722011256464054
7b_fixed,yelp,cold_start_item,115,0.0,0.0,0.0,0.4278825725126764,0.18308349586006578,0.07073534333262343,0.7305006207590723,1.0,7.087573705557973,0.6931471805599453,0.6666666666666666,3.0,0.0,0.0,1.0,0.6931471805599453,0.0031387388706207164,0.008461367883129506
7b_fixed,yelp,cold_start_item,116,0.0,0.0,0.0,0.4278825725126764,0.18308349586006578,0.07073534333262343,0.7305006207590723,1.0,6.755768921984256,0.6931471805599453,0.6666666666666666,2.0,0.05263157894736842,0.0,1.0,0.6931471805599453,0.0015362441539764626,0.10800833060989719
7b_fixed,yelp,cold_start_item,117,0.0,0.38685280723454163,0.38685280723454163,0.4278825725126764,0.18308349586006578,0.07073534333262343,0.7305006207590723,1.0,6.159095388491933,0.6931471805599453,0.6666666666666666,3.0,0.0,0.0,1.0,0.6931471805599453,0.23495059808095298,0.055570158715463995
7b_fixed,yelp,cold_start_item,118,1.0,0.5,-0.5,0.4278825725126764,0.18308349586006578,0.07073534333262343,0.7305006207590723,1.0,6.698268054115413,0.6931471805599453,0.6666666666666666,3.0,0.0,0.0,1.0,0.6931471805599453,0.0007705092430114746,0.0071488933898876846
7b_fixed,yelp,cold_start_item,119,0.5,0.5,0.0,0.4278825725126764,0.18308349586006578,0.07073534333262343,0.7305006207590723,1.0,6.042632833682381,0.6931471805599453,0.6666666666666666,2.0,0.05263157894736842,0.0,1.0,0.6931471805599453,0.00022552013397214576,0.01179544694031711
7b_fixed,yelp,cold_start_item,120,1.0,0.6309297535714575,-0.36907024642854247,0.4278825725126764,0.18308349586006578,0.07073534333262343,0.7305006207590723,1.0,7.691200097522863,0.6931471805599453,0.6666666666666666,3.0,0.0,0.0,1.0,0.6931471805599453,0.22768651445706684,0.052182306115191104
7b_fixed,yelp,cold_start_item,121,0.43067655807339306,0.0,-0.43067655807339306,0.4278825725126764,0.18308349586006578,0.07073534333262343,0.7305006207590723,1.0,9.092232283495854,2.302585092994046,0.6666666666666666,3.0,0.0,0.0,1.0,0.6931471805599453,0.0033288538455962247,0.11107744895408005
7b_fixed,yelp,cold_start_item,122,0.6309297535714575,0.0,-0.6309297535714575,0.4278825725126764,0.18308349586006578,0.07073534333262343,0.7305006207590723,1.0,6.340359303727752,0.6931471805599453,0.6666666666666666,3.0,0.0,0.0,1.0,0.6931471805599453,0.0012814879417419323,0.007851623933328373
7b_fixed,yelp,cold_start_item,123,0.5,1.0,0.5,0.4278825725126764,0.18308349586006578,0.07073534333262343,0.7305006207590723,1.0,9.574010790427302,2.8903717578961645,0.6625,3.0,0.0,0.0,1.0,0.6931471805599453,0.0006121337413788064,0.11591929057821146
7b_fixed,yelp,cold_start_item,124,0.5,0.5,0.0,0.4278825725126764,0.18308349586006578,0.07073534333262343,0.7305006207590723,1.0,7.3098814858247865,1.0986122886681096,0.6625,3.0,0.0,0.0,1.0,0.6931471805599453,0.0016488969326019232,0.014607322893764043
7b_fixed,yelp,evolving_interest,0,0.6309297535714575,0.6309297535714575,0.0,0.4278825725126764,0.18308349586006578,0.07073534333262343,0.7305006207590723,1.0,7.8434564043761155,1.791759469228055,0.6666666666666666,3.0,0.0,0.0,1.0,0.6931471805599453,0.23137650092442835,0.05143196165778428
7b_fixed,yelp,evolving_interest,1,1.0,1.0,0.0,0.4278825725126764,0.18308349586006578,0.07073534333262343,0.7305006207590723,1.0,7.6953031349635665,1.3862943611198906,0.6583333333333333,2.0,0.05263157894736842,0.0,1.0,0.6931471805599453,0.23231790264447533,0.07265859328111707
7b_fixed,yelp,evolving_interest,2,1.0,0.0,-1.0,0.4278825725126764,0.18308349586006578,0.07073534333262343,0.7305006207590723,1.0,7.676473646389156,1.791759469228055,0.6625,2.0,0.05263157894736842,0.0,1.0,0.6931471805599453,0.2264876027901967,0.063220399883036
7b_fixed,yelp,evolving_interest,3,1.0,0.5,-0.5,0.4278825725126764,0.18308349586006578,0.07073534333262343,0.7305006207590723,1.0,7.83399634170946,1.9459101490553132,0.6666666666666666,3.0,0.0,0.0,1.0,0.6931471805599453,0.0022489428520202637,0.08030522763384373
7b_fixed,yelp,evolving_interest,4,1.0,0.0,-1.0,0.4278825725126764,0.18308349586006578,0.07073534333262343,0.7305006207590723,1.0,8.00469951054955,1.9459101490553132,0.6625,3.0,0.0,0.0,1.0,0.6931471805599453,0.08120883107185362,0.05060597482333095
7b_fixed,yelp,evolving_interest,5,0.0,0.0,0.0,0.4278825725126764,0.18308349586006578,0.07073534333262343,0.7305006207590723,1.0,8.760609847570002,1.6094379124341003,0.6666666666666666,3.0,0.0,0.0,1.0,0.6931471805599453,0.23355872829755142,0.05384844406053269
7b_fixed,yelp,evolving_interest,6,0.0,0.0,0.0,0.4278825725126764,0.18308349586006578,0.07073534333262343,0.7305006207590723,1.0,7.256297239690681,1.3862943611198906,0.6625,3.0,0.0,0.0,0.95,0.6931471805599453,0.23861719568570455,0.06505941389751704
7b_fixed,yelp,evolving_interest,7,1.0,1.0,0.0,0.4278825725126764,0.18308349586006578,0.07073534333262343,0.7305006207590723,1.0,7.466227556215481,1.6094379124341003,0.6666666666666666,3.0,0.0,0.0,1.0,1.0986122886681096,0.23328414162000022,0.05314749511182434
7b_fixed,yelp,evolving_interest,8,0.5,0.0,-0.5,0.4278825725126764,0.18308349586006578,0.07073534333262343,0.7305006207590723,1.0,7.591357046698551,1.3862943611198906,0.6625,3.0,0.0,0.0,1.0,0.6931471805599453,0.21904084285100295,0.06462544059013432
7b_fixed,yelp,evolving_interest,9,1.0,1.0,0.0,0.4278825725126764,0.18308349586006578,0.07073534333262343,0.7305006207590723,1.0,8.183676582620658,1.6094379124341003,0.6666666666666666,3.0,0.0,0.0,1.0,0.6931471805599453,0.23180429538091019,0.051818829914732495
7b_fixed,yelp,evolving_interest,10,0.5,0.43067655807339306,-0.06932344192660694,0.4278825725126764,0.18308349586006578,0.07073534333262343,0.7305006207590723,1.0,8.087332926473351,1.9459101490553132,0.6625,3.0,0.0,0.0,1.0,0.6931471805599453,0.22492943604787186,0.05945423539821411
7b_fixed,yelp,evolving_interest,11,0.6309297535714575,1.0,0.36907024642854247,0.4278825725126764,0.18308349586006578,0.07073534333262343,0.7305006207590723,1.0,7.789868559054706,1.3862943611198906,0.6666666666666666,3.0,0.0,0.0,1.0,1.0986122886681096,0.23169681032498674,0.053541470214983275
7b_fixed,yelp,evolving_interest,12,0.5,0.5,0.0,0.4278825725126764,0.18308349586006578,0.07073534333262343,0.7305006207590723,1.0,7.911690520708339,1.791759469228055,0.6666666666666666,2.0,0.05263157894736842,0.0,1.0,0.6931471805599453,0.0017908751964569314,0.07306597683269228
7b_fixed,yelp,evolving_interest,13,0.0,0.0,0.0,0.4278825725126764,0.18308349586006578,0.07073534333262343,0.7305006207590723,1.0,8.268475388982598,2.0794415416798357,0.6666666666666666,3.0,0.0,0.0,1.0,0.6931471805599453,0.002630907297134333,0.09676911752701806
7b_fixed,yelp,evolving_interest,14,1.0,0.0,-1.0,0.4278825725126764,0.18308349586006578,0.07073534333262343,0.7305006207590723,1.0,8.780172651227646,1.791759469228055,0.6666666666666666,3.0,0.0,0.0,1.0,0.6931471805599453,0.23062063654263815,0.052631047932367725
7b_fixed,yelp,evolving_interest,15,1.0,1.0,0.0,0.4278825725126764,0.18308349586006578,0.07073534333262343,0.7305006207590723,1.0,8.300280189852664,1.791759469228055,0.6666666666666666,3.0,0.0,0.0,1.0,0.6931471805599453,0.23331380685170489,0.0527637071045482
7b_fixed,yelp,evolving_interest,16,0.0,0.5,0.5,0.4278825725126764,0.18308349586006578,0.07073534333262343,0.7305006207590723,1.0,7.534762657037537,1.6094379124341003,0.6666666666666666,2.0,0.10526315789473684,0.0,1.0,0.6931471805599453,0.0009685814380646085,0.008121220506052745
7b_fixed,yelp,evolving_interest,17,0.6309297535714575,1.0,0.36907024642854247,0.4278825725126764,0.18308349586006578,0.07073534333262343,0.7305006207590723,1.0,8.704668113450987,2.1972245773362196,0.6625,3.0,0.0,0.0,1.0,0.6931471805599453,0.23025413950284324,0.06563506391235475
7b_fixed,yelp,evolving_interest,18,0.0,0.0,0.0,0.4278825725126764,0.18308349586006578,0.07073534333262343,0.7305006207590723,1.0,7.060476365999801,1.3862943611198906,0.6666666666666666,3.0,0.0,0.0,1.0,0.6931471805599453,0.23530380924542743,0.05293919945426983
7b_fixed,yelp,evolving_interest,19,0.0,0.0,0.0,0.4278825725126764,0.18308349586006578,0.07073534333262343,0.7305006207590723,1.0,8.405367376233981,1.6094379124341003,0.6666666666666666,3.0,0.0,0.0,1.0,0.6931471805599453,0.010353827476501487,0.07632873212755543
7b_fixed,yelp,evolving_interest,20,0.0,0.0,0.0,0.4278825725126764,0.18308349586006578,0.07073534333262343,0.7305006207590723,1.0,7.603897968521881,1.6094379124341003,0.6625,2.0,0.05263157894736842,0.0,1.0,0.6931471805599453,0.0004475533962249867,0.026257723640996784
7b_fixed,yelp,evolving_interest,21,0.0,0.0,0.0,0.4278825725126764,0.18308349586006578,0.07073534333262343,0.7305006207590723,1.0,7.719129840906732,1.3862943611198906,0.6666666666666666,2.0,0.05263157894736842,0.0,1.0,0.6931471805599453,0.024285238981247015,0.06855651609449605
7b_fixed,yelp,evolving_interest,22,0.0,0.6309297535714575,0.6309297535714575,0.4278825725126764,0.18308349586006578,0.07073534333262343,0.7305006207590723,1.0,9.96199228190869,3.1354942159291497,0.6625,3.0,0.0,0.0,1.0,0.6931471805599453,0.004611557722091653,0.12770654334617143
7b_fixed,yelp,evolving_interest,23,0.6309297535714575,0.6309297535714575,0.0,0.4278825725126764,0.18308349586006578,0.07073534333262343,0.7305006207590723,1.0,7.86403565907245,1.6094379124341003,0.6625,3.0,0.0,0.0,1.0,0.6931471805599453,0.011654877662658714,0.07545859109650306
7b_fixed,yelp,evolving_interest,24,0.0,0.0,0.0,0.4278825725126764,0.18308349586006578,0.07073534333262343,0.7305006207590723,1.0,9.9297886269555,2.772588722239781,0.6666666666666666,3.0,0.0,0.0,1.0,0.6931471805599453,0.002206563949584961,0.08433153785420819
7b_fixed,yelp,evolving_interest,25,0.0,1.0,1.0,0.4278825725126764,0.18308349586006578,0.07073534333262343,0.7305006207590723,1.0,7.947325027016463,1.3862943611198906,0.6583333333333333,3.0,0.0,0.0,1.0,0.6931471805599453,4.615187644951835e-05,0.08326722015297776
7b_fixed,yelp,evolving_interest,26,0.6309297535714575,0.5,-0.13092975357145753,0.4278825725126764,0.18308349586006578,0.07073534333262343,0.7305006207590723,1.0,9.874058741845316,3.1354942159291497,0.6583333333333333,2.0,0.05263157894736842,0.0,1.0,0.6931471805599453,0.0022427916526793767,0.12459006858765967
7b_fixed,yelp,evolving_interest,27,0.0,0.0,0.0,0.4278825725126764,0.18308349586006578,0.07073534333262343,0.7305006207590723,1.0,7.611842399580417,1.3862943611198906,0.6625,2.0,0.05263157894736842,0.0,1.0,0.6931471805599453,0.19233864744504287,0.053742973421317466
7b_fixed,yelp,evolving_interest,28,1.0,0.38685280723454163,-0.6131471927654584,0.4278825725126764,0.18308349586006578,0.07073534333262343,0.7305006207590723,1.0,9.285818833152089,1.9459101490553132,0.6666666666666666,2.0,0.05263157894736842,0.0,1.0,0.6931471805599453,0.0015173614025115745,0.11841964457103688
7b_fixed,yelp,evolving_interest,29,0.0,0.38685280723454163,0.38685280723454163,0.4278825725126764,0.18308349586006578,0.07073534333262343,0.7305006207590723,1.0,8.262816937670928,1.9459101490553132,0.6583333333333333,3.0,0.0,0.0,1.0,0.6931471805599453,0.0012030601501464844,0.1235684196017335
7b_fixed,yelp,evolving_interest,30,0.0,0.0,0.0,0.4278825725126764,0.18308349586006578,0.07073534333262343,0.7305006207590723,1.0,8.535622326884605,2.302585092994046,0.6583333333333333,2.0,0.05263157894736842,0.0,1.0,0.6931471805599453,0.011213207244873069,0.0838058339058516
7b_fixed,yelp,evolving_interest,31,1.0,0.5,-0.5,0.4278825725126764,0.18308349586006578,0.07073534333262343,0.7305006207590723,1.0,8.293049139768444,1.6094379124341003,0.6666666666666666,3.0,0.0,0.0,1.0,0.6931471805599453,0.2377872129281362,0.11333876481410883
7b_fixed,yelp,evolving_interest,32,0.0,1.0,1.0,0.4278825725126764,0.18308349586006578,0.07073534333262343,0.7305006207590723,1.0,8.614501373883236,1.3862943611198906,0.6625,2.0,0.05263157894736842,0.0,1.0,0.6931471805599453,0.0011047124862670898,0.0398718693716463
7b_fixed,yelp,evolving_interest,33,0.0,0.0,0.0,0.4278825725126764,0.18308349586006578,0.07073534333262343,0.7305006207590723,1.0,8.989319566042951,2.302585092994046,0.6666666666666666,3.0,0.0,0.0,1.0,0.6931471805599453,0.0014508783817290816,0.11073114226244597
7b_fixed,yelp,evolving_interest,34,1.0,1.0,0.0,0.4278825725126764,0.18308349586006578,0.07073534333262343,0.7305006207590723,1.0,7.842278779117352,1.3862943611198906,0.6625,3.0,0.0,0.0,1.0,0.6931471805599453,0.2299055775006612,0.061406673515117874
7b_fixed,yelp,evolving_interest,35,0.0,0.0,0.0,0.4278825725126764,0.18308349586006578,0.07073534333262343,0.7305006207590723,1.0,8.657998068007258,1.6094379124341003,0.6625,3.0,0.0,0.0,1.0,0.6931471805599453,0.2300464649995168,0.06130049460215465
7b_fixed,yelp,evolving_interest,36,1.0,0.6309297535714575,-0.36907024642854247,0.4278825725126764,0.18308349586006578,0.07073534333262343,0.7305006207590723,1.0,9.688126141663973,3.1780538303479458,0.6666666666666666,3.0,0.0,0.0,1.0,0.6931471805599453,0.0015943229198455144,0.11245510053200275
7b_fixed,yelp,evolving_interest,37,0.0,0.0,0.0,0.4278825725126764,0.18308349586006578,0.07073534333262343,0.7305006207590723,1.0,9.341105441855735,2.0794415416798357,0.6541666666666666,3.0,0.0,0.0,1.0,0.6931471805599453,0.0006906151771545188,0.03010837128116394
7b_fixed,yelp,evolving_interest,38,0.43067655807339306,0.5,0.06932344192660694,0.4278825725126764,0.18308349586006578,0.07073534333262343,0.7305006207590723,1.0,7.080867896690782,1.3862943611198906,0.6625,3.0,0.0,0.0,1.0,0.6931471805599453,0.2328390558560689,0.06366280409230744
7b_fixed,yelp,evolving_interest,39,0.6309297535714575,0.0,-0.6309297535714575,0.4278825725126764,0.18308349586006578,0.07073534333262343,0.7305006207590723,1.0,7.807916628926408,1.9459101490553132,0.6666666666666666,3.0,0.0,0.0,1.0,0.6931471805599453,0.0060804069042205144,0.0720480327491299
7b_fixed,yelp,evolving_interest,40,0.0,0.0,0.0,0.4278825725126764,0.18308349586006578,0.07073534333262343,0.7305006207590723,1.0,8.460411177317253,1.9459101490553132,0.6666666666666666,3.0,0.0,0.0,1.0,0.6931471805599453,0.00045002102851865455,0.07560008803146684
7b_fixed,yelp,evolving_interest,41,0.43067655807339306,0.0,-0.43067655807339306,0.4278825725126764,0.18308349586006578,0.07073534333262343,0.7305006207590723,1.0,7.07326971745971,1.3862943611198906,0.6583333333333333,3.0,0.0,0.0,1.0,0.6931471805599453,0.010351628065109253,0.08417073214350593
7b_fixed,yelp,evolving_interest,42,0.43067655807339306,0.0,-0.43067655807339306,0.4278825725126764,0.18308349586006578,0.07073534333262343,0.7305006207590723,1.0,8.5016733797582,1.791759469228055,0.6541666666666666,3.0,0.0,0.0,1.0,0.6931471805599453,0.2314116915067037,0.07680210301700012
7b_fixed,yelp,evolving_interest,43,0.0,0.0,0.0,0.4278825725126764,0.18308349586006578,0.07073534333262343,0.7305006207590723,1.0,9.028338763993148,1.9459101490553132,0.6666666666666666,3.0,0.0,0.0,1.0,0.6931471805599453,0.001488697528839067,0.09624267984030865
7b_fixed,yelp,evolving_interest,44,0.0,0.0,0.0,0.4278825725126764,0.18308349586006578,0.07073534333262343,0.7305006207590723,1.0,8.142354276849835,1.6094379124341003,0.6625,2.0,0.15789473684210525,0.0,1.0,0.6931471805599453,0.2289403220017751,0.060396742749799455
7b_fixed,yelp,evolving_interest,45,0.6309297535714575,0.6309297535714575,0.0,0.4278825725126764,0.18308349586006578,0.07073534333262343,0.7305006207590723,1.0,8.185628891147607,1.6094379124341003,0.6625,3.0,0.0,0.0,1.0,0.6931471805599453,0.0012410938739776944,0.04127276665330809
7b_fixed,yelp,evolving_interest,46,0.0,0.0,0.0,0.4278825725126764,0.18308349586006578,0.07073534333262343,0.7305006207590723,1.0,7.323170717943469,1.3862943611198906,0.6666666666666666,3.0,0.0,0.0,1.0,0.6931471805599453,0.19560858209927873,0.04653081798898777
7b_fixed,yelp,evolving_interest,47,0.6309297535714575,1.0,0.36907024642854247,0.4278825725126764,0.18308349586006578,0.07073534333262343,0.7305006207590723,1.0,8.776630098427717,1.9459101490553132,0.6666666666666666,3.0,0.0,0.0,1.0,0.6931471805599453,0.0014403462409973145,0.09423630503085867
7b_fixed,yelp,evolving_interest,48,0.0,0.0,0.0,0.4278825725126764,0.18308349586006578,0.07073534333262343,0.7305006207590723,1.0,7.470224135899966,1.3862943611198906,0.6583333333333333,3.0,0.0,0.0,1.0,0.6931471805599453,0.21431495149930313,0.06708124863331204
7b_fixed,yelp,evolving_interest,49,0.0,0.0,0.0,0.4278825725126764,0.18308349586006578,0.07073534333262343,0.7305006207590723,1.0,7.360739903058278,1.3862943611198906,0.6625,2.0,0.05263157894736842,0.0,1.0,0.6931471805599453,0.2329580386479696,0.05946131301625004
7b_fixed,yelp,evolving_interest,50,0.5,0.5,0.0,0.4278825725126764,0.18308349586006578,0.07073534333262343,0.7305006207590723,1.0,7.857867559331803,1.791759469228055,0.6666666666666666,3.0,0.0,0.0,1.0,1.0986122886681096,0.0044511616230011875,0.08787464693263451
7b_fixed,yelp,evolving_interest,51,0.0,0.5,0.5,0.4278825725126764,0.18308349586006578,0.07073534333262343,0.7305006207590723,1.0,7.655864017616056,1.3862943611198906,0.6666666666666666,3.0,0.0,0.0,1.0,0.6931471805599453,0.467018304268519,0.10451377965670994
7b_fixed,yelp,evolving_interest,52,0.38685280723454163,0.38685280723454163,0.0,0.4278825725126764,0.18308349586006578,0.07073534333262343,0.7305006207590723,1.0,9.038602608721874,2.0794415416798357,0.6666666666666666,3.0,0.0,0.0,1.0,0.6931471805599453,0.2291262706120809,0.05647293254271161
7b_fixed,yelp,evolving_interest,53,0.6309297535714575,0.0,-0.6309297535714575,0.4278825725126764,0.18308349586006578,0.07073534333262343,0.7305006207590723,1.0,8.285513309079741,1.791759469228055,0.6666666666666666,2.0,0.05263157894736842,0.0,1.0,0.6931471805599453,0.001732242107391424,0.08703397382579729
7b_fixed,yelp,evolving_interest,54,1.0,0.6309297535714575,-0.36907024642854247,0.4278825725126764,0.18308349586006578,0.07073534333262343,0.7305006207590723,1.0,7.694392802629421,1.3862943611198906,0.6666666666666666,3.0,0.0,0.0,1.0,0.6931471805599453,0.0012877464294433483,0.0035583986067525388
7b_fixed,yelp,evolving_interest,55,0.0,0.5,0.5,0.4278825725126764,0.18308349586006578,0.07073534333262343,0.7305006207590723,1.0,8.417372856134026,1.791759469228055,0.6666666666666666,3.0,0.0,0.0,1.0,1.0986122886681096,5.65052032475144e-06,0.08257117838749728
7b_fixed,yelp,evolving_interest,56,0.0,0.0,0.0,0.4278825725126764,0.18308349586006578,0.07073534333262343,0.7305006207590723,1.0,7.726212650507529,1.791759469228055,0.6666666666666666,3.0,0.0,0.0,1.0,0.6931471805599453,0.2227070291837056,0.05193615171291922
7b_fixed,yelp,evolving_interest,57,0.0,0.0,0.0,0.4278825725126764,0.18308349586006578,0.07073534333262343,0.7305006207590723,1.0,9.684273769557766,3.4657359027997265,0.6666666666666666,2.0,0.05263157894736842,0.0,1.0,0.6931471805599453,0.002951681613922119,0.11173181099380255
7b_fixed,yelp,evolving_interest,58,1.0,0.0,-1.0,0.4278825725126764,0.18308349586006578,0.07073534333262343,0.7305006207590723,1.0,9.47639014430085,2.3978952727983707,0.6666666666666666,2.0,0.05263157894736842,0.0,1.0,0.6931471805599453,0.0005335807800292969,0.11540362251121696
7b_fixed,yelp,evolving_interest,59,0.6309297535714575,0.6309297535714575,0.0,0.4278825725126764,0.18308349586006578,0.07073534333262343,0.7305006207590723,1.0,9.068085324395312,2.3978952727983707,0.65,3.0,0.0,0.0,1.0,0.6931471805599453,0.2304495652516682,0.08271077171539899
7b_fixed,yelp,evolving_interest,60,0.0,0.38685280723454163,0.38685280723454163,0.4278825725126764,0.18308349586006578,0.07073534333262343,0.7305006207590723,1.0,8.429017500512511,2.302585092994046,0.6583333333333333,3.0,0.0,0.0,1.0,0.6931471805599453,0.23554097016652426,0.056296901397499446
7b_fixed,yelp,evolving_interest,61,0.6309297535714575,0.0,-0.6309297535714575,0.4278825725126764,0.18308349586006578,0.07073534333262343,0.7305006207590723,1.0,7.906915488678587,1.791759469228055,0.6666666666666666,3.0,0.0,0.0,1.0,0.6931471805599453,0.007212907075881958,0.10105098570581221
7b_fixed,yelp,evolving_interest,62,0.0,0.0,0.0,0.4278825725126764,0.18308349586006578,0.07073534333262343,0.7305006207590723,1.0,7.6577552711348655,1.6094379124341003,0.6625,3.0,0.0,0.0,1.0,0.6931471805599453,0.22559201320012412,0.05824817177825523
7b_fixed,yelp,evolving_interest,63,0.6309297535714575,0.38685280723454163,-0.2440769463369159,0.4278825725126764,0.18308349586006578,0.07073534333262343,0.7305006207590723,1.0,9.759501702007746,2.70805020110221,0.6625,2.0,0.05263157894736842,0.0,1.0,0.6931471805599453,0.00021518468856807083,0.11364396725951037
7b_fixed,yelp,evolving_interest,64,0.5,0.5,0.0,0.4278825725126764,0.18308349586006578,0.07073534333262343,0.7305006207590723,1.0,8.725507328484445,1.9459101490553132,0.6666666666666666,3.0,0.0,0.0,1.0,0.6931471805599453,0.0039996743202208584,0.07187973493551715
7b_fixed,yelp,evolving_interest,65,0.0,0.0,0.0,0.4278825725126764,0.18308349586006578,0.07073534333262343,0.7305006207590723,1.0,9.398063978059133,2.70805020110221,0.6666666666666666,3.0,0.0,0.0,1.0,0.6931471805599453,0.0014868915081023282,0.08569847927573875
7b_fixed,yelp,evolving_interest,66,0.0,1.0,1.0,0.4278825725126764,0.18308349586006578,0.07073534333262343,0.7305006207590723,1.0,7.462789157412448,1.3862943611198906,0.6583333333333333,3.0,0.0,0.0,1.0,0.6931471805599453,0.053419196605682395,0.08126316942869394
7b_fixed,yelp,evolving_interest,67,0.0,0.6309297535714575,0.6309297535714575,0.4278825725126764,0.18308349586006578,0.07073534333262343,0.7305006207590723,1.0,7.433666540166168,1.3862943611198906,0.6666666666666666,3.0,0.0,0.0,1.0,0.6931471805599453,0.0027168810367584895,0.09643451607650853
7b_fixed,yelp,evolving_interest,68,0.0,0.38685280723454163,0.38685280723454163,0.4278825725126764,0.18308349586006578,0.07073534333262343,0.7305006207590723,1.0,8.465478755729558,1.6094379124341003,0.6666666666666666,3.0,0.0,0.0,1.0,0.6931471805599453,0.23501976331075025,0.056445066160176034
7b_fixed,yelp,evolving_interest,69,0.0,0.38685280723454163,0.38685280723454163,0.4278825725126764,0.18308349586006578,0.07073534333262343,0.7305006207590723,1.0,8.360773272144936,1.791759469228055,0.6666666666666666,3.0,0.0,0.0,1.0,0.6931471805599453,0.0028437495231629084,0.08331445611879174
7b_fixed,yelp,evolving_interest,70,0.0,0.43067655807339306,0.43067655807339306,0.4278825725126764,0.18308349586006578,0.07073534333262343,0.7305006207590723,1.0,8.326516830239528,1.3862943611198906,0.6666666666666666,3.0,0.0,0.0,1.0,0.6931471805599453,0.002628904581069902,0.07273391659710775
7b_fixed,yelp,evolving_interest,71,0.0,0.0,0.0,0.4278825725126764,0.18308349586006578,0.07073534333262343,0.7305006207590723,1.0,8.240385115516334,1.3862943611198906,0.6666666666666666,3.0,0.0,0.0,1.0,0.6931471805599453,0.0013000845909118541,0.014657563079094755
7b_fixed,yelp,evolving_interest,72,0.0,0.38685280723454163,0.38685280723454163,0.4278825725126764,0.18308349586006578,0.07073534333262343,0.7305006207590723,1.0,9.513920399580737,2.995732273553991,0.6666666666666666,3.0,0.0,0.0,1.0,0.6931471805599453,0.0032431483268737793,0.1118103394266451
7b_fixed,yelp,evolving_interest,73,1.0,1.0,0.0,0.4278825725126764,0.18308349586006578,0.07073534333262343,0.7305006207590723,1.0,7.5569505720129,1.3862943611198906,0.6625,3.0,0.0,0.0,1.0,0.6931471805599453,0.011787056922912598,0.07400880942677487
7b_fixed,yelp,evolving_interest,74,0.6309297535714575,0.6309297535714575,0.0,0.4278825725126764,0.18308349586006578,0.07073534333262343,0.7305006207590723,1.0,7.4798641311650265,1.3862943611198906,0.6625,3.0,0.0,0.0,1.0,0.6931471805599453,0.0027122318744659535,0.030407767325608504
7b_fixed,yelp,evolving_interest,75,0.5,0.5,0.0,0.4278825725126764,0.18308349586006578,0.07073534333262343,0.7305006207590723,1.0,9.52806656577634,2.9444389791664403,0.6541666666666666,2.0,0.05263157894736842,0.0,1.0,0.6931471805599453,0.002542519569396995,0.11710091550970297
7b_fixed,yelp,evolving_interest,76,0.43067655807339306,0.6309297535714575,0.20025319549806447,0.4278825725126764,0.18308349586006578,0.07073534333262343,0.7305006207590723,1.0,8.207401833376355,1.6094379124341003,0.6666666666666666,3.0,0.0,0.0,1.0,0.6931471805599453,0.23199374874432882,0.055075239557610164
7b_fixed,yelp,evolving_interest,77,0.0,1.0,1.0,0.4278825725126764,0.18308349586006578,0.07073534333262343,0.7305006207590723,1.0,7.401231264413015,1.3862943611198906,0.6666666666666666,2.0,0.05263157894736842,0.0,1.0,0.6931471805599453,0.005304193496704079,0.07307003452792563
7b_fixed,yelp,evolving_interest,78,0.0,0.0,0.0,0.4278825725126764,0.18308349586006578,0.07073534333262343,0.7305006207590723,1.0,7.789868559054706,1.3862943611198906,0.6625,2.0,0.05263157894736842,0.0,1.0,0.6931471805599453,0.0015111029148101585,0.08309261099947307
7b_fixed,yelp,evolving_interest,79,0.43067655807339306,0.6309297535714575,0.20025319549806447,0.4278825725126764,0.18308349586006578,0.07073534333262343,0.7305006207590723,1.0,7.566311014772463,1.6094379124341003,0.6666666666666666,3.0,0.0,0.0,1.0,0.6931471805599453,0.22147646745045974,0.05041249157562921
7b_fixed,yelp,evolving_interest,80,0.43067655807339306,0.43067655807339306,0.0,0.4278825725126764,0.18308349586006578,0.07073534333262343,0.7305006207590723,1.0,9.434043766548907,2.0794415416798357,0.6666666666666666,3.0,0.0,0.0,1.0,0.6931471805599453,0.0005704700946808083,0.08383873055678942
7b_fixed,yelp,evolving_interest,81,1.0,0.0,-1.0,0.4278825725126764,0.18308349586006578,0.07073534333262343,0.7305006207590723,1.0,8.387084506069217,1.9459101490553132,0.6666666666666666,3.0,0.0,0.0,1.0,0.6931471805599453,0.002192920446395852,0.09248735727628243
7b_fixed,yelp,evolving_interest,82,1.0,1.0,0.0,0.4278825725126764,0.18308349586006578,0.07073534333262343,0.7305006207590723,1.0,7.112327444710911,1.3862943611198906,0.6625,2.0,0.05263157894736842,0.0,1.0,0.6931471805599453,0.22288548549016313,0.06680169172933442
7b_fixed,yelp,evolving_interest,83,0.6309297535714575,0.6309297535714575,0.0,0.4278825725126764,0.18308349586006578,0.07073534333262343,0.7305006207590723,1.0,7.349230824613334,1.3862943611198906,0.6625,3.0,0.0,0.0,1.0,0.6931471805599453,0.0068388998508452925,0.09491426732014276
7b_fixed,yelp,evolving_interest,84,0.0,0.5,0.5,0.4278825725126764,0.18308349586006578,0.07073534333262343,0.7305006207590723,1.0,7.8336002236611035,1.791759469228055,0.6625,3.0,0.0,0.0,1.0,0.6931471805599453,0.004064762592315696,0.08241527795563548
7b_fixed,yelp,evolving_interest,85,0.0,0.0,0.0,0.4278825725126764,0.18308349586006578,0.07073534333262343,0.7305006207590723,1.0,7.631916513071252,1.6094379124341003,0.6666666666666666,3.0,0.0,0.0,1.0,0.6931471805599453,0.0012260556221007635,0.08727608265682711
7b_fixed,yelp,evolving_interest,86,0.0,0.0,0.0,0.4278825725126764,0.18308349586006578,0.07073534333262343,0.7305006207590723,1.0,7.328437352895162,1.3862943611198906,0.6625,3.0,0.0,0.0,1.0,0.6931471805599453,0.001812404394149758,0.027354028903348888
7b_fixed,yelp,evolving_interest,87,0.0,0.0,0.0,0.4278825725126764,0.18308349586006578,0.07073534333262343,0.7305006207590723,1.0,8.744647438317532,2.302585092994046,0.6625,3.0,0.0,0.0,1.0,0.6931471805599453,0.00013906359672544166,0.11619649796229362
7b_fixed,yelp,evolving_interest,88,0.0,0.0,0.0,0.4278825725126764,0.18308349586006578,0.07073534333262343,0.7305006207590723,1.0,9.695725103260221,2.995732273553991,0.6541666666666666,3.0,0.0,0.0,1.0,0.6931471805599453,0.0022989034652710627,0.11983529740539962
7b_fixed,yelp,evolving_interest,89,0.0,1.0,1.0,0.4278825725126764,0.18308349586006578,0.07073534333262343,0.7305006207590723,1.0,8.506536611227709,2.0794415416798357,0.6583333333333333,2.0,0.05263157894736842,0.0,1.0,0.6931471805599453,0.00603169798851011,0.08726028920274793
7b_fixed,yelp,evolving_interest,90,1.0,1.0,0.0,0.4278825725126764,0.18308349586006578,0.07073534333262343,0.7305006207590723,1.0,7.507690077819904,1.6094379124341003,0.6666666666666666,3.0,0.0,0.0,1.0,0.6931471805599453,0.0030800163745879905,0.08942195398285671
7b_fixed,yelp,evolving_interest,91,0.5,0.5,0.0,0.4278825725126764,0.18308349586006578,0.07073534333262343,0.7305006207590723,1.0,8.326758814511733,1.6094379124341003,0.6625,3.0,0.0,0.0,1.0,0.6931471805599453,0.003927773237228427,0.039233365312200216
7b_fixed,yelp,evolving_interest,92,1.0,1.0,0.0,0.4278825725126764,0.18308349586006578,0.07073534333262343,0.7305006207590723,1.0,8.498418036089904,1.9459101490553132,0.6666666666666666,3.0,0.0,0.0,1.0,0.6931471805599453,0.20153182943662012,0.04531148508918597
